<?xml version="1.0" encoding="utf-8"?>
<COLLADA xmlns="http://www.collada.org/2005/11/COLLADASchema" version="1.4.1" xmlns:xsi="http://www.w3.org/2001/XMLSchema-instance">
  <asset>
    <contributor>
      <author>Blender User</author>
      <authoring_tool>Blender 2.93.11 commit date:2022-10-04, commit time:18:12, hash:d52a0fa11595</authoring_tool>
    </contributor>
    <created>2024-03-24T13:37:15</created>
    <modified>2024-03-24T13:37:15</modified>
    <unit name="meter" meter="1"/>
    <up_axis>Z_UP</up_axis>
  </asset>
  <library_effects>
    <effect id="xsky_obj_timering_ring-effect">
      <profile_COMMON>
        <newparam sid="xsky_obj_timering01_dif_png-surface">
          <surface type="2D">
            <init_from>xsky_obj_timering01_dif_png</init_from>
          </surface>
        </newparam>
        <newparam sid="xsky_obj_timering01_dif_png-sampler">
          <sampler2D>
            <source>xsky_obj_timering01_dif_png-surface</source>
          </sampler2D>
        </newparam>
        <technique sid="common">
          <lambert>
            <emission>
              <color sid="emission">0 0 0 1</color>
            </emission>
            <diffuse>
              <texture texture="xsky_obj_timering01_dif_png-sampler" texcoord="UVChannel_1"/>
            </diffuse>
            <index_of_refraction>
              <float sid="ior">1.45</float>
            </index_of_refraction>
          </lambert>
        </technique>
      </profile_COMMON>
    </effect>
    <effect id="xsky_obj_timering_clock-effect">
      <profile_COMMON>
        <newparam sid="xsky_obj_timering01_dif_png-surface">
          <surface type="2D">
            <init_from>xsky_obj_timering01_dif_png</init_from>
          </surface>
        </newparam>
        <newparam sid="xsky_obj_timering01_dif_png-sampler">
          <sampler2D>
            <source>xsky_obj_timering01_dif_png-surface</source>
          </sampler2D>
        </newparam>
        <technique sid="common">
          <lambert>
            <emission>
              <color sid="emission">0 0 0 1</color>
            </emission>
            <diffuse>
              <texture texture="xsky_obj_timering01_dif_png-sampler" texcoord="UVChannel_1"/>
            </diffuse>
            <index_of_refraction>
              <float sid="ior">1.45</float>
            </index_of_refraction>
          </lambert>
        </technique>
      </profile_COMMON>
    </effect>
    <effect id="xsky_obj_timering_hand-effect">
      <profile_COMMON>
        <newparam sid="xsky_obj_timering01_dif_png-surface">
          <surface type="2D">
            <init_from>xsky_obj_timering01_dif_png</init_from>
          </surface>
        </newparam>
        <newparam sid="xsky_obj_timering01_dif_png-sampler">
          <sampler2D>
            <source>xsky_obj_timering01_dif_png-surface</source>
          </sampler2D>
        </newparam>
        <technique sid="common">
          <lambert>
            <emission>
              <color sid="emission">0 0 0 1</color>
            </emission>
            <diffuse>
              <texture texture="xsky_obj_timering01_dif_png-sampler" texcoord="UVChannel_1"/>
            </diffuse>
            <index_of_refraction>
              <float sid="ior">1.45</float>
            </index_of_refraction>
          </lambert>
        </technique>
      </profile_COMMON>
    </effect>
    <effect id="xsky_obj_timering_edge-effect">
      <profile_COMMON>
        <newparam sid="xsky_obj_timering01_dif_png-surface">
          <surface type="2D">
            <init_from>xsky_obj_timering01_dif_png</init_from>
          </surface>
        </newparam>
        <newparam sid="xsky_obj_timering01_dif_png-sampler">
          <sampler2D>
            <source>xsky_obj_timering01_dif_png-surface</source>
          </sampler2D>
        </newparam>
        <technique sid="common">
          <lambert>
            <emission>
              <color sid="emission">0 0 0 1</color>
            </emission>
            <diffuse>
              <texture texture="xsky_obj_timering01_dif_png-sampler" texcoord="UVChannel_1"/>
            </diffuse>
            <index_of_refraction>
              <float sid="ior">1.45</float>
            </index_of_refraction>
          </lambert>
        </technique>
      </profile_COMMON>
    </effect>
    <effect id="xsky_obj_timering_board-effect">
      <profile_COMMON>
        <newparam sid="xsky_obj_timering01_dif_png-surface">
          <surface type="2D">
            <init_from>xsky_obj_timering01_dif_png</init_from>
          </surface>
        </newparam>
        <newparam sid="xsky_obj_timering01_dif_png-sampler">
          <sampler2D>
            <source>xsky_obj_timering01_dif_png-surface</source>
          </sampler2D>
        </newparam>
        <technique sid="common">
          <lambert>
            <emission>
              <color sid="emission">0 0 0 1</color>
            </emission>
            <diffuse>
              <texture texture="xsky_obj_timering01_dif_png-sampler" texcoord="UVChannel_1"/>
            </diffuse>
            <index_of_refraction>
              <float sid="ior">1.45</float>
            </index_of_refraction>
          </lambert>
        </technique>
      </profile_COMMON>
    </effect>
  </library_effects>
  <library_images>
    <image id="xsky_obj_timering01_dif_png" name="xsky_obj_timering01_dif_png">
      <init_from>xsky_obj_timering01_dif.png</init_from>
    </image>
  </library_images>
  <library_materials>
    <material id="xsky_obj_timering_ring-material" name="xsky_obj_timering_ring">
      <instance_effect url="#xsky_obj_timering_ring-effect"/>
    </material>
    <material id="xsky_obj_timering_clock-material" name="xsky_obj_timering_clock">
      <instance_effect url="#xsky_obj_timering_clock-effect"/>
    </material>
    <material id="xsky_obj_timering_hand-material" name="xsky_obj_timering_hand">
      <instance_effect url="#xsky_obj_timering_hand-effect"/>
    </material>
    <material id="xsky_obj_timering_edge-material" name="xsky_obj_timering_edge">
      <instance_effect url="#xsky_obj_timering_edge-effect"/>
    </material>
    <material id="xsky_obj_timering_board-material" name="xsky_obj_timering_board">
      <instance_effect url="#xsky_obj_timering_board-effect"/>
    </material>
  </library_materials>
  <library_geometries>
    <geometry id="xsky_obj_timering_mesh-mesh" name="xsky_obj_timering_mesh">
      <mesh>
        <source id="xsky_obj_timering_mesh-mesh-positions">
          <float_array id="xsky_obj_timering_mesh-mesh-positions-array" count="6312">0 2.507121 -2.40184e-4 0.3859124 2.436571 0.1497666 0 2.466943 0.1497637 0.3921999 2.476254 -2.37227e-4 0.3687347 2.328126 0.2595846 0 2.357146 0.2595818 0.3452696 2.179976 0.2997912 0 2.20715 0.2997885 0.3218044 2.031819 0.259613 0 2.057146 0.2596105 0.3046267 1.923353 0.1498157 0 1.947328 0.1498134 0.2983393 1.883641 -1.80409e-4 0 1.907121 -1.82658e-4 0.3046267 1.923324 -0.1501842 0 1.947299 -0.1501865 0.3218044 2.031769 -0.2600022 0 2.057096 -0.2600046 0.3452695 2.179919 -0.3002088 0 2.207092 -0.3002114 0.3687347 2.328076 -0.2600308 0 2.357096 -0.2600335 0.3859124 2.436542 -0.1502336 0 2.466914 -0.1502365 0.3921999 2.476254 -2.37227e-4 0 2.507121 -2.40184e-4 0.7623228 2.346203 0.1497752 0.7747429 2.384414 -2.28428e-4 0.7283904 2.24178 0.2595928 0.6820378 2.099126 0.2997989 0.6356853 1.956463 0.2596202 0.6017529 1.852019 0.1498226 0.5893328 1.81378 -1.73716e-4 0.6017529 1.851991 -0.1501773 0.6356853 1.956413 -0.259995 0.6820378 2.099068 -0.3002011 0.7283903 2.24173 -0.2600225 0.7623228 2.346174 -0.1502249 0.7747429 2.384414 -2.28428e-4 1.119962 2.198064 0.1497894 1.138209 2.233861 -2.14005e-4 1.070111 2.100235 0.2596064 1.002012 1.966588 0.2998116 0.9339134 1.832933 0.259632 0.8840618 1.735083 0.1498337 0.8658148 1.699257 -1.62744e-4 0.8840618 1.735055 -0.1501662 0.9339134 1.832883 -0.2599831 1.002012 1.96653 -0.3001884 1.07011 2.100185 -0.2600089 1.119962 2.198035 -0.1502107 1.138209 2.233861 -2.14005e-4 1.450024 1.995801 0.1498088 1.473649 2.028303 -1.94313e-4 1.385481 1.906976 0.259625 1.297313 1.785627 0.299829 1.209145 1.664271 0.2596482 1.144602 1.575424 0.1498491 1.120978 1.542893 -1.47765e-4 1.144602 1.575395 -0.1501508 1.209145 1.664221 -0.259967 1.297313 1.785569 -0.3001711 1.385481 1.906926 -0.2599904 1.450024 1.995773 -0.1501914 1.473649 2.028303 -1.94313e-4 1.744382 1.744396 0.1498329 1.772802 1.772802 -1.69835e-4 1.666736 1.666761 0.259648 1.56067 1.560699 0.2998505 1.454604 1.454629 0.2596682 1.376959 1.376973 0.1498681 1.348538 1.348538 -1.29145e-4 1.376959 1.376944 -0.1501318 1.454604 1.454579 -0.2599469 1.56067 1.560641 -0.3001495 1.666736 1.666711 -0.2599674 1.744382 1.744368 -0.1501672 1.772802 1.772802 -1.69835e-4 1.995787 1.450039 0.149861 2.028303 1.473649 -1.41176e-4 1.906951 1.385506 0.2596749 1.785598 1.297342 0.2998757 1.664246 1.20917 0.2596918 1.57541 1.144616 0.1498904 1.542893 1.120977 -1.07345e-4 1.57541 1.144588 -0.1501095 1.664246 1.20912 -0.2599234 1.785598 1.297284 -0.3001243 1.906951 1.385456 -0.2599405 1.995787 1.45001 -0.150139 2.028303 1.473649 -1.41176e-4 2.198049 1.119976 0.1498927 2.233861 1.138209 -1.09041e-4 2.10021 1.070135 0.2597051 1.966559 1.002041 0.299904 1.832908 0.9339382 0.2597181 1.735069 0.8840761 0.1499153 1.699257 0.8658147 -8.29002e-5 1.735069 0.8840472 -0.1500846 1.832908 0.9338884 -0.2598971 1.966559 1.001983 -0.300096 2.10021 1.070085 -0.2599102 2.198049 1.119948 -0.1501075 2.233861 1.138209 -1.09041e-4 2.346189 0.7623371 0.149927 2.384414 0.7747429 -7.42208e-5 2.241755 0.7284152 0.2597379 2.099097 0.6820665 0.2999346 1.956438 0.6357101 0.2597467 1.852005 0.6017672 0.1499423 1.81378 0.5893327 -5.64131e-5 1.852005 0.6017385 -0.1500576 1.956438 0.6356604 -0.2598685 2.099097 0.6820089 -0.3000653 2.241755 0.7283654 -0.2598775 2.346189 0.7623084 -0.1500732 2.384414 0.7747429 -7.42208e-5 2.436557 0.3859269 0.149963 2.476254 0.3922 -3.7573e-5 2.328101 0.3687597 0.2597723 2.179948 0.3452984 0.2999669 2.031794 0.3218294 0.2597768 1.923339 0.3046412 0.1499708 1.883641 0.2983393 -2.85358e-5 1.923339 0.3046125 -0.1500291 2.031794 0.3217796 -0.2598384 2.179948 0.3452409 -0.300033 2.328101 0.3687099 -0.2598431 2.436557 0.3858981 -0.1500371 2.476254 0.3922 -3.7573e-5 2.466928 1.4223e-5 0.15 2.507121 -1.49436e-7 0 2.357121 2.47492e-5 0.2598077 2.207121 2.86086e-5 0.3 2.057121 2.47671e-5 0.2598076 1.947313 1.4254e-5 0.15 1.907121 0 0 1.947313 -1.44861e-5 -0.1499999 2.057121 -2.50123e-5 -0.2598075 2.207121 -2.88717e-5 -0.3 2.357121 -2.50302e-5 -0.2598077 2.466928 -1.45171e-5 -0.1500002 2.507121 -1.49436e-7 0 2.436557 -0.3858984 0.1500369 2.476254 -0.3922002 3.7573e-5 2.328101 -0.3687102 0.2598429 2.179948 -0.3452411 0.300033 2.031794 -0.3217798 0.2598384 1.923339 -0.3046126 0.1500292 1.883641 -0.2983396 2.86264e-5 1.923339 -0.3046414 -0.1499707 2.031794 -0.3218296 -0.2597767 2.179947 -0.3452986 -0.2999669 2.328101 -0.3687599 -0.2597724 2.436557 -0.3859272 -0.1499632 2.476254 -0.3922002 3.7573e-5 2.346188 -0.7623087 0.150073 2.384413 -0.7747431 7.42208e-5 2.241755 -0.7283657 0.2598774 2.099097 -0.6820093 0.3000653 1.956438 -0.6356606 0.2598685 1.852005 -0.6017387 0.1500576 1.81378 -0.5893329 5.65037e-5 1.852005 -0.6017674 -0.1499423 1.956438 -0.6357104 -0.2597467 2.099097 -0.6820667 -0.2999346 2.241755 -0.7284154 -0.2597379 2.346188 -0.7623374 -0.1499271 2.384413 -0.7747431 7.42208e-5 2.198049 -1.119948 0.1501073 2.233861 -1.138209 1.09041e-4 2.10021 -1.070086 0.2599102 1.966559 -1.001983 0.300096 1.832908 -0.9338886 0.2598971 1.735069 -0.8840475 0.1500847 1.699257 -0.8658149 8.29908e-5 1.735069 -0.8840763 -0.1499152 1.832908 -0.9339385 -0.2597181 1.966559 -1.002041 -0.299904 2.10021 -1.070135 -0.2597052 2.198049 -1.119977 -0.1498929 2.233861 -1.138209 1.09041e-4 1.995787 -1.45001 0.1501389 2.028303 -1.473649 1.41176e-4 1.906951 -1.385456 0.2599403 1.785598 -1.297284 0.3001243 1.664246 -1.209121 0.2599235 1.575409 -1.144588 0.1501097 1.542893 -1.120978 1.07436e-4 1.575409 -1.144616 -0.1498903 1.664246 -1.20917 -0.2596917 1.785598 -1.297342 -0.2998757 1.906951 -1.385506 -0.259675 1.995787 -1.450039 -0.1498612 2.028303 -1.473649 1.41176e-4 1.744382 -1.744368 0.1501671 1.772802 -1.772802 1.69835e-4 1.666736 -1.666711 0.2599673 1.56067 -1.560642 0.3001495 1.454604 -1.454579 0.259947 1.376958 -1.376944 0.1501319 1.348538 -1.348538 1.29236e-4 1.376958 -1.376973 -0.149868 1.454604 -1.454629 -0.2596682 1.56067 -1.560699 -0.2998505 1.666736 -1.666761 -0.259648 1.744382 -1.744396 -0.149833 1.772802 -1.772802 1.69835e-4 1.450024 -1.995773 0.1501912 1.473649 -2.028304 1.94313e-4 1.385481 -1.906926 0.2599903 1.297313 -1.78557 0.3001711 1.209145 -1.664221 0.259967 1.144602 -1.575395 0.1501509 1.120977 -1.542893 1.47855e-4 1.144602 -1.575424 -0.149849 1.209145 -1.664271 -0.2596482 1.297313 -1.785627 -0.299829 1.385481 -1.906976 -0.259625 1.450024 -1.995802 -0.149809 1.473649 -2.028304 1.94313e-4 1.119962 -2.198035 0.1502106 1.138209 -2.233861 2.14005e-4 1.07011 -2.100185 0.2600088 1.002012 -1.96653 0.3001884 0.9339132 -1.832883 0.2599832 0.8840616 -1.735055 0.1501662 0.8658146 -1.699257 1.62835e-4 0.8840616 -1.735083 -0.1498337 0.9339132 -1.832933 -0.2596319 1.002012 -1.966588 -0.2998116 1.07011 -2.100235 -0.2596065 1.119962 -2.198064 -0.1497896 1.138209 -2.233861 2.14005e-4 0.7623228 -2.346174 0.1502248 0.7747429 -2.384414 2.28428e-4 0.7283904 -2.24173 0.2600224 0.6820378 -2.099068 0.3002011 0.6356853 -1.956413 0.2599951 0.6017529 -1.851991 0.1501774 0.5893328 -1.81378 1.73806e-4 0.6017529 -1.852019 -0.1498225 0.6356853 -1.956463 -0.2596201 0.6820378 -2.099125 -0.2997989 0.7283903 -2.24178 -0.259593 0.7623228 -2.346203 -0.1497754 0.7747429 -2.384414 2.28428e-4 0.3859124 -2.436542 0.1502334 0.3921999 -2.476254 2.37227e-4 0.3687347 -2.328076 0.2600307 0.3452696 -2.179919 0.3002088 0.3218044 -2.031769 0.2600023 0.3046267 -1.923324 0.1501843 0.2983393 -1.883641 1.80499e-4 0.3046267 -1.923353 -0.1498156 0.3218044 -2.031819 -0.2596129 0.3452695 -2.179976 -0.2997912 0.3687347 -2.328126 -0.2595847 0.3859124 -2.436571 -0.1497668 0.3921999 -2.476254 2.37227e-4 0 -2.466914 0.1502363 0 -2.507121 2.40184e-4 0 -2.357096 0.2600334 0 -2.207092 0.3002114 0 -2.057096 0.2600047 0 -1.947299 0.1501865 0 -1.907121 1.82749e-4 0 -1.947328 -0.1498134 0 -2.057146 -0.2596105 0 -2.207149 -0.2997885 0 -2.357146 -0.2595819 0 -2.466943 -0.1497638 0 -2.507121 2.40184e-4 -0.3859124 2.436571 0.1497666 -0.3921999 2.476254 -2.37227e-4 -0.3687347 2.328126 0.2595846 -0.3452696 2.179976 0.2997912 -0.3218044 2.031819 0.259613 -0.3046267 1.923353 0.1498157 -0.2983393 1.883641 -1.80409e-4 -0.3046267 1.923324 -0.1501842 -0.3218044 2.031769 -0.2600022 -0.3452695 2.179919 -0.3002088 -0.3687347 2.328076 -0.2600308 -0.3859124 2.436542 -0.1502336 -0.3921999 2.476254 -2.37227e-4 -0.7623228 2.346203 0.1497752 -0.7747429 2.384414 -2.28428e-4 -0.7283904 2.24178 0.2595928 -0.6820378 2.099126 0.2997989 -0.6356853 1.956463 0.2596202 -0.6017529 1.852019 0.1498226 -0.5893328 1.81378 -1.73716e-4 -0.6017529 1.851991 -0.1501773 -0.6356853 1.956413 -0.259995 -0.6820378 2.099068 -0.3002011 -0.7283903 2.24173 -0.2600225 -0.7623228 2.346174 -0.1502249 -0.7747429 2.384414 -2.28428e-4 -1.119962 2.198064 0.1497894 -1.138209 2.233861 -2.14005e-4 -1.070111 2.100235 0.2596064 -1.002012 1.966588 0.2998116 -0.9339134 1.832933 0.259632 -0.8840618 1.735083 0.1498337 -0.8658148 1.699257 -1.62744e-4 -0.8840618 1.735055 -0.1501662 -0.9339134 1.832883 -0.2599831 -1.002012 1.96653 -0.3001884 -1.07011 2.100185 -0.2600089 -1.119962 2.198035 -0.1502107 -1.138209 2.233861 -2.14005e-4 -1.450024 1.995801 0.1498088 -1.473649 2.028303 -1.94313e-4 -1.385481 1.906976 0.259625 -1.297313 1.785627 0.299829 -1.209145 1.664271 0.2596482 -1.144602 1.575424 0.1498491 -1.120978 1.542893 -1.47765e-4 -1.144602 1.575395 -0.1501508 -1.209145 1.664221 -0.259967 -1.297313 1.785569 -0.3001711 -1.385481 1.906926 -0.2599904 -1.450024 1.995773 -0.1501914 -1.473649 2.028303 -1.94313e-4 -1.744382 1.744396 0.1498329 -1.772802 1.772802 -1.69835e-4 -1.666736 1.666761 0.259648 -1.56067 1.560699 0.2998505 -1.454604 1.454629 0.2596682 -1.376959 1.376973 0.1498681 -1.348538 1.348538 -1.29145e-4 -1.376959 1.376944 -0.1501318 -1.454604 1.454579 -0.2599469 -1.56067 1.560641 -0.3001495 -1.666736 1.666711 -0.2599674 -1.744382 1.744368 -0.1501672 -1.772802 1.772802 -1.69835e-4 -1.995787 1.450039 0.149861 -2.028303 1.473649 -1.41176e-4 -1.906951 1.385506 0.2596749 -1.785598 1.297342 0.2998757 -1.664246 1.20917 0.2596918 -1.57541 1.144616 0.1498904 -1.542893 1.120977 -1.07345e-4 -1.57541 1.144588 -0.1501095 -1.664246 1.20912 -0.2599234 -1.785598 1.297284 -0.3001243 -1.906951 1.385456 -0.2599405 -1.995787 1.45001 -0.150139 -2.028303 1.473649 -1.41176e-4 -2.198049 1.119976 0.1498927 -2.233861 1.138209 -1.09041e-4 -2.10021 1.070135 0.2597051 -1.966559 1.002041 0.299904 -1.832908 0.9339382 0.2597181 -1.735069 0.8840761 0.1499153 -1.699257 0.8658147 -8.29002e-5 -1.735069 0.8840472 -0.1500846 -1.832908 0.9338884 -0.2598971 -1.966559 1.001983 -0.300096 -2.10021 1.070085 -0.2599102 -2.198049 1.119948 -0.1501075 -2.233861 1.138209 -1.09041e-4 -2.346189 0.7623371 0.149927 -2.384414 0.7747429 -7.42208e-5 -2.241755 0.7284152 0.2597379 -2.099097 0.6820665 0.2999346 -1.956438 0.6357101 0.2597467 -1.852005 0.6017672 0.1499423 -1.81378 0.5893327 -5.64131e-5 -1.852005 0.6017385 -0.1500576 -1.956438 0.6356604 -0.2598685 -2.099097 0.6820089 -0.3000653 -2.241755 0.7283654 -0.2598775 -2.346189 0.7623084 -0.1500732 -2.384414 0.7747429 -7.42208e-5 -2.436557 0.3859269 0.149963 -2.476254 0.3922 -3.7573e-5 -2.328101 0.3687597 0.2597723 -2.179948 0.3452984 0.2999669 -2.031794 0.3218294 0.2597768 -1.923339 0.3046412 0.1499708 -1.883641 0.2983393 -2.85358e-5 -1.923339 0.3046125 -0.1500291 -2.031794 0.3217796 -0.2598384 -2.179948 0.3452409 -0.300033 -2.328101 0.3687099 -0.2598431 -2.436557 0.3858981 -0.1500371 -2.476254 0.3922 -3.7573e-5 -2.466928 1.4223e-5 0.15 -2.507121 -1.49436e-7 0 -2.357121 2.47492e-5 0.2598077 -2.207121 2.86086e-5 0.3 -2.057121 2.47671e-5 0.2598076 -1.947313 1.4254e-5 0.15 -1.907121 0 0 -1.947313 -1.44861e-5 -0.1499999 -2.057121 -2.50123e-5 -0.2598075 -2.207121 -2.88717e-5 -0.3 -2.357121 -2.50302e-5 -0.2598077 -2.466928 -1.45171e-5 -0.1500002 -2.507121 -1.49436e-7 0 -2.436557 -0.3858984 0.1500369 -2.476254 -0.3922002 3.7573e-5 -2.328101 -0.3687102 0.2598429 -2.179948 -0.3452411 0.300033 -2.031794 -0.3217798 0.2598384 -1.923339 -0.3046126 0.1500292 -1.883641 -0.2983396 2.86264e-5 -1.923339 -0.3046414 -0.1499707 -2.031794 -0.3218296 -0.2597767 -2.179947 -0.3452986 -0.2999669 -2.328101 -0.3687599 -0.2597724 -2.436557 -0.3859272 -0.1499632 -2.476254 -0.3922002 3.7573e-5 -2.346188 -0.7623087 0.150073 -2.384413 -0.7747431 7.42208e-5 -2.241755 -0.7283657 0.2598774 -2.099097 -0.6820093 0.3000653 -1.956438 -0.6356606 0.2598685 -1.852005 -0.6017387 0.1500576 -1.81378 -0.5893329 5.65037e-5 -1.852005 -0.6017674 -0.1499423 -1.956438 -0.6357104 -0.2597467 -2.099097 -0.6820667 -0.2999346 -2.241755 -0.7284154 -0.2597379 -2.346188 -0.7623374 -0.1499271 -2.384413 -0.7747431 7.42208e-5 -2.198049 -1.119948 0.1501073 -2.233861 -1.138209 1.09041e-4 -2.10021 -1.070086 0.2599102 -1.966559 -1.001983 0.300096 -1.832908 -0.9338886 0.2598971 -1.735069 -0.8840475 0.1500847 -1.699257 -0.8658149 8.29908e-5 -1.735069 -0.8840763 -0.1499152 -1.832908 -0.9339385 -0.2597181 -1.966559 -1.002041 -0.299904 -2.10021 -1.070135 -0.2597052 -2.198049 -1.119977 -0.1498929 -2.233861 -1.138209 1.09041e-4 -1.995787 -1.45001 0.1501389 -2.028303 -1.473649 1.41176e-4 -1.906951 -1.385456 0.2599403 -1.785598 -1.297284 0.3001243 -1.664246 -1.209121 0.2599235 -1.575409 -1.144588 0.1501097 -1.542893 -1.120978 1.07436e-4 -1.575409 -1.144616 -0.1498903 -1.664246 -1.20917 -0.2596917 -1.785598 -1.297342 -0.2998757 -1.906951 -1.385506 -0.259675 -1.995787 -1.450039 -0.1498612 -2.028303 -1.473649 1.41176e-4 -1.744382 -1.744368 0.1501671 -1.772802 -1.772802 1.69835e-4 -1.666736 -1.666711 0.2599673 -1.56067 -1.560642 0.3001495 -1.454604 -1.454579 0.259947 -1.376958 -1.376944 0.1501319 -1.348538 -1.348538 1.29236e-4 -1.376958 -1.376973 -0.149868 -1.454604 -1.454629 -0.2596682 -1.56067 -1.560699 -0.2998505 -1.666736 -1.666761 -0.259648 -1.744382 -1.744396 -0.149833 -1.772802 -1.772802 1.69835e-4 -1.450024 -1.995773 0.1501912 -1.473649 -2.028304 1.94313e-4 -1.385481 -1.906926 0.2599903 -1.297313 -1.78557 0.3001711 -1.209145 -1.664221 0.259967 -1.144602 -1.575395 0.1501509 -1.120977 -1.542893 1.47855e-4 -1.144602 -1.575424 -0.149849 -1.209145 -1.664271 -0.2596482 -1.297313 -1.785627 -0.299829 -1.385481 -1.906976 -0.259625 -1.450024 -1.995802 -0.149809 -1.473649 -2.028304 1.94313e-4 -1.119962 -2.198035 0.1502106 -1.138209 -2.233861 2.14005e-4 -1.07011 -2.100185 0.2600088 -1.002012 -1.96653 0.3001884 -0.9339132 -1.832883 0.2599832 -0.8840616 -1.735055 0.1501662 -0.8658146 -1.699257 1.62835e-4 -0.8840616 -1.735083 -0.1498337 -0.9339132 -1.832933 -0.2596319 -1.002012 -1.966588 -0.2998116 -1.07011 -2.100235 -0.2596065 -1.119962 -2.198064 -0.1497896 -1.138209 -2.233861 2.14005e-4 -0.7623228 -2.346174 0.1502248 -0.7747429 -2.384414 2.28428e-4 -0.7283904 -2.24173 0.2600224 -0.6820378 -2.099068 0.3002011 -0.6356853 -1.956413 0.2599951 -0.6017529 -1.851991 0.1501774 -0.5893328 -1.81378 1.73806e-4 -0.6017529 -1.852019 -0.1498225 -0.6356853 -1.956463 -0.2596201 -0.6820378 -2.099125 -0.2997989 -0.7283903 -2.24178 -0.259593 -0.7623228 -2.346203 -0.1497754 -0.7747429 -2.384414 2.28428e-4 -0.3859124 -2.436542 0.1502334 -0.3921999 -2.476254 2.37227e-4 -0.3687347 -2.328076 0.2600307 -0.3452696 -2.179919 0.3002088 -0.3218044 -2.031769 0.2600023 -0.3046267 -1.923324 0.1501843 -0.2983393 -1.883641 1.80499e-4 -0.3046267 -1.923353 -0.1498156 -0.3218044 -2.031819 -0.2596129 -0.3452695 -2.179976 -0.2997912 -0.3687347 -2.328126 -0.2595847 -0.3859124 -2.436571 -0.1497668 -0.3921999 -2.476254 2.37227e-4 -0.6514947 1.429212 0.1744302 -0.6744769 1.18066 -1.13181e-4 -0.6744769 1.429196 -1.37002e-4 -0.6514947 1.180677 0.174454 -0.5841143 1.429228 0.3371011 -0.5841143 1.180693 0.3371249 -0.4769274 1.429241 0.4767902 -0.4769274 1.180706 0.4768137 -0.3372387 1.429252 0.5839773 -0.3372386 1.180716 0.5840008 -0.1745674 1.429258 0.6513579 -0.1745674 1.180723 0.6513814 3.29659e-7 1.42926 0.6743401 3.29659e-7 1.180725 0.6743637 0.174568 1.429258 0.6513578 0.174568 1.180723 0.6513814 0.3372392 1.429252 0.5839767 0.3372392 1.180716 0.5840005 0.4769279 1.429241 0.4767893 0.4769279 1.180706 0.4768131 0.5841148 1.429228 0.3371003 0.5841148 1.180693 0.3371239 0.6514951 1.429212 0.1744288 0.6514951 1.180677 0.1744526 0.6744769 1.429196 -1.37002e-4 0.6744769 1.18066 -1.13181e-4 -0.6005812 1.122143 0.1608174 -0.6744769 1.18066 -1.13181e-4 -0.6514947 1.180677 0.174454 -0.6217675 1.122128 -1.07571e-4 -0.6217675 1.476098 -1.41497e-4 -0.6514947 1.429212 0.1744302 -0.6744769 1.429196 -1.37002e-4 -0.6005812 1.476113 0.1607834 -0.5384665 1.122158 0.3107759 -0.5841143 1.180693 0.3371249 -0.5841143 1.429228 0.3371011 -0.5384665 1.476127 0.3107418 -0.4396562 1.12217 0.4395481 -0.4769274 1.180706 0.4768137 -0.4769274 1.429241 0.4767902 -0.4396562 1.47614 0.4395142 -0.3108839 1.12218 0.5383586 -0.3372386 1.180716 0.5840008 -0.3372387 1.429252 0.5839773 -0.3108839 1.47615 0.5383253 -0.1609252 1.122186 0.6004737 -0.1745674 1.180723 0.6513814 -0.1745674 1.429258 0.6513579 -0.1609252 1.476155 0.6004402 3.1395e-7 1.122188 0.6216599 3.29659e-7 1.180725 0.6743637 3.29659e-7 1.42926 0.6743401 3.08059e-7 1.476158 0.6216264 0.1609258 1.122186 0.6004736 0.174568 1.180723 0.6513814 0.174568 1.429258 0.6513578 0.1609258 1.476155 0.60044 0.3108844 1.12218 0.5383584 0.3372392 1.180716 0.5840005 0.3372392 1.429252 0.5839767 0.3108844 1.47615 0.5383248 0.4396567 1.12217 0.4395476 0.4769279 1.180706 0.4768131 0.4769279 1.429241 0.4767893 0.4396567 1.47614 0.4395137 0.5384671 1.122158 0.310775 0.5841148 1.180693 0.3371239 0.5841148 1.429228 0.3371003 0.5384671 1.476127 0.310741 0.6005817 1.122143 0.1608161 0.6514951 1.180677 0.1744526 0.6514951 1.429212 0.1744288 0.6005817 1.476113 0.1607822 0.6217675 1.122128 -1.07571e-4 0.6744769 1.18066 -1.13181e-4 0.6744769 1.429196 -1.37002e-4 0.6217675 1.476098 -1.41497e-4 -0.2440903 1.157081 -1.10921e-4 -0.2113885 0.928829 0.121956 -0.2440903 0.9288173 -8.90434e-5 -0.2113885 1.157093 0.1219341 -0.1220452 0.9288375 0.2112994 -0.1220452 1.157101 0.2112775 1.19302e-7 0.9288406 0.2440013 1.19302e-7 1.157104 0.2439794 1.19302e-7 1.157104 0.2439794 0.1220455 0.9288375 0.2112993 1.19302e-7 0.9288406 0.2440013 0.1220455 1.157101 0.2112774 0.2113887 0.928829 0.1219556 0.2113887 1.157093 0.1219338 0.2440903 0.9288173 -8.90434e-5 0.2440903 1.157081 -1.10921e-4 -1.130014 0.5621492 0.02595698 -0.9227516 0.416251 0.06889498 -0.9359849 0.4004755 0.01919388 -1.116221 0.5785915 0.06887942 -0.8928596 0.4518782 0.1045749 -1.086329 0.6142187 0.1045594 -0.8555042 0.4963976 0.1122217 -1.048974 0.6587381 0.1122061 -0.8206943 0.5378801 0.08978611 -1.014164 0.7002206 0.08977055 -0.7977575 0.5652107 0.04327982 -0.9912271 0.7275512 0.04326426 -0.7940902 0.5695769 -5.46123e-5 -0.9875601 0.7319172 -7.01717e-5 -1.326997 0.5926885 0.1238002 -1.203694 0.4458904 -4.27576e-5 -1.348329 0.5672535 -5.43896e-5 -1.182362 0.4713253 0.1238119 -1.268715 0.6621541 0.2144634 -1.124081 0.540791 0.214475 -1.189101 0.7570376 0.2476418 -1.044467 0.6356745 0.2476534 -1.109487 0.8519145 0.2144451 -0.9648526 0.7305515 0.2144567 -1.051206 0.9213628 0.1237683 -0.9065712 0.7999999 0.12378 -1.029874 0.9467738 -9.07644e-5 -0.885239 0.8254108 -7.91325e-5 -1.122973 0.4582005 0.107577 -1.203694 0.4458904 -4.27576e-5 -1.182362 0.4713253 0.1238119 -1.141509 0.4360998 -4.18193e-5 -1.36877 0.6267943 -6.00962e-5 -1.326997 0.5926885 0.1238002 -1.348329 0.5672535 -5.43896e-5 -1.350234 0.648895 0.1075588 -1.072331 0.5185602 0.1863554 -1.124081 0.540791 0.214475 -1.268715 0.6621541 0.2144634 -1.299592 0.7092548 0.1863371 -1.003154 0.6010056 0.2151845 -1.044467 0.6356745 0.2476534 -1.189101 0.7570376 0.2476418 -1.230414 0.7917001 0.2151663 -0.9339759 0.6834455 0.1863395 -0.9648526 0.7305515 0.2144567 -1.109487 0.8519145 0.2144451 -1.161237 0.87414 0.1863212 -0.8833345 0.74379 0.1075493 -0.9065712 0.7999999 0.12378 -1.051206 0.9213628 0.1237683 -1.110595 0.9344847 0.107531 -0.8647982 0.7658705 -7.34259e-5 -0.885239 0.8254108 -7.91325e-5 -1.029874 0.9467738 -9.07644e-5 -1.092059 0.956565 -9.17029e-5 3.1395e-7 1.122068 -0.621875 -0.1609252 1.122186 0.6004737 3.1395e-7 1.122188 0.6216599 -0.1609252 1.122071 -0.6006888 0.1609258 1.122071 -0.6006887 0.3108844 1.12218 0.5383584 0.3108844 1.122076 -0.5385735 0.1609258 1.122186 0.6004736 0.4396567 1.122086 -0.4397627 0.5384671 1.122158 0.310775 0.5384671 1.122098 -0.31099 0.4396567 1.12217 0.4395476 -0.5384665 1.122098 -0.310991 -0.6005812 1.122143 0.1608174 -0.5384665 1.122158 0.3107759 -0.6005812 1.122113 -0.1610325 -0.6217675 1.122128 -1.07571e-4 -1.110595 0.9344847 0.107531 -1.110595 0.9344641 -0.1077102 -1.092059 0.956565 -9.17029e-5 -1.003154 0.6009644 -0.2152998 -1.072331 0.5185602 0.1863554 -1.003154 0.6010056 0.2151845 -1.072331 0.5185245 -0.1864548 -0.9339759 0.6834098 -0.1864705 -0.8833345 0.74379 0.1075493 -0.8833345 0.7437694 -0.107692 -0.9339759 0.6834455 0.1863395 0.3108844 1.476046 -0.538608 0.4396567 1.47614 0.4395137 0.3108844 1.47615 0.5383248 0.4396567 1.476056 -0.4397968 -1.230414 0.7916589 -0.215318 -1.161237 0.87414 0.1863212 -1.230414 0.7917001 0.2151663 -1.161237 0.8741043 -0.1864888 0.1609258 1.47604 -0.6007231 0.1609258 1.476155 0.60044 0.5384671 1.476127 0.310741 0.5384671 1.476068 -0.311024 0.6005817 1.122143 0.1608161 0.6005817 1.122113 -0.1610313 0.6217675 1.122128 -1.07571e-4 -0.8647982 0.7658705 -7.34259e-5 -1.122973 0.4582005 0.107577 -1.122973 0.4581799 -0.107665 -0.6514947 1.429179 -0.1747042 -0.6514947 1.180644 -0.1746804 -0.5841143 1.429163 -0.3373751 -0.5841143 1.180628 -0.3373513 -0.4769274 1.42915 -0.4770642 -0.4769274 1.180615 -0.4770401 -0.3372387 1.429139 -0.5842513 -0.3372386 1.180604 -0.5842272 -0.1745674 1.429133 -0.651632 -0.1745674 1.180598 -0.6516079 3.29659e-7 1.429131 -0.6746141 3.29659e-7 1.180596 -0.6745901 0.174568 1.429133 -0.6516318 0.174568 1.180598 -0.6516077 0.3372392 1.429139 -0.5842508 0.3372392 1.180604 -0.5842268 0.4769279 1.42915 -0.4770634 0.4769279 1.180615 -0.4770395 0.5841148 1.429163 -0.3373743 0.5841148 1.180628 -0.3373503 0.6514951 1.429179 -0.1747028 0.6514951 1.180644 -0.1746789 0.6744769 1.429196 -1.37002e-4 0.6744769 1.18066 -1.13181e-4 -0.6005812 1.122113 -0.1610325 -0.6514947 1.180644 -0.1746804 -0.6514947 1.429179 -0.1747042 -0.6005812 1.476083 -0.1610664 -0.5384665 1.122098 -0.310991 -0.5841143 1.180628 -0.3373513 -0.5841143 1.429163 -0.3373751 -0.5384665 1.476068 -0.3110247 -0.4396562 1.122086 -0.4397632 -0.4769274 1.180615 -0.4770401 -0.4769274 1.42915 -0.4770642 -0.4396562 1.476056 -0.4397973 -0.3108839 1.122076 -0.5385738 -0.3372386 1.180604 -0.5842272 -0.3372387 1.429139 -0.5842513 -0.3108839 1.476046 -0.5386083 -0.1609252 1.122071 -0.6006888 -0.1745674 1.180598 -0.6516079 -0.1745674 1.429133 -0.651632 -0.1609252 1.47604 -0.6007233 3.1395e-7 1.122068 -0.621875 3.29659e-7 1.180596 -0.6745901 3.29659e-7 1.429131 -0.6746141 3.08059e-7 1.476038 -0.6219094 0.1609258 1.122071 -0.6006887 0.174568 1.180598 -0.6516077 0.174568 1.429133 -0.6516318 0.1609258 1.47604 -0.6007231 0.3108844 1.122076 -0.5385735 0.3372392 1.180604 -0.5842268 0.3372392 1.429139 -0.5842508 0.3108844 1.476046 -0.538608 0.4396567 1.122086 -0.4397627 0.4769279 1.180615 -0.4770395 0.4769279 1.42915 -0.4770634 0.4396567 1.476056 -0.4397968 0.5384671 1.122098 -0.31099 0.5841148 1.180628 -0.3373503 0.5841148 1.429163 -0.3373743 0.5384671 1.476068 -0.311024 0.6005817 1.122113 -0.1610313 0.6514951 1.180644 -0.1746789 0.6514951 1.429179 -0.1747028 0.6005817 1.476083 -0.1610651 0.6217675 1.122128 -1.07571e-4 0.6744769 1.18066 -1.13181e-4 0.6744769 1.429196 -1.37002e-4 0.6217675 1.476098 -1.41497e-4 -0.2113885 0.9288055 -0.1221341 -0.2113885 1.157069 -0.122156 -0.1220452 0.9287971 -0.2114774 -0.1220452 1.157061 -0.2114993 1.19302e-7 0.9287939 -0.2441794 1.19302e-7 1.157058 -0.2442013 0.1220455 0.9287971 -0.2114773 0.1220455 1.157061 -0.2114992 0.2113887 0.9288055 -0.1221337 0.2113887 1.157069 -0.1221556 -1.13064 0.5613999 -0.01483428 -0.9227516 0.4162379 -0.06897479 -1.116221 0.5785783 -0.06899034 -0.9356403 0.4008824 -0.02056527 -0.8928596 0.4518582 -0.1046616 -1.086329 0.6141986 -0.1046772 -1.086329 0.6141986 -0.1046772 -0.8555042 0.496376 -0.1123169 -1.048974 0.6587165 -0.1123324 -0.8928596 0.4518582 -0.1046616 -0.8206943 0.537863 -0.08988922 -1.014164 0.7002034 -0.08990478 -0.7977575 0.5652024 -0.04338824 -0.9912271 0.7275429 -0.0434038 -1.326997 0.5926647 -0.1239139 -1.182362 0.4713016 -0.1239023 -1.268715 0.6621131 -0.2145903 -1.124081 0.54075 -0.2145787 -1.189101 0.7569901 -0.2477869 -1.124081 0.54075 -0.2145787 -1.044467 0.635627 -0.2477753 -1.268715 0.6621131 -0.2145903 -1.109487 0.8518733 -0.2146084 -0.9648526 0.7305104 -0.2145968 -1.051206 0.9213392 -0.123945 -0.9065712 0.7999761 -0.1239334 -1.122973 0.4581799 -0.107665 -1.182362 0.4713016 -0.1239023 -1.326997 0.5926647 -0.1239139 -1.350234 0.6488744 -0.1076832 -1.072331 0.5185245 -0.1864548 -1.124081 0.54075 -0.2145787 -1.268715 0.6621131 -0.2145903 -1.299592 0.709219 -0.1864731 -1.003154 0.6009644 -0.2152998 -1.124081 0.54075 -0.2145787 -1.072331 0.5185245 -0.1864548 -1.044467 0.635627 -0.2477753 -1.299592 0.709219 -0.1864731 -1.189101 0.7569901 -0.2477869 -1.230414 0.7916589 -0.215318 -1.268715 0.6621131 -0.2145903 -0.9339759 0.6834098 -0.1864705 -0.9648526 0.7305104 -0.2145968 -1.109487 0.8518733 -0.2146084 -1.161237 0.8741043 -0.1864888 -0.8833345 0.7437694 -0.107692 -0.9065712 0.7999761 -0.1239334 -1.051206 0.9213392 -0.123945 -1.110595 0.9344641 -0.1077102 3.08059e-7 1.476038 -0.6219094 -0.1609252 1.476155 0.6004402 -0.1609252 1.47604 -0.6007233 3.08059e-7 1.476158 0.6216264 -0.3108839 1.476046 -0.5386083 -0.4396562 1.47614 0.4395142 -0.4396562 1.476056 -0.4397973 -0.3108839 1.47615 0.5383253 -0.5384665 1.476068 -0.3110247 -0.6005812 1.476113 0.1607834 -0.6005812 1.476083 -0.1610664 -0.5384665 1.476127 0.3107418 0.6005817 1.476113 0.1607822 0.6005817 1.476083 -0.1610651 0.6217675 1.476098 -1.41497e-4 -0.4396562 1.12217 0.4395481 -0.3108839 1.122076 -0.5385738 -0.4396562 1.122086 -0.4397632 -0.3108839 1.12218 0.5383586 -1.299592 0.7092548 0.1863371 -1.299592 0.709219 -0.1864731 -1.141509 0.4360998 -4.18193e-5 -1.350234 0.648895 0.1075588 -1.350234 0.6488744 -0.1076832 -0.6217675 1.476098 -1.41497e-4 -1.36877 0.6267943 -6.00962e-5 -0.2373284 0.9558604 -0.2815017 0 0.9792882 0.272221 -0.2373285 0.9559135 0.2722232 0 0.9792352 -0.2815039 -0.2258467 0.8981269 -0.3966326 1.21788e-7 0.9203709 -0.3966346 4.30115e-7 0.532903 -0.00456041 -0.1528519 0.531219 0.2518003 0 0.5462735 0.2517989 -0.150539 0.5180761 -0.00455904 -0.170704 0.6209828 0.4173741 0 0.6377957 0.4173725 -0.1950902 0.7435829 0.4380085 0 0.7627977 0.4380068 -0.2251062 0.8944797 0.3935775 0 0.9166507 0.3935755 -0.4655367 0.8866342 -0.2814951 -0.4655367 0.8866872 0.2722298 -0.4430145 0.8322498 -0.3966262 -0.29983 0.4866336 0.2518046 -0.2952933 0.4741655 -0.004554808 -0.3348479 0.5711903 0.417379 -0.3826833 0.6866772 0.438014 -0.4415619 0.8288186 0.3935838 -0.6758546 0.774217 -0.2814843 -0.6758546 0.7742699 0.2722406 -0.6431574 0.7252712 -0.396616 -0.4352857 0.414231 0.2518115 -0.4286997 0.4028583 -0.004548013 -0.4861239 0.4903316 0.4173867 -0.5555701 0.5942673 0.4380229 -0.6410487 0.7221907 0.393594 -0.8601999 0.6229288 -0.2814699 -0.8601998 0.6229818 0.272255 -0.8185842 0.5813022 -0.3966022 -0.5540137 0.3167935 0.2518208 -0.5456315 0.3068951 -0.004538834 -0.6187183 0.3815141 0.4173971 -0.7071067 0.4699045 0.4380348 -0.8159003 0.5786938 0.3936077 -1.011488 0.4385837 -0.2814522 -1.011488 0.4386366 0.2722727 -0.9625532 0.4058755 -0.3965855 -0.6514512 0.1980656 0.2518322 -0.6415948 0.1899634 -0.004527628 -0.7275359 0.2489197 0.4174097 -0.8314697 0.318368 0.4380493 -0.9593973 0.4038422 0.3936245 -1.123905 0.2282657 -0.281432 -1.123905 0.2283186 0.2722929 -1.069532 0.2057325 -0.3965663 -0.7238538 0.06260997 0.2518452 -0.712902 0.05655699 -0.004514813 -0.8083946 0.09764379 0.4174242 -0.9238796 0.1454812 0.438066 -1.066025 0.2043554 0.3936436 -1.193132 5.74648e-5 -0.2814102 -1.193131 1.10536e-4 0.2723147 -1.135409 -0.01143527 -0.3965455 -0.768439 -0.08436799 0.2518593 -0.7568128 -0.08819729 -0.004500985 -0.8581871 -0.06650012 0.41744 -0.9807853 -0.04211181 0.4380839 -1.131686 -0.01209998 0.3936644 -1.216506 -0.2372711 -0.2813875 -1.216506 -0.237218 0.2723374 -1.157653 -0.2372822 -0.3965238 -0.7834937 -0.23722 0.2518739 -0.7716398 -0.2387368 -0.00448656 -0.875 -0.2372041 0.4174564 -1 -0.2372021 0.4381026 -1.153857 -0.2372064 0.3936859 -1.193132 -0.4745998 -0.2813647 -1.193132 -0.4745467 0.2723602 -1.135409 -0.4631291 -0.3965022 -0.7684391 -0.3900721 0.2518885 -0.7568129 -0.3892763 -0.004472136 -0.8581871 -0.4079081 0.4174727 -0.9807853 -0.4322925 0.4381213 -1.131686 -0.4623128 0.3937075 -1.123905 -0.702808 -0.2813428 -1.123905 -0.7027549 0.2723821 -1.069532 -0.6802968 -0.3964813 -0.7238538 -0.5370501 0.2519026 -0.7129022 -0.5340306 -0.004458248 -0.8083946 -0.5720521 0.4174884 -0.9238796 -0.6198856 0.4381393 -1.066025 -0.6787686 0.3937283 -1.011488 -0.9131259 -0.2813226 -1.011488 -0.9130728 0.2724023 -0.9625532 -0.8804398 -0.3964622 -0.6514512 -0.6725059 0.2519156 -0.6415949 -0.6674369 -0.004445433 -0.7275359 -0.7233282 0.4175029 -0.8314697 -0.7927725 0.438156 -0.9593973 -0.8782554 0.3937475 -0.8601999 -1.097471 -0.2813049 -0.8601999 -1.097418 0.27242 -0.8185843 -1.055867 -0.3964452 -0.5540137 -0.7912337 0.251927 -0.5456317 -0.7843686 -0.004434227 -0.6187184 -0.8559226 0.4175158 -0.7071068 -0.9443089 0.4381704 -0.8159003 -1.053107 0.3937642 -0.6758546 -1.248759 -0.2812904 -0.6758547 -1.248706 0.2724345 -0.6431574 -1.199836 -0.3964314 -0.4352858 -0.8886713 0.2519364 -0.4287 -0.8803319 -0.004425048 -0.4861239 -0.9647402 0.4175261 -0.5555702 -1.068672 0.4381824 -0.6410487 -1.196604 0.393778 -0.4655368 -1.361176 -0.2812796 -0.4655368 -1.361123 0.2724453 -0.4430146 -1.306814 -0.3964211 -0.29983 -0.9610738 0.2519434 -0.2952936 -0.9516391 -0.004418194 -0.334848 -1.045599 0.4175339 -0.3826834 -1.161082 0.4381912 -0.4415621 -1.303232 0.3937883 -0.2373286 -1.430403 -0.2812729 -0.2373287 -1.43035 0.2724519 -0.2258468 -1.372691 -0.3964148 -0.1528521 -1.005659 0.2519476 -0.1505393 -0.9955499 -0.004413962 -0.1707041 -1.095391 0.4175387 -0.1950904 -1.217987 0.4381966 -0.2251064 -1.368893 0.3937946 0 -1.453778 -0.2812706 -1.39401e-7 -1.453724 0.2724543 0 -1.394935 -0.3964127 0 -1.020714 0.2519491 0 -1.010377 -0.004412531 -1.36835e-7 -1.112204 0.4175404 -1.49867e-7 -1.237202 0.4381986 -1.51705e-7 -1.391064 0.3937968 0.2373285 -1.430403 -0.2812728 -1.39401e-7 -1.453724 0.2724543 0.2373284 -1.43035 0.2724521 0 -1.453778 -0.2812706 0.2258468 -1.372691 -0.3964147 0 -1.394935 -0.3964127 0 -1.010377 -0.004412531 0.1528519 -1.005659 0.2519477 0 -1.020714 0.2519491 0.1505394 -0.9955499 -0.004413962 0.1707038 -1.095391 0.4175388 -1.36835e-7 -1.112204 0.4175404 0.1950901 -1.217987 0.4381968 -1.49867e-7 -1.237202 0.4381986 0.2251062 -1.368893 0.3937947 -1.51705e-7 -1.391064 0.3937968 0.4655367 -1.361177 -0.2812794 0.4655365 -1.361123 0.2724454 0.4430146 -1.306814 -0.396421 0.2998299 -0.9610739 0.2519434 0.2952937 -0.9516391 -0.004418134 0.3348478 -1.045599 0.417534 0.3826832 -1.161082 0.4381914 0.4415618 -1.303232 0.3937884 0.6758548 -1.248759 -0.2812901 0.6758546 -1.248706 0.2724347 0.6431577 -1.199836 -0.3964312 0.4352856 -0.8886713 0.2519365 0.4287001 -0.8803319 -0.004424929 0.4861238 -0.9647402 0.4175263 0.5555701 -1.068672 0.4381824 0.6410486 -1.196604 0.3937782 0.8601999 -1.097471 -0.2813046 0.8601999 -1.097418 0.2724202 0.8185845 -1.055867 -0.396445 0.5540136 -0.7912337 0.2519272 0.5456318 -0.7843686 -0.004434108 0.6187183 -0.8559226 0.4175159 0.7071067 -0.9443089 0.4381706 0.8159002 -1.053107 0.3937645 1.011488 -0.9131259 -0.2813223 1.011488 -0.9130728 0.2724026 0.9625535 -0.8804397 -0.3964619 0.6514511 -0.6725059 0.2519158 0.6415951 -0.667437 -0.004445314 0.7275359 -0.7233281 0.4175032 0.8314695 -0.7927724 0.438156 0.9593971 -0.8782553 0.3937477 1.123906 -0.7028078 -0.2813425 1.123905 -0.7027547 0.2723824 1.069532 -0.6802967 -0.396481 0.7238538 -0.53705 0.2519028 0.7129023 -0.5340306 -0.004458129 0.8083946 -0.572052 0.4174887 0.9238795 -0.6198855 0.4381394 1.066025 -0.6787684 0.3937287 1.193132 -0.4745995 -0.2813643 1.193132 -0.4745464 0.2723605 1.135409 -0.4631289 -0.3965018 0.768439 -0.3900719 0.2518888 0.756813 -0.3892763 -0.004472017 0.8581869 -0.407908 0.4174729 0.9807851 -0.4322923 0.4381214 1.131686 -0.4623125 0.3937079 1.216506 -0.2372708 -0.281387 1.216506 -0.2372177 0.2723378 1.157653 -0.2372818 -0.3965235 0.7834936 -0.2372198 0.2518741 0.7716398 -0.2387368 -0.004486441 0.8749998 -0.2372039 0.4174566 0.9999998 -0.2372019 0.4381028 1.153857 -0.2372061 0.3936863 1.193131 5.79178e-5 -0.2814098 1.193131 1.10989e-4 0.272315 1.135409 -0.01143485 -0.3965451 0.7684389 -0.08436769 0.2518595 0.7568131 -0.08819788 -0.004500865 0.8581869 -0.06649976 0.4174402 0.980785 -0.04211145 0.4380841 1.131686 -0.01209956 0.3936647 1.123905 0.2282661 -0.2814317 1.123905 0.2283192 0.2722932 1.069532 0.205733 -0.396566 0.7238535 0.06261026 0.2518453 0.7129024 0.05655646 -0.004514753 0.8083943 0.09764415 0.4174245 0.9238792 0.1454816 0.4380661 1.066025 0.204356 0.3936439 1.011488 0.4385842 -0.2814519 1.011488 0.4386371 0.272273 0.9625532 0.4058759 -0.3965852 0.6514508 0.1980659 0.2518323 0.6415953 0.189963 -0.004527509 0.7275355 0.24892 0.41741 0.8314692 0.3183683 0.4380494 0.9593968 0.4038428 0.3936247 0.8601994 0.6229293 -0.2814696 0.8601994 0.6229823 0.2722553 0.818584 0.5813027 -0.396602 0.5540133 0.3167939 0.2518209 0.545632 0.3068946 -0.004538714 0.618718 0.3815145 0.4173972 0.7071063 0.4699049 0.438035 0.8158997 0.5786943 0.393608 0.6758541 0.7742174 -0.2814841 0.6758539 0.7742704 0.2722407 0.643157 0.7252716 -0.3966158 0.4352852 0.4142313 0.2518116 0.4287003 0.402858 -0.004547953 0.4861233 0.490332 0.4173868 0.5555696 0.5942677 0.4380229 0.641048 0.7221913 0.3935942 0.4655359 0.8866345 -0.2814949 0.4655358 0.8866876 0.2722299 0.4430139 0.8322501 -0.3966261 0.2998294 0.4866338 0.2518046 0.2952939 0.4741653 -0.004554748 0.3348473 0.5711906 0.417379 0.3826826 0.6866776 0.4380141 0.4415611 0.8288189 0.393584 0.2373276 0.9558606 -0.2815016 0.2373275 0.9559136 0.2722233 0.225846 0.8981271 -0.3966325 0.1528513 0.531219 0.2518004 0.1505395 0.5180761 -0.00455898 0.1707032 0.620983 0.4173742 0.1950893 0.7435832 0.4380087 0.2251054 0.8944799 0.3935776 0.02332067 0.4557169 0.2894284 0.06028389 0.4600947 0.1455202 0.03583145 0.4270019 0.2894311 0.03923553 0.4888097 0.1455174 -3.94139e-7 0.4690435 0.2894271 -3.9224e-7 0.5021363 0.1455162 -0.0233215 0.4557169 0.2894284 -0.0392363 0.4888097 0.1455174 -0.03583222 0.4270018 0.2894311 -0.06028467 0.4600946 0.1455202 -0.03583222 0.4270018 0.2894311 0.02332067 0.4557169 0.2894284 0.03583145 0.4270019 0.2894311 -0.0233215 0.4557169 0.2894284 0.09954595 -0.2401999 0.2894951 0.1333107 -0.2402137 0.1455873 -0.1333107 -0.2402137 0.1455873 -0.09954595 -0.2401999 0.2894951 -0.09954595 -0.2401999 0.2894951 0.09954595 -0.2401999 0.2894951 -3.94139e-7 0.4690435 0.2894271 0.1418374 -0.1583079 0.3123824 0.202028 -0.2402128 0.1547786 0.1637797 -0.2401977 0.3123902 0.1749613 -0.1391988 0.154769 0.08188986 -0.0983603 0.3123766 0.101014 -0.06525141 0.1547619 0 -0.07641798 0.3123745 0 -0.03818482 0.1547592 -0.0818898 -0.09836024 0.3123766 -0.101014 -0.06525141 0.1547619 -0.1418374 -0.1583078 0.3123824 -0.1749613 -0.1391987 0.154769 -0.1637797 -0.2401976 0.3123902 -0.202028 -0.2402127 0.1547786 -0.1418374 -0.3220875 0.3123981 -0.1749614 -0.3412267 0.1547883 -0.08188986 -0.382035 0.3124038 -0.101014 -0.4151741 0.1547954 0 -0.4039774 0.3124059 0 -0.4422408 0.154798 0.08189004 -0.382035 0.3124038 0.1010142 -0.4151741 0.1547954 0.1418375 -0.3220872 0.3123981 0.1749616 -0.3412264 0.1547883 0.08296841 -0.2401931 0.3602929 0.1226298 -0.3109951 0.3401536 0.07185286 -0.2816771 0.3602968 0.1416005 -0.240195 0.3401468 0.1226296 -0.1693947 0.34014 0.1637797 -0.2401977 0.3123902 0.1418374 -0.1583079 0.3123824 0.07080024 -0.1175654 0.340135 0.08188986 -0.0983603 0.3123766 0 -0.09859448 0.3401332 0 -0.07641798 0.3123745 -0.07080024 -0.1175653 0.340135 -0.0818898 -0.09836024 0.3123766 -0.1226296 -0.1693947 0.34014 -0.1418374 -0.1583078 0.3123824 -0.1416005 -0.240195 0.3401468 -0.1637797 -0.2401976 0.3123902 -0.1226297 -0.3109953 0.3401536 -0.1418374 -0.3220875 0.3123981 -0.0708003 -0.3628246 0.3401585 -0.08188986 -0.382035 0.3124038 0 -0.3817955 0.3401603 0 -0.4039774 0.3124059 0.07080042 -0.3628246 0.3401585 0.08189004 -0.382035 0.3124038 0.1418375 -0.3220872 0.3123981 -0.04148411 -0.1683403 0.3602859 -0.07185268 -0.1987088 0.3602889 0.07185274 -0.1987089 0.3602889 0.04148423 -0.1683403 0.3602859 0 -0.1572247 0.3602849 0 -0.2401916 0.375469 0.04148429 -0.3120458 0.3602997 0 -0.3231615 0.3603008 -0.04148417 -0.3120459 0.3602997 -0.08296835 -0.240193 0.3602929 -0.07185274 -0.2816773 0.3602968 -0.7307078 1.15973 0 -0.7046818 1.453029 0.1888186 -0.7295402 1.453029 0 -0.7058107 1.159732 0.1891201 -0.6318006 1.453029 0.3647696 -0.6328118 1.159731 0.3653541 -0.5158632 1.453027 0.5158636 -0.5166893 1.159732 0.5166888 -0.3647696 1.45303 0.6318003 -0.3653547 1.159731 0.6328114 -0.1888185 1.453027 0.7046828 -0.1891222 1.159732 0.7058101 8.3471e-7 1.45303 0.7295399 -1.32302e-7 1.159733 0.730709 0.1888195 1.453029 0.7046819 0.1891225 1.159733 0.7058105 0.364771 1.453029 0.6317999 0.3653553 1.159731 0.6328111 0.515863 1.45303 0.5158619 0.5166899 1.159732 0.5166881 0.6318014 1.453027 0.3647695 0.632813 1.159732 0.3653529 0.7046816 1.45303 0.1888174 0.7058103 1.159731 0.1891198 0.7295391 1.453031 0 0.7307078 1.15973 0 -0.7307078 1.15973 0 -0.625746 1.068079 0.1676678 -0.7058107 1.159732 0.1891201 -0.6478199 1.068079 0 -0.7046818 1.453029 0.1888186 -0.6446251 1.531573 0 -0.7295402 1.453029 0 -0.6226599 1.531573 0.1668409 -0.5610286 1.068079 0.3239096 -0.6328118 1.159731 0.3653541 -0.6318006 1.453029 0.3647696 -0.5582617 1.531573 0.322312 -0.4580782 1.068079 0.4580776 -0.5166893 1.159732 0.5166888 -0.5158632 1.453027 0.5158636 -0.455819 1.531573 0.4558184 -0.3239102 1.068079 0.5610283 -0.3653547 1.159731 0.6328114 -0.3647696 1.45303 0.6318003 -0.3223128 1.531573 0.5582621 -0.1676681 1.068079 0.625746 -0.1891222 1.159732 0.7058101 -0.1888185 1.453027 0.7046828 -0.1668412 1.531573 0.6226605 3.22655e-7 1.068079 0.6478199 -1.32302e-7 1.159733 0.730709 8.3471e-7 1.45303 0.7295399 3.13762e-7 1.531573 0.6446256 0.1676687 1.068079 0.6257459 0.1891225 1.159733 0.7058105 0.1888195 1.453029 0.7046819 0.1668418 1.531573 0.6226603 0.3239107 1.068079 0.561028 0.3653553 1.159731 0.6328111 0.364771 1.453029 0.6317999 0.3223133 1.531573 0.5582617 0.4580786 1.068079 0.458077 0.5166899 1.159732 0.5166881 0.515863 1.45303 0.5158619 0.4558195 1.531573 0.4558179 0.5610293 1.068079 0.3239088 0.632813 1.159732 0.3653529 0.6318014 1.453027 0.3647695 0.5582624 1.531573 0.3223112 0.6257464 1.068079 0.1676665 0.7058103 1.159731 0.1891198 0.7046816 1.45303 0.1888174 0.6226603 1.531573 0.1668395 0.6478199 1.068079 0 0.7307078 1.15973 0 0.7295391 1.453031 0 0.644625 1.531573 0 3.22655e-7 1.068079 0.6478199 -0.1520453 1.068079 0.26335 3.22823e-7 1.068079 0.3040904 -0.1676681 1.068079 0.625746 -0.1676681 1.068079 0.2477272 0.5610293 1.068079 0.3239088 0.4580786 1.068079 -0.4580771 0.5610293 1.068079 -0.3239088 0.4580786 1.068079 0.458077 -0.625746 1.068079 0.1676678 -0.5610286 1.068079 -0.3239097 -0.5610286 1.068079 0.3239096 -0.625746 1.068079 -0.1676679 -0.6478199 1.068079 0 0.4558195 1.531573 0.4558179 0.3223133 1.531573 -0.5582618 0.3223133 1.531573 0.5582617 0.4558195 1.531573 -0.4558179 0.1668418 1.531573 -0.6226603 0.1668418 1.531573 0.6226603 0.5582624 1.531573 0.3223112 0.5582624 1.531573 -0.3223112 0.6257464 1.068079 0.1676665 0.6257464 1.068079 -0.1676666 0.6478199 1.068079 0 -0.7046818 1.453029 -0.1888186 -0.7058107 1.159732 -0.1891201 -0.6318006 1.453029 -0.3647697 -0.6328118 1.159731 -0.3653542 -0.5158632 1.453027 -0.5158636 -0.5166893 1.159732 -0.5166888 -0.3647696 1.45303 -0.6318003 -0.3653547 1.159731 -0.6328115 -0.1888188 1.453029 -0.7046822 -0.1891222 1.159732 -0.7058102 3.59785e-7 1.453029 -0.7295405 0 1.159733 -0.7307091 0.1888195 1.453029 -0.7046819 0.1891225 1.159733 -0.7058105 0.364771 1.453029 -0.6318001 0.3653559 1.159732 -0.6328113 0.5158637 1.453029 -0.5158621 0.51669 1.159731 -0.5166875 0.6318011 1.453029 -0.3647689 0.632813 1.159732 -0.3653529 0.7046816 1.45303 -0.1888175 0.7058103 1.159731 -0.1891199 0.7295391 1.453031 0 0.7307078 1.15973 0 -0.625746 1.068079 -0.1676679 -0.7058107 1.159732 -0.1891201 -0.7046818 1.453029 -0.1888186 -0.6226599 1.531573 -0.1668409 -0.5610286 1.068079 -0.3239097 -0.6328118 1.159731 -0.3653542 -0.6318006 1.453029 -0.3647697 -0.5582617 1.531573 -0.3223121 -0.4580782 1.068079 -0.4580776 -0.5166893 1.159732 -0.5166888 -0.5158632 1.453027 -0.5158636 -0.455819 1.531573 -0.4558185 -0.3239102 1.068079 -0.5610284 -0.3653547 1.159731 -0.6328115 -0.3647696 1.45303 -0.6318003 -0.3223128 1.531573 -0.5582621 -0.1676681 1.068079 -0.6257461 -0.1891222 1.159732 -0.7058102 -0.1888188 1.453029 -0.7046822 -0.1668412 1.531573 -0.6226606 3.23288e-7 1.068079 -0.6478199 0 1.159733 -0.7307091 3.59785e-7 1.453029 -0.7295405 3.21623e-7 1.531573 -0.6446256 0.1676687 1.068079 -0.625746 0.1891225 1.159733 -0.7058105 0.1888195 1.453029 -0.7046819 0.1668418 1.531573 -0.6226603 0.3239107 1.068079 -0.5610281 0.3653559 1.159732 -0.6328113 0.364771 1.453029 -0.6318001 0.3223133 1.531573 -0.5582618 0.4580786 1.068079 -0.4580771 0.51669 1.159731 -0.5166875 0.5158637 1.453029 -0.5158621 0.4558195 1.531573 -0.4558179 0.5610293 1.068079 -0.3239088 0.632813 1.159732 -0.3653529 0.6318011 1.453029 -0.3647689 0.5582624 1.531573 -0.3223112 0.6257464 1.068079 -0.1676666 0.7058103 1.159731 -0.1891199 0.7046816 1.45303 -0.1888175 0.6226603 1.531573 -0.1668396 0.6478199 1.068079 0 0.7307078 1.15973 0 0.7295391 1.453031 0 0.644625 1.531573 0 -0.1668412 1.531573 0.6226605 3.21623e-7 1.531573 -0.6446256 -0.1668412 1.531573 -0.6226606 3.13762e-7 1.531573 0.6446256 -0.455819 1.531573 0.4558184 -0.3223128 1.531573 -0.5582621 -0.455819 1.531573 -0.4558185 -0.3223128 1.531573 0.5582621 -0.6226599 1.531573 0.1668409 -0.5582617 1.531573 -0.3223121 -0.6226599 1.531573 -0.1668409 -0.5582617 1.531573 0.322312 0.6226603 1.531573 0.1668395 0.6226603 1.531573 -0.1668396 0.644625 1.531573 0 -0.3239102 1.068079 -0.5610284 -0.4580782 1.068079 0.4580776 -0.4580782 1.068079 -0.4580776 -0.3239102 1.068079 0.5610283 -0.6446251 1.531573 0 0.3239107 1.068079 -0.5610281 0.3239107 1.068079 0.561028 -0.1520453 1.022641 0.2633499 -0.2487128 1.013119 0.2862779 -0.06647449 1.031067 0.2862785 -0.2487138 1.013124 0.1666818 -0.03295785 1.034396 -0.2952593 -0.2362694 0.9505633 -0.4238553 -0.2487174 1.013145 -0.29526 0 0.9738337 -0.4238553 0 1.03326 -0.3040903 -0.1959372 0.7477989 0.4979225 0 0.604272 0.4672216 0 0.767097 0.4979226 -0.1641716 0.5881025 0.4672216 -0.2327032 0.9326345 0.43931 0 0.9555537 0.4393101 0 1.028063 0.3040903 -0.2530657 1.01182 -0.16233 -0.2487164 1.013139 -0.1666792 -0.2633491 1.0087 -0.1520466 -0.3040903 0.996334 0 -0.2633491 1.008685 0.1520466 -0.4878674 0.9405714 0.2862794 -0.4878774 0.9405974 -0.2952585 -0.4634593 0.8816461 -0.4238553 -0.3843446 0.6906461 0.4979225 -0.3220342 0.5402154 0.4672216 -0.4564639 0.8647575 0.4393101 -0.7082886 0.822785 -0.2952592 -0.7082735 0.8227621 0.2862787 -0.6728387 0.7697305 -0.4238553 -0.557982 0.597835 0.4979225 -0.4675213 0.4624509 0.4672216 -0.662683 0.754531 0.43931 -0.8563613 0.6191174 -0.4238553 -0.901481 0.6642364 -0.2952585 -0.7101765 0.4729323 0.4979225 -0.5950418 0.3577975 0.4672216 -0.8434356 0.6061913 0.4393099 -0.9014611 0.6642171 0.2862786 -1.006974 0.4355947 -0.4238554 -1.060029 0.4710444 -0.2952601 -0.8350793 0.3207379 0.4979226 -0.6996952 0.2302771 0.4672215 -0.9917753 0.4254388 0.4393099 -1.060006 0.4710294 0.2862786 -1.083346 0.4274084 -0.1545236 -1.060026 0.4710422 -0.2119624 -1.060009 0.4710313 0.2119471 -1.177816 0.2506231 0.2862786 -1.0833 0.4274621 0.154594 -1.177841 0.2506336 -0.2952593 -1.11889 0.2262153 -0.4238554 -0.9278904 0.1471006 0.4979226 -0.7774596 0.08479017 0.4672214 -1.102002 0.2192197 0.4393099 -1.25039 0.01147377 -0.2952593 -1.250363 0.01146841 0.2862786 -1.187807 -9.7456e-4 -0.4238554 -0.9850432 -0.04130685 0.4979225 -0.8253468 -0.07307249 0.4672216 -1.169879 -0.004540741 0.4393099 -1.274886 -0.2372441 -0.2952593 -1.274859 -0.2372441 0.2862786 -1.211078 -0.2372441 -0.4238554 -1.004341 -0.2372441 0.4979225 -0.8415163 -0.2372441 0.4672216 -1.192798 -0.2372441 0.43931 -1.25039 -0.4859621 -0.2952593 -1.250363 -0.4859567 0.2862786 -1.187807 -0.4735138 -0.4238554 -0.9850432 -0.4331814 0.4979225 -0.8253468 -0.4014158 0.4672216 -1.169879 -0.4699474 0.43931 -1.177841 -0.725122 -0.2952593 -1.177816 -0.7251116 0.2862786 -1.11889 -0.7007037 -0.4238554 -0.9278904 -0.6215889 0.4979226 -0.7774597 -0.5592785 0.4672216 -1.102002 -0.6937083 0.43931 -1.060029 -0.945533 -0.2952592 -1.060006 -0.9455177 0.2862786 -1.006974 -0.9100832 -0.4238553 -0.8350793 -0.7952263 0.4979227 -0.6996952 -0.7047656 0.4672216 -0.9917753 -0.8999273 0.43931 -0.9014807 -1.138725 -0.2952592 -0.9014613 -1.138705 0.2862787 -0.8563614 -1.093606 -0.4238553 -0.7101765 -0.9474207 0.4979226 -0.5950418 -0.832286 0.4672216 -0.8434356 -1.08068 0.43931 -0.7082887 -1.297273 -0.2952592 -0.7082736 -1.297251 0.2862787 -0.6728388 -1.244219 -0.4238552 -0.5579821 -1.072323 0.4979227 -0.4675213 -0.9369394 0.4672216 -0.662683 -1.229019 0.4393101 -0.487878 -1.415085 -0.2952599 -0.4878676 -1.41506 0.2862795 -0.4634594 -1.356134 -0.4238551 -0.3843448 -1.165135 0.4979227 -0.3220343 -1.014704 0.4672217 -0.4564641 -1.339246 0.4393101 -0.2487183 -1.487634 -0.2952584 -0.248713 -1.487607 0.286278 -0.2362695 -1.425052 -0.4238551 -0.1959373 -1.222287 0.4979226 -0.1641717 -1.062591 0.4672216 -0.2327033 -1.407123 0.4393101 0 -1.51213 -0.2952591 -1.54919e-7 -1.512103 0.2862788 0 -1.448322 -0.4238551 -1.86557e-7 -1.241585 0.4979227 -1.57435e-7 -1.07876 0.4672217 -1.64795e-7 -1.430042 0.4393102 -1.54919e-7 -1.512103 0.2862788 0.2487182 -1.487634 -0.2952582 0.2487124 -1.487607 0.2862789 0 -1.51213 -0.2952591 0.2362695 -1.425052 -0.4238551 0 -1.448322 -0.4238551 0.195937 -1.222287 0.4979228 -1.57435e-7 -1.07876 0.4672217 -1.86557e-7 -1.241585 0.4979227 0.1641715 -1.062591 0.4672217 0.2327032 -1.407123 0.4393103 -1.64795e-7 -1.430042 0.4393102 0.4878779 -1.415085 -0.2952598 0.4878671 -1.41506 0.2862789 0.4634594 -1.356135 -0.423855 0.3843445 -1.165135 0.4979228 0.3220341 -1.014704 0.4672217 0.4564637 -1.339246 0.4393102 0.7082884 -1.297273 -0.2952597 0.7082735 -1.297251 0.2862789 0.6728389 -1.244219 -0.423855 0.557982 -1.072323 0.4979227 0.4675213 -0.9369394 0.4672217 0.6626829 -1.229019 0.4393103 0.9014806 -1.138725 -0.2952582 0.9014613 -1.138705 0.2862789 0.8563616 -1.093606 -0.4238549 0.7101764 -0.9474207 0.4979228 0.5950417 -0.832286 0.4672218 0.8434353 -1.08068 0.4393103 1.060029 -0.945533 -0.2952589 1.060006 -0.9455177 0.286279 1.006975 -0.910083 -0.423855 0.8350791 -0.7952263 0.4979227 0.6996951 -0.7047655 0.4672219 0.991775 -0.8999271 0.4393103 1.177841 -0.7251218 -0.2952589 1.177816 -0.7251114 0.2862789 1.118891 -0.7007036 -0.423855 0.9278903 -0.6215888 0.4979227 0.7774596 -0.5592784 0.4672219 1.102002 -0.6937081 0.4393104 1.25039 -0.4859619 -0.2952589 1.250363 -0.4859565 0.286279 1.187808 -0.4735135 -0.423855 0.985043 -0.4331812 0.4979227 0.8253466 -0.4014157 0.4672218 1.169878 -0.4699472 0.4393104 1.274886 -0.2372434 -0.2952581 1.274859 -0.2372441 0.2862797 1.211078 -0.2372438 -0.423855 1.004341 -0.2372438 0.4979227 0.8415161 -0.2372439 0.4672218 1.192798 -0.2372438 0.4393104 1.250389 0.01147454 -0.2952597 1.250363 0.01146858 0.2862781 1.187808 -9.74131e-4 -0.423855 0.9850429 -0.04130649 0.4979227 0.8253465 -0.07307219 0.4672218 1.169878 -0.004540324 0.4393104 1.177841 0.2506341 -0.2952589 1.177816 0.2506237 0.2862789 1.11889 0.2262158 -0.423855 0.92789 0.147101 0.4979227 0.7774593 0.08479046 0.4672218 1.102001 0.2192203 0.4393103 1.060029 0.4710452 -0.2952589 1.060006 0.4710299 0.2862789 1.006974 0.4355953 -0.423855 0.8350788 0.3207383 0.4979227 0.6996948 0.2302775 0.4672218 0.9917747 0.4254394 0.4393102 0.9014801 0.664237 -0.295259 0.9014608 0.6642177 0.2862789 0.8563611 0.6191179 -0.423855 0.7101761 0.4729327 0.4979227 0.5950414 0.3577979 0.4672217 0.8434348 0.6061918 0.4393103 0.7082881 0.8227854 -0.2952591 0.7082726 0.822763 0.286278 0.6728383 0.7697309 -0.4238551 0.5579814 0.5978354 0.4979227 0.4675208 0.4624513 0.4672217 0.6626822 0.7545316 0.4393101 0.4878769 0.9405975 -0.2952591 0.4878659 0.9405721 0.2862796 0.4634587 0.8816463 -0.4238551 0.384344 0.6906465 0.4979227 0.3220337 0.5402157 0.4672217 0.456463 0.8647577 0.4393101 0.2362686 0.9505636 -0.4238552 0.2487169 1.013146 -0.2952591 0.1959363 0.747799 0.4979227 0.1641708 0.5881026 0.4672217 0.2327023 0.9326347 0.4393101 0.2487115 1.013119 0.2862788 0.1520456 1.02264 0.2633497 0.2487126 1.013124 0.1666823 0.06647366 1.031067 0.2862788 0.03295856 1.034396 -0.2952592 0.1520455 1.157081 0.2633497 -0.1520453 1.157081 0.2633499 1.48176e-7 1.157081 0.3040903 -0.1520453 1.157081 0.2633499 -0.3040903 1.157081 0 -0.2633491 1.157081 0.1520466 0.1520455 1.157081 0.2633497 -0.1520453 1.157081 -0.26335 -0.2633491 1.157081 -0.1520466 -0.1520453 1.157081 -0.26335 0.1520455 1.157081 -0.2633498 1.48176e-7 1.157081 -0.3040904 0.1520455 1.157081 -0.2633498 0.3040903 1.157081 0 0.2633503 1.157081 -0.1520447 0.3040903 1.157081 0 0.2633503 1.157081 0.1520446 1.48176e-7 0.9288173 -0.3040904 -0.2633491 0.9288173 -0.1520466 -0.1520453 0.9288173 -0.26335 -0.2633491 0.9288173 0.1520466 -0.3040903 0.9288173 0 1.48176e-7 0.9288173 0.3040903 -0.1520453 0.9288173 0.2633499 0.2633503 0.9288173 0.1520446 0.1520455 0.9288173 0.2633497 0.2633503 0.9288173 -0.1520447 0.3040903 0.9288173 0 0.1520455 0.9288173 -0.2633498 -0.2633491 1.068079 0.1520466 -0.2206934 1.068079 -0.1947021 -0.1676681 1.068079 -0.6257461 -0.1676681 1.068079 -0.2477272 -0.2633491 1.068079 -0.1520466 -0.3040903 1.068079 0 -0.06004196 1.068079 -0.2880021 3.23288e-7 1.068079 -0.6478199 3.2312e-7 1.068079 -0.3040904 -0.1520453 1.068079 -0.26335 -0.1520453 1.022665 -0.26335 0.1676687 1.068079 0.6257459 0.1520456 1.068079 0.2633498 0.1676687 1.068079 0.2477265 0 1.037615 0.2862787 0.1611409 1.068079 -0.2542544 0.1676687 1.068079 -0.625746 0.1676687 1.068079 -0.2477265 0.1520456 1.068079 -0.2633498 0.2297478 1.015009 -0.1856473 0.2487157 1.01314 -0.1666793 0.1520455 1.022665 -0.2633498 0.2633503 1.068079 -0.1520446 0.2829605 1.068079 -0.07885783 0.3040904 1.068079 0 0.2633503 1.068079 0.1520446 0.2633503 1.008685 0.1520447 0.2633503 1.0087 -0.1520447 0.3040903 0.9963338 0 -1.054507 0.4777356 0.2207034 -0.9736641 0.5762401 0.2557473 -0.9014632 0.6642192 0.2260591 -0.9736825 0.5762555 -0.255763 -0.9014786 0.6642341 -0.2260727 -1.054527 0.4777438 -0.2207151 -0.8907343 0.6730245 0.2207441 -0.8907456 0.6730422 -0.2207553 -0.8473622 0.708642 -0.1564264 -0.8474133 0.7085809 0.156506 0 1.037642 -0.2952592 -0.3040903 1.068079 0 -0.2633491 1.008685 0.1520466 -0.2633491 1.068079 0.1520466 -0.3040903 0.996334 0 1.48176e-7 1.028063 0.3040903 0.1520455 1.068079 0.2633497 1.48176e-7 1.068079 0.3040903 0.06647366 1.031067 0.2862787 0.1520455 1.02264 0.2633497 -1.229157 0.3915611 0 -1.371086 0.5641179 0.1528497 -1.397412 0.5327439 0 -1.202831 0.4229353 0.1528497 -1.299162 0.6498337 0.2647438 -1.130907 0.508651 0.2647438 -1.200911 0.766925 0.3056995 -1.032656 0.6257396 0.3056995 -1.102661 0.8840124 0.2647443 -0.9344053 0.7428309 0.2647429 -1.030737 0.9697291 0.1528493 -0.8624826 0.8285477 0.1528486 -1.004411 1.001103 0 -0.8361567 0.8599206 0 -1.229157 0.3915611 0 -1.102904 0.4040994 0.1240962 -1.202831 0.4229353 0.1528497 -1.124278 0.3786274 0 -1.371086 0.5641179 0.1528497 -1.428361 0.6337836 0 -1.397412 0.5327439 0 -1.406988 0.6592557 0.1240963 -1.299162 0.6498337 0.2647438 -1.348594 0.7288472 0.2149411 -1.032656 0.6257396 0.3056995 -1.054507 0.4777356 0.2207034 -0.9736641 0.5762401 0.2557473 -1.130907 0.508651 0.2647438 -1.200911 0.766925 0.3056995 -1.268826 0.8239104 0.2481926 -0.9344053 0.7428309 0.2647429 -0.9014632 0.6642192 0.2260591 -0.8907343 0.6730245 0.2207441 -1.102661 0.8840124 0.2647443 -1.189058 0.9189739 0.214941 -0.8265805 0.7334085 0.1240959 -0.8474133 0.7085809 0.156506 -0.8624826 0.8285477 0.1528486 -1.030737 0.9697291 0.1528493 -1.130664 0.9885652 0.1240959 -0.8052066 0.7588816 0 -0.8361567 0.8599206 0 -1.004411 1.001103 0 -1.10929 1.014038 0 -1.130664 0.9885652 0.1240959 -1.10929 1.014038 0 -1.130664 0.9885652 -0.124096 -0.8265805 0.7334085 -0.1240959 -0.8474133 0.7085809 0.156506 -0.8473622 0.708642 -0.1564264 -0.8265805 0.7334085 0.1240959 -1.189058 0.9189739 0.214941 -1.268826 0.8239104 -0.2481927 -1.268826 0.8239104 0.2481926 -1.189058 0.9189739 -0.214941 -0.8052066 0.7588816 0 -1.0833 0.4274621 0.154594 -1.102904 0.4040995 -0.1240963 -1.083346 0.4274084 -0.1545236 -1.102904 0.4040994 0.1240962 -0.2487164 1.01314 -0.1666792 -0.1520453 1.068079 -0.26335 -0.1520453 1.022665 -0.26335 -0.1676681 1.068079 -0.2477272 -0.2633491 1.068079 -0.1520466 -0.2633491 1.0087 -0.1520466 -0.03295785 1.034396 -0.2952593 1.48176e-7 1.068079 -0.3040904 1.48176e-7 1.03326 -0.3040904 0.1520455 1.068079 -0.2633498 0.03295856 1.034396 -0.2952591 0.1520455 1.022665 -0.2633498 0.1676687 1.068079 -0.2477265 0.2487158 1.01314 -0.1666792 0.2633503 1.068079 -0.1520447 0.2633503 1.0087 -0.1520447 0.3040903 1.068079 0 0.3040903 0.9963338 0 -1.371086 0.5641179 -0.1528498 -1.202831 0.4229353 -0.1528498 -1.299162 0.6498337 -0.2647438 -1.130907 0.508651 -0.2647438 -1.130907 0.508651 -0.2647438 -1.200911 0.766925 -0.3056996 -1.032656 0.6257396 -0.3056996 -1.299162 0.6498337 -0.2647438 -1.102661 0.8840124 -0.2647444 -0.9344053 0.7428309 -0.264743 -1.030737 0.9697291 -0.1528494 -0.8624826 0.8285477 -0.1528487 -1.102904 0.4040995 -0.1240963 -1.202831 0.4229353 -0.1528498 -1.371086 0.5641179 -0.1528498 -1.406988 0.6592557 -0.1240963 -1.060026 0.4710422 -0.2119624 -1.130907 0.508651 -0.2647438 -1.054527 0.4777438 -0.2207151 -1.083346 0.4274084 -0.1545236 -1.299162 0.6498337 -0.2647438 -1.348594 0.7288472 -0.2149412 -1.200911 0.766925 -0.3056996 -1.348594 0.7288472 -0.2149412 -1.268826 0.8239104 -0.2481927 -1.299162 0.6498337 -0.2647438 -0.9014786 0.6642341 -0.2260727 -0.9344053 0.7428309 -0.264743 -0.8907456 0.6730422 -0.2207553 -1.032656 0.6257396 -0.3056996 -0.9736825 0.5762555 -0.255763 -1.102661 0.8840124 -0.2647444 -1.189058 0.9189739 -0.214941 -0.8473622 0.708642 -0.1564264 -0.8624826 0.8285477 -0.1528487 -0.8265805 0.7334085 -0.1240959 -1.030737 0.9697291 -0.1528494 -1.130664 0.9885652 -0.124096 -1.348594 0.7288472 0.2149411 -1.348594 0.7288472 -0.2149412 -1.124278 0.3786274 0 -1.406988 0.6592557 0.1240963 -1.406988 0.6592557 -0.1240963 -1.428361 0.6337836 0 1.48176e-7 1.068079 0.3040903 -0.06647455 1.031067 0.2862786 1.48176e-7 1.028063 0.3040903 -0.1520453 1.022641 0.2633499 -0.1520453 1.068079 0.2633499 0.2633503 1.008685 0.1520446 0.2633503 1.068079 0.1520446 0.2487126 1.013124 0.1666823 0.1676687 1.068079 0.2477265 -0.2487138 1.013124 0.1666818 -0.1676681 1.068079 0.2477272 -1.060009 0.4710313 0.2119471 -1.0833 0.4274621 0.154594 -1.130907 0.508651 -0.2647438 -1.054527 0.4777438 -0.2207151 0 0.7363927 -0.4888198 -0.2362694 0.9505633 -0.4238553 0 0.9738337 -0.4238553 -0.2362694 0.9505633 -0.4238553 0 0.7363927 -0.4888198 -0.189947 0.7176845 -0.4888198 -0.189947 0.7176845 -0.4888198 -0.4634593 0.8816461 -0.4238553 -0.2362694 0.9505633 -0.4238553 -0.4634593 0.8816461 -0.4238553 -0.189947 0.7176845 -0.4888198 -0.3725946 0.6622791 -0.4888198 -0.3725946 0.6622791 -0.4888198 -0.6728387 0.7697305 -0.4238553 -0.4634593 0.8816461 -0.4238553 -0.6728387 0.7697305 -0.4238553 -0.3725946 0.6622791 -0.4888198 -0.5409235 0.5723054 -0.4888198 -0.5409235 0.5723054 -0.4888198 -0.8563613 0.6191174 -0.4238553 -0.6728387 0.7697305 -0.4238553 -0.8563613 0.6191174 -0.4238553 -0.5409235 0.5723054 -0.4888198 -0.6884651 0.4512211 -0.4888198 -0.6884651 0.4512211 -0.4888198 -1.006974 0.4355947 -0.4238554 -0.8563613 0.6191174 -0.4238553 -1.006974 0.4355947 -0.4238554 -0.6884651 0.4512211 -0.4888198 -0.8095495 0.3036795 -0.4888199 -0.8095495 0.3036795 -0.4888199 -1.11889 0.2262153 -0.4238554 -1.006974 0.4355947 -0.4238554 -1.11889 0.2262153 -0.4238554 -0.8095495 0.3036795 -0.4888199 -0.8995233 0.1353505 -0.4888199 -0.8995233 0.1353505 -0.4888199 -1.187807 -9.7456e-4 -0.4238554 -1.11889 0.2262153 -0.4238554 -1.187807 -9.7456e-4 -0.4238554 -0.8995233 0.1353505 -0.4888199 -0.9549288 -0.04729694 -0.4888199 -0.9549288 -0.04729694 -0.4888199 -1.211078 -0.2372441 -0.4238554 -1.187807 -9.7456e-4 -0.4238554 -1.211078 -0.2372441 -0.4238554 -0.9549288 -0.04729694 -0.4888199 -0.9736369 -0.2372441 -0.4888199 -0.9736369 -0.2372441 -0.4888199 -1.187807 -0.4735138 -0.4238554 -1.211078 -0.2372441 -0.4238554 -1.187807 -0.4735138 -0.4238554 -0.9736369 -0.2372441 -0.4888199 -0.9549288 -0.4271913 -0.48882 -0.9549288 -0.4271913 -0.48882 -1.11889 -0.7007037 -0.4238554 -1.187807 -0.4735138 -0.4238554 -1.11889 -0.7007037 -0.4238554 -0.9549288 -0.4271913 -0.48882 -0.8995234 -0.609839 -0.4888199 -0.8995234 -0.609839 -0.4888199 -1.006974 -0.9100832 -0.4238553 -1.11889 -0.7007037 -0.4238554 -1.006974 -0.9100832 -0.4238553 -0.8995234 -0.609839 -0.4888199 -0.8095495 -0.7781679 -0.4888198 -0.8095495 -0.7781679 -0.4888198 -0.8563614 -1.093606 -0.4238553 -1.006974 -0.9100832 -0.4238553 -0.8563614 -1.093606 -0.4238553 -0.8095495 -0.7781679 -0.4888198 -0.6884653 -0.9257096 -0.4888198 -0.6884653 -0.9257096 -0.4888198 -0.6728388 -1.244219 -0.4238552 -0.8563614 -1.093606 -0.4238553 -0.6728388 -1.244219 -0.4238552 -0.6884653 -0.9257096 -0.4888198 -0.5409236 -1.046794 -0.4888197 -0.5409236 -1.046794 -0.4888197 -0.4634594 -1.356134 -0.4238551 -0.6728388 -1.244219 -0.4238552 -0.4634594 -1.356134 -0.4238551 -0.5409236 -1.046794 -0.4888197 -0.3725947 -1.136768 -0.4888197 -0.3725947 -1.136768 -0.4888197 -0.2362695 -1.425052 -0.4238551 -0.4634594 -1.356134 -0.4238551 -0.2362695 -1.425052 -0.4238551 -0.3725947 -1.136768 -0.4888197 -0.1899471 -1.192173 -0.4888197 -0.1899471 -1.192173 -0.4888197 0 -1.448322 -0.4238551 -0.2362695 -1.425052 -0.4238551 0 -1.448322 -0.4238551 -0.1899471 -1.192173 -0.4888197 0 -1.210881 -0.4888197 0 -1.210881 -0.4888197 0.2362695 -1.425052 -0.4238551 0 -1.448322 -0.4238551 0.2362695 -1.425052 -0.4238551 0 -1.210881 -0.4888197 0.1899471 -1.192173 -0.4888197 0.1899471 -1.192173 -0.4888197 0.4634594 -1.356135 -0.423855 0.2362695 -1.425052 -0.4238551 0.4634594 -1.356135 -0.423855 0.1899471 -1.192173 -0.4888197 0.3725947 -1.136768 -0.4888195 0.3725947 -1.136768 -0.4888195 0.6728389 -1.244219 -0.423855 0.4634594 -1.356135 -0.423855 0.6728389 -1.244219 -0.423855 0.3725947 -1.136768 -0.4888195 0.5409238 -1.046794 -0.4888195 0.5409238 -1.046794 -0.4888195 0.8563616 -1.093606 -0.4238549 0.6728389 -1.244219 -0.423855 0.8563616 -1.093606 -0.4238549 0.5409238 -1.046794 -0.4888195 0.6884654 -0.9257096 -0.4888194 0.6884654 -0.9257096 -0.4888194 1.006975 -0.910083 -0.423855 0.8563616 -1.093606 -0.4238549 1.006975 -0.910083 -0.423855 0.6884654 -0.9257096 -0.4888194 0.8095498 -0.7781679 -0.4888195 0.8095498 -0.7781679 -0.4888195 1.118891 -0.7007036 -0.423855 1.006975 -0.910083 -0.423855 1.118891 -0.7007036 -0.423855 0.8095498 -0.7781679 -0.4888195 0.8995236 -0.6098388 -0.4888195 0.8995236 -0.6098388 -0.4888195 1.187808 -0.4735135 -0.423855 1.118891 -0.7007036 -0.423855 1.187808 -0.4735135 -0.423855 0.8995236 -0.6098388 -0.4888195 0.954929 -0.4271911 -0.4888195 0.954929 -0.4271911 -0.4888195 1.211078 -0.2372438 -0.423855 1.187808 -0.4735135 -0.423855 1.211078 -0.2372438 -0.423855 0.954929 -0.4271911 -0.4888195 0.9736371 -0.2372438 -0.4888195 0.9736371 -0.2372438 -0.4888195 1.187808 -9.74131e-4 -0.423855 1.211078 -0.2372438 -0.423855 1.187808 -9.74131e-4 -0.423855 0.9736371 -0.2372438 -0.4888195 0.9549289 -0.04729664 -0.4888195 0.9549289 -0.04729664 -0.4888195 1.11889 0.2262158 -0.423855 1.187808 -9.74131e-4 -0.423855 1.11889 0.2262158 -0.423855 0.9549289 -0.04729664 -0.4888195 0.8995233 0.135351 -0.4888195 0.8995233 0.135351 -0.4888195 1.006974 0.4355953 -0.423855 1.11889 0.2262158 -0.423855 1.006974 0.4355953 -0.423855 0.8995233 0.135351 -0.4888195 0.8095495 0.30368 -0.4888195 0.8095495 0.30368 -0.4888195 0.8563611 0.6191179 -0.423855 1.006974 0.4355953 -0.423855 0.8563611 0.6191179 -0.423855 0.8095495 0.30368 -0.4888195 0.688465 0.4512215 -0.4888195 0.688465 0.4512215 -0.4888195 0.6728383 0.7697309 -0.4238551 0.8563611 0.6191179 -0.423855 0.6728383 0.7697309 -0.4238551 0.688465 0.4512215 -0.4888195 0.5409233 0.5723058 -0.4888196 0.5409233 0.5723058 -0.4888196 0.4634587 0.8816463 -0.4238551 0.6728383 0.7697309 -0.4238551 0.4634587 0.8816463 -0.4238551 0.5409233 0.5723058 -0.4888196 0.3725941 0.6622793 -0.4888197 0.3725941 0.6622793 -0.4888197 0.2362686 0.9505636 -0.4238552 0.4634587 0.8816463 -0.4238551 0.2362686 0.9505636 -0.4238552 0.3725941 0.6622793 -0.4888197 0.1899464 0.7176849 -0.4888197 0.1899464 0.7176849 -0.4888197 0 0.9738337 -0.4238553 0.2362686 0.9505636 -0.4238552 0 0.9738337 -0.4238553 0.1899464 0.7176849 -0.4888197 0 0.7363927 -0.4888198 0.756813 -0.3892763 -0.004472017 0.616682 -0.2402287 2.30029e-5 0.7716398 -0.2387368 -0.004486441 0.6048326 -0.3605374 3.453e-5 0.7129023 -0.5340306 -0.004458129 0.5697398 -0.4762227 4.56142e-5 0.6415951 -0.667437 -0.004445314 0.5127524 -0.582839 5.58294e-5 0.5456318 -0.7843686 -0.004434108 0.43606 -0.6762888 6.4783e-5 0.4287001 -0.8803319 -0.004424929 0.3426101 -0.7529811 7.21311e-5 0.2952937 -0.9516391 -0.004418134 0.2359939 -0.8099686 7.75913e-5 0.1505394 -0.9955499 -0.004413962 0.1203086 -0.8450613 8.09536e-5 0 -1.010377 -0.004412531 0 -0.8569107 8.20889e-5 -0.1505393 -0.9955499 -0.004413962 -0.1203086 -0.8450613 8.09536e-5 -0.2952936 -0.9516391 -0.004418194 -0.2359939 -0.8099686 7.75913e-5 -0.4287 -0.8803319 -0.004425048 -0.3426102 -0.7529811 7.21311e-5 -0.5456317 -0.7843686 -0.004434227 -0.4360601 -0.6762888 6.4783e-5 -0.6415949 -0.6674369 -0.004445433 -0.5127525 -0.5828389 5.58294e-5 -0.7129022 -0.5340306 -0.004458248 -0.5697401 -0.4762226 4.56142e-5 -0.7568129 -0.3892763 -0.004472136 -0.6048327 -0.3605372 3.453e-5 -0.7716398 -0.2387368 -0.00448656 -0.6166821 -0.2402285 2.30029e-5 -0.7568128 -0.08819729 -0.004500985 -0.6048327 -0.1199197 1.14758e-5 -0.712902 0.05655699 -0.004514813 -0.5697399 -0.004234433 3.9168e-7 -0.6415948 0.1899634 -0.004527628 -0.5127522 0.1023818 -9.82351e-6 -0.5456315 0.3068951 -0.004538834 -0.4360598 0.1958316 -1.87772e-5 -0.4286997 0.4028583 -0.004548013 -0.3426099 0.2725239 -2.61253e-5 -0.2952933 0.4741655 -0.004554808 -0.2359936 0.3295115 -3.15854e-5 -0.150539 0.5180761 -0.00455904 -0.1203082 0.3646041 -3.49477e-5 4.30115e-7 0.532903 -0.00456041 5.38493e-7 0.3764533 -3.60831e-5 0.1505395 0.5180761 -0.00455898 0.1203092 0.3646038 -3.49477e-5 0.2952939 0.4741653 -0.004554748 0.2359945 0.329511 -3.15854e-5 0.4287003 0.402858 -0.004547953 0.3426108 0.2725232 -2.61252e-5 0.545632 0.3068946 -0.004538714 0.4360606 0.1958308 -1.87771e-5 0.6415953 0.189963 -0.004527509 0.5127528 0.1023808 -9.82342e-6 0.7129024 0.05655646 -0.004514753 0.5697402 -0.004235506 3.91785e-7 0.7568131 -0.08819788 -0.004500865 0.6048328 -0.1199209 1.14759e-5 0 -0.2402287 2.30029e-5</float_array>
          <technique_common>
            <accessor source="#xsky_obj_timering_mesh-mesh-positions-array" count="2104" stride="3">
              <param name="X" type="float"/>
              <param name="Y" type="float"/>
              <param name="Z" type="float"/>
            </accessor>
          </technique_common>
        </source>
        <source id="xsky_obj_timering_mesh-mesh-normals">
          <float_array id="xsky_obj_timering_mesh-mesh-normals-array" count="6192">0.1333767 0.859033 0.4942399 0.1567692 0.9876353 1.12951e-5 1.19642e-5 1 -1.18017e-5 0.266747 0.8274471 0.4941432 0.3091724 0.9510061 1.30385e-5 0.3919934 0.7761409 0.4939095 0.4550309 0.8904757 2.18749e-5 0.5106231 0.7030872 0.4949066 0.5886285 0.8084037 -1.97887e-5 0.6150034 0.6150007 0.4935029 0.707098 0.7071157 -1.22786e-5 0.7031237 0.5107396 0.4947345 0.8084036 0.5886287 2.98023e-7 0.7761316 0.3920082 0.4939124 0.8904753 0.4550317 1.45435e-5 0.8274606 0.2667128 0.4941391 0.9510062 0.309172 -2.47061e-5 0.8590312 0.1333841 0.494241 0.9876353 0.1567696 -9.29833e-6 0.8696063 7.65207e-6 0.4937457 1 -1.2435e-5 4.81308e-6 0.8585782 -0.1371989 0.4939838 0.9876352 -0.1567696 1.94907e-5 0.8266053 -0.2703407 0.4935986 0.951006 -0.3091725 -1.51396e-5 0.7749478 -0.3953029 0.4931445 0.8904751 -0.455032 1.54972e-6 0.7017031 -0.5134669 0.4939277 0.8065347 -0.5911868 -3.27826e-6 0.6149738 -0.6149728 0.4935745 0.7051396 -0.7090686 -1.131e-5 0.5092418 -0.7050316 0.4935618 0.5867776 -0.8097482 -1.35601e-5 0.3920132 -0.7761278 0.4939146 0.453464 -0.8912747 -8.50856e-6 0.265821 -0.8287 0.4925401 0.3091723 -0.9510061 -3.17395e-6 0.1329296 -0.8600516 0.492586 0.1561737 -0.9877297 6.10948e-7 0 -0.8706024 0.4919872 -1.1981e-5 -1 -1.30087e-5 -0.1561735 -0.9877296 7.30157e-7 -0.1367236 -0.8595576 0.4924097 -0.3091723 -0.9510061 -3.14415e-6 -0.2694424 -0.8278459 0.4920082 -0.4534637 -0.8912749 -8.46386e-6 -0.3952924 -0.77494 0.4931653 -0.5893406 -0.8078847 -9.74536e-6 -0.5121041 -0.7036561 0.4925621 -0.7071157 -0.707098 2.4125e-5 -0.6149737 -0.6149727 0.4935747 -0.8078854 -0.5893397 1.99676e-5 -0.7036561 -0.5121044 0.4925619 -0.8912745 -0.4534644 -5.21541e-7 -0.7749319 -0.3952789 0.4931888 -0.9510061 -0.3091723 -1.51396e-5 -0.8278454 -0.2694421 0.4920093 -0.9877296 -0.1561744 1.9446e-5 -0.8595864 -0.1367419 0.4923544 -1 1.18096e-5 4.85778e-6 -0.870624 3.58414e-7 0.4919491 -0.9877296 0.1561736 -9.34303e-6 -0.8600421 0.1329486 0.4925976 -0.9510061 0.3091723 2.49147e-5 -0.828722 0.2657907 0.4925195 -0.8912745 0.4534642 1.28299e-5 -0.7761316 0.3920082 0.4939125 -0.8097478 0.5867782 1.3113e-6 -0.7050623 0.5092148 0.4935458 -0.7090681 0.7051401 2.30968e-6 -0.6149641 0.6149662 0.4935948 -0.5911859 0.8065353 1.15037e-5 -0.5134542 0.701712 0.4939281 -0.455031 0.8904755 2.18302e-5 -0.3952893 0.7749391 0.4931693 -0.3091725 0.951006 1.30236e-5 -0.2703236 0.8266053 0.4936079 -0.1567691 0.9876353 1.12206e-5 -0.1371731 0.8585777 0.4939917 0 0.8696542 0.4936613 0.078601 0.5030451 0.8606786 0.1572858 0.483698 0.8609863 0.2316033 0.4553689 0.8596506 0.2985866 0.4126168 0.8605775 0.3611649 0.3611646 0.859721 0.4126214 0.2985831 0.8605765 0.4553094 0.231594 0.8596847 0.483638 0.1572785 0.8610214 0.5030552 0.07864665 0.8606685 0.5104789 -2.90299e-6 0.8598904 0.5028888 -0.08248567 0.8604063 0.4833039 -0.1610828 0.8605055 0.455357 -0.2316015 0.8596575 0.4121155 -0.3021796 0.8595629 0.3612077 -0.3612123 0.8596829 0.298155 -0.415862 0.8591638 0.2315903 -0.4553012 0.85969 0.1569806 -0.4865561 0.8594303 0.0784536 -0.5059533 0.8589856 -2.60654e-7 -0.5133218 0.8581963 -0.08234083 -0.5058122 0.8587049 -0.1607562 -0.4862812 0.8588877 -0.2315986 -0.4553459 0.8596641 -0.3017 -0.4153261 0.8581849 -0.3611774 -0.3611789 0.8597097 -0.4153558 -0.3016915 0.8581735 -0.455313 -0.23159 0.8596838 -0.4863163 -0.1608253 0.858855 -0.505789 -0.08231657 0.8587208 -0.5133177 5.82666e-7 0.8581988 -0.5059589 0.07845187 0.8589825 -0.48658 0.1569759 0.8594175 -0.4553094 0.2315938 0.8596847 -0.4158276 0.2981683 0.8591758 -0.3611983 0.3611949 0.8596942 -0.3022188 0.4121131 0.8595502 -0.2315849 0.4552798 0.8597027 -0.1610774 0.4833066 0.8605051 -0.08250087 0.5028864 0.8604062 0 0.5103834 0.859947 3.03319e-5 0.01178044 0.9999306 0.003955006 0.0120427 0.9999197 0.003929018 0.007858037 0.9999615 0.003945708 0.007860898 0.9999613 0.007845163 0.007845342 0.9999385 0.0078727 0.003964185 0.9999612 0.00786823 0.003935992 0.9999613 0.01171457 0.003905534 0.9999238 0.01177448 2.17026e-5 0.9999307 0.01185661 7.58102e-6 0.9999297 0.01179343 -0.003862857 0.9999231 0.01194417 -0.003914952 0.999921 0.007829427 -0.007849693 0.9999386 0.007800638 -0.007847726 0.9999388 0.007846474 -0.01175445 0.9999002 0.003929316 -0.01176041 0.9999232 0.003987967 -0.0117523 0.999923 0.003998279 -0.01220947 0.9999175 1.37581e-7 -0.01176381 0.9999308 0 -0.01562988 0.9998779 -0.003884792 -0.01178127 0.9999231 -0.003998279 -0.01220947 0.9999175 -0.007811486 -0.0117585 0.9999004 -0.007848262 -0.01179903 0.9998997 -0.01176911 -0.01176971 0.9998615 -0.01176959 -0.007843971 0.9999 -0.01176244 -0.007833182 0.9999002 -0.01194423 -0.003915011 0.9999211 -0.01567822 -0.003917276 0.9998695 -0.01562535 1.82656e-6 0.9998779 -0.01566118 1.67894e-5 0.9998775 -0.01196092 0.003984153 0.9999206 -0.0117585 0.003966689 0.999923 -0.01174223 0.003984093 0.9999231 -0.01174598 0.0078516 0.9999002 -0.007843136 0.007833957 0.9999386 -0.007855117 0.007817983 0.9999387 -0.003955066 0.01204288 0.9999197 -0.003897428 0.01177757 0.9999231 -3.32551e-7 0.0118435 0.99993 -0.07837742 -0.4861038 0.8703793 -0.152993 -0.4668697 0.8709913 -0.223437 -0.4390329 0.8702449 -0.289881 -0.3995633 0.8696656 -0.3487299 -0.3487288 0.8699286 -0.3995486 -0.2898709 0.8696756 -0.4390321 -0.2234365 0.8702453 -0.4668609 -0.1529693 0.8710002 -0.4861215 -0.07839 0.8703684 -0.4935907 2.085e-7 0.8696944 -0.4862844 0.07451778 0.8706174 -0.4671464 0.1491976 0.8715013 -0.4394094 0.2197244 0.8709998 -0.4000324 0.286288 0.8706396 -0.3491824 0.345322 0.8711053 -0.2903599 0.3962702 0.8710116 -0.223795 0.4358893 0.8717318 -0.1530316 0.4668868 0.8709754 -0.07850098 0.4831748 0.8719977 0 0.4907003 0.8713285 0.074602 0.4832624 0.8722912 0.1491905 0.4671497 0.8715007 0.2200626 0.4362413 0.8725056 0.2867033 0.3967247 0.8720154 0.3458567 0.3458652 0.8722159 0.3967232 0.2867348 0.8720057 0.4362521 0.2201117 0.8724877 0.4671464 0.1491976 0.8715013 0.4832942 0.07467323 0.8722676 0.4907872 -2.77753e-5 0.8712795 0.4831824 -0.07847863 0.8719953 0.4668608 -0.1529693 0.8710003 0.4358687 -0.2238224 0.871735 0.396269 -0.2903759 0.8710069 0.3452971 -0.3492297 0.8710962 0.2863099 -0.3999901 0.8706519 0.2197287 -0.4394044 0.8710013 0.1492069 -0.4671412 0.8715025 0.0745278 -0.4862731 0.8706229 -1.92185e-6 -0.493603 0.8696873 -0.1369265 -0.8525258 0.5044312 -0.2659823 -0.8213695 0.5045846 -0.3908767 -0.7700458 0.5042272 -0.5076286 -0.6989624 0.5037508 -0.6104418 -0.6104454 0.5046954 -0.6989518 -0.5076217 0.5037725 -0.7700278 -0.3908864 0.504247 -0.8214178 -0.2659509 0.5045227 -0.8525255 -0.1369327 0.5044302 -0.8636372 1.43133e-7 0.504114 -0.8529521 0.1330555 0.5047466 -0.8213877 0.2659699 0.5045616 -0.769973 0.3909209 0.5043038 -0.7003633 0.5047215 0.5047253 -0.6104008 0.6104026 0.5047965 -0.5089998 0.69698 0.5051121 -0.3916665 0.7687374 0.5056087 -0.2667487 0.8202562 0.505989 -0.1373187 0.8514418 0.5061527 0 0.8627683 0.5055995 0.1334316 0.8518837 0.5064488 0.2668102 0.8201412 0.506143 0.3920514 0.7684453 0.5057545 0.5061503 0.6983425 0.5060927 0.6103816 0.6103858 0.5048401 0.6983416 0.5061497 0.5060945 0.7686892 0.3917155 0.5056442 0.8201518 0.2668071 0.5061276 0.8518859 0.1334349 0.5064442 0.86272 4.87422e-5 0.5056819 0.8514453 -0.1373055 0.5061505 0.8200917 -0.2668393 0.5062081 0.768441 -0.392056 0.5057576 0.6969787 -0.509001 0.5051126 0.6104418 -0.6104453 0.5046954 0.5047428 -0.7003416 0.5047341 0.3908765 -0.7700457 0.5042274 0.2659444 -0.8214269 0.5045111 0.1330685 -0.8529451 0.5047549 1.86651e-7 -0.8636664 0.5040639 -0.1558705 -0.9877776 -1.01469e-4 -0.309017 -0.9510565 9.08285e-5 -0.45368 -0.8911647 3.57225e-5 -0.5893287 -0.8078934 0 -0.7071071 -0.7071066 6.7944e-5 -0.8078632 -0.58937 -1.40961e-6 -0.8910065 -0.4539905 4.38099e-5 -0.9510565 -0.309017 2.95599e-5 -0.9877982 -0.1557401 -2.32625e-5 -1 0 1.31269e-7 -0.9877667 0.1559388 1.23435e-5 -0.9510567 0.3090168 -2.95356e-5 -0.8910063 0.453991 -4.34647e-5 -0.8096661 0.5868908 -6.41117e-6 -0.709024 0.7051845 -1.4219e-6 -0.5911967 0.8065276 0 -0.4550628 0.8904594 1.7109e-6 -0.309017 0.9510565 -9.11494e-5 -0.1567693 0.9876353 5.35001e-7 0 1 -9.59627e-5 0.1564344 0.9876884 -9.37505e-5 0.309017 0.9510566 -9.12612e-5 0.4551076 0.8904365 5.38346e-6 0.5886773 0.8083682 3.5927e-6 0.707107 0.7071067 -6.8046e-5 0.8083672 0.5886786 2.74115e-6 0.8905039 0.4549757 -2.70103e-6 0.9510567 0.3090168 -2.95647e-5 0.9876884 0.1564348 -1.4989e-5 1 0 1.31269e-7 0.9876334 -0.1567818 -6.11241e-7 0.9510567 -0.3090169 2.95307e-5 0.8904584 -0.4550648 -8.64156e-7 0.8065273 -0.591197 0 0.7051848 -0.7090236 1.3045e-6 0.5868507 -0.8096953 5.81578e-6 0.4539905 -0.8910065 8.5534e-5 0.309017 -0.9510565 9.09646e-5 0.1557763 -0.9877924 -1.33643e-4 0 -1 9.60113e-5 -0.1368876 -0.8525159 -0.5044586 -0.2659765 -0.821379 -0.5045722 -0.3908915 -0.7700201 -0.5042548 -0.5076177 -0.6989431 -0.5037885 -0.6103625 -0.6103692 -0.5048834 -0.6989303 -0.5076135 -0.5038105 -0.7700054 -0.3909011 -0.5042701 -0.8213878 -0.26597 -0.5045614 -0.8525249 -0.1369266 -0.5044327 -0.8636625 1.23505e-6 -0.5040705 -0.8529403 0.1330801 -0.50476 -0.8213891 0.2659694 -0.5045593 -0.7700276 0.3908865 -0.5042474 -0.7003557 0.5047294 -0.504728 -0.610408 0.6104073 -0.5047822 -0.5090067 0.6969757 -0.5051112 -0.3921156 0.7684101 -0.5057583 -0.2668722 0.8200429 -0.5062698 -0.1372758 0.8514527 -0.506146 0 0.8626713 -0.5057651 0.1335368 0.851898 -0.5063968 0.2668724 0.8200426 -0.50627 0.3921156 0.76841 -0.5057583 0.5061802 0.6983249 -0.5060869 0.610425 0.6104262 -0.5047389 0.6983468 0.5061339 -0.5061032 0.7686889 0.3916187 -0.5057195 0.8201496 0.2667974 -0.5061362 0.8518989 0.1335272 -0.5063979 0.8627198 -4.8623e-5 -0.5056822 0.8514357 -0.1373403 -0.5061572 0.8201518 -0.2668071 -0.5061275 0.7684886 -0.3919916 -0.5057352 0.6969757 -0.5090075 -0.5051103 0.6103819 -0.6103859 -0.5048397 0.5047425 -0.7003428 -0.5047327 0.3908916 -0.7700203 -0.5042547 0.2659977 -0.8213503 -0.5046077 0.1330689 -0.8529466 -0.5047521 0 -0.8636592 -0.5040763 -0.07820862 -0.4845014 -0.8712875 -0.1524359 -0.4653391 -0.8719076 -0.2226864 -0.437578 -0.8711695 -0.2888923 -0.3981973 -0.8706206 -0.3475565 -0.347557 -0.8708666 -0.3982049 -0.288897 -0.8706156 -0.4375145 -0.2226775 -0.8712037 -0.465394 -0.1523782 -0.8718884 -0.484519 -0.07825875 -0.8712733 -0.4918598 -3.30509e-6 -0.8706745 -0.484635 0.07425314 -0.8715592 -0.465561 0.1486638 -0.8724402 -0.4379179 0.2189826 -0.8719373 -0.3986511 0.2853327 -0.8715863 -0.3480273 0.344134 -0.8720373 -0.2893716 0.3948956 -0.8719643 -0.2230598 0.4343804 -0.8726729 -0.1524107 0.4653503 -0.8719061 -0.07828027 0.4815086 -0.8729385 0 0.4889756 -0.8722975 0.07439368 0.48163 -0.8732115 0.1486664 0.4655617 -0.8724395 0.2193669 0.4347745 -0.8734124 0.2857964 0.3953846 -0.8729213 0.3445812 0.3445816 -0.8732282 0.3953951 0.2858126 -0.8729112 0.4347681 0.2193546 -0.8734188 0.4655613 0.1486638 -0.8724401 0.481644 0.07440686 -0.8732026 0.4888859 5.01167e-6 -0.8723478 0.4815055 -0.07828259 -0.87294 0.465394 -0.1523783 -0.8718883 0.4343653 -0.2230627 -0.8726797 0.3948754 -0.2893832 -0.8719695 0.3441693 -0.3480083 -0.8720308 0.2853462 -0.3986417 -0.8715861 0.2189419 -0.4379308 -0.871941 0.1486746 -0.4655638 -0.872437 0.07421672 -0.4846411 -0.871559 0 -0.4918977 -0.870653 4.65547e-5 0.01178514 -0.9999306 0.00399816 0.01220875 -0.9999175 0.003946661 0.007890045 -0.9999611 0.003938972 0.007854998 -0.9999614 0.00782144 0.007823228 -0.9999389 0.007872521 0.003962218 -0.9999613 0.007880747 0.003940761 -0.9999612 0.01176542 9.93838e-6 -0.9999308 0.01176762 6.76874e-6 -0.9999309 0.0118559 -7.42148e-6 -0.9999297 0.01176345 -0.003921389 -0.9999231 0.0118618 -0.003952562 -0.9999219 0.007840812 -0.007843911 -0.9999385 0.007834196 -0.007843017 -0.9999386 0.007839739 -0.01176899 -0.9999001 0.003918409 -0.01176494 -0.9999231 0.003965735 -0.01176077 -0.9999231 0.003954827 -0.01204168 -0.9999197 2.96078e-5 -0.01564359 -0.9998777 -1.81259e-7 -0.0156238 -0.999878 -0.003904819 -0.01565968 -0.9998698 -0.003942489 -0.01193904 -0.999921 -0.007833719 -0.01176273 -0.9999002 -0.007845759 -0.01178067 -0.9998999 -0.0117551 -0.01175522 -0.9998618 -0.01180344 -0.007846593 -0.9998996 -0.01176661 -0.007867574 -0.9998999 -0.01186251 -0.003950238 -0.9999219 -0.01567906 -0.003917455 -0.9998695 -0.01567625 -4.2696e-7 -0.9998772 -0.01566535 1.27908e-5 -0.9998774 -0.0117653 9.94676e-6 -0.9999309 -0.011756 0.00398308 -0.9999231 -0.01174974 0.003959238 -0.9999232 -0.01172912 0.007858037 -0.9999004 -0.007847011 0.007797539 -0.9999389 -0.007838308 0.007851302 -0.9999386 -0.00399816 0.01220875 -0.9999175 -0.003885149 0.01178145 -0.9999231 0 0.01181018 -0.9999303 0.07836717 0.5013914 -0.8616643 0.1567323 0.4819487 -0.8620676 0.2308267 0.4538166 -0.8606797 0.2976663 0.4112238 -0.8615624 0.360007 0.3599939 -0.8606972 0.411215 0.2976475 -0.8615732 0.4538464 0.2308822 -0.8606491 0.4819173 0.1567251 -0.8620865 0.5013817 0.07835757 -0.8616709 0.50886 -1.2623e-5 -0.8608493 0.5012027 -0.08221286 -0.8614158 0.4816811 -0.160543 -0.8615157 0.4537891 -0.2307502 -0.8607149 0.4107382 -0.3011882 -0.8605695 0.3600117 -0.3600258 -0.8606818 0.2971822 -0.4144314 -0.8601915 0.2307363 -0.453766 -0.8607307 0.1565014 -0.4849528 -0.8604232 0.07820534 -0.5042582 -0.8600044 0 -0.5116015 -0.8592229 -0.08204048 -0.5041064 -0.8597362 -0.160205 -0.484668 -0.8599019 -0.2308172 -0.4538133 -0.860684 -0.3006933 -0.4139415 -0.8592066 -0.360069 -0.3600956 -0.8606285 -0.4139987 -0.3007326 -0.8591653 -0.4538223 -0.2308403 -0.860673 -0.4846672 -0.1602283 -0.8598981 -0.5041181 -0.08207708 -0.8597258 -0.5116058 -4.79522e-7 -0.8592203 -0.5042639 0.07819336 -0.8600021 -0.4849315 0.1565447 -0.8604274 -0.4538465 0.2308822 -0.8606491 -0.4144306 0.2971816 -0.8601921 -0.3600069 0.3599939 -0.860697 -0.3011866 0.4107382 -0.86057 -0.230733 0.4537913 -0.8607183 -0.1605518 0.4816717 -0.8615193 -0.08221685 0.5011984 -0.8614178 0 0.5089113 -0.8608191 0.1333585 0.8590368 -0.4942384 0.2666594 0.8274835 -0.4941294 0.3919705 0.7761561 -0.4939036 0.5106095 0.7030839 -0.4949253 0.6150085 0.6150119 -0.4934824 0.7031883 0.5108484 -0.4945304 0.7761089 0.3920421 -0.4939209 0.8274697 0.26669 -0.494136 0.859039 0.1333478 -0.4942372 0.8696584 -2.64082e-6 -0.4936541 0.8585774 -0.1371911 -0.4939874 0.8266052 -0.2703421 -0.493598 0.7749307 -0.39528 -0.4931898 0.7016808 -0.5135061 -0.4939187 0.6149638 -0.6149662 -0.4935951 0.5092046 -0.7050734 -0.4935405 0.3919935 -0.7761411 -0.4939091 0.2658067 -0.8287105 -0.4925299 0.132921 -0.8600564 -0.4925802 1.44704e-7 -0.87062 -0.4919561 -0.1367278 -0.8595674 -0.4923917 -0.2694476 -0.8278525 -0.4919943 -0.3953136 -0.7749546 -0.4931252 -0.5121175 -0.7036606 -0.492542 -0.614964 -0.6149662 -0.493595 -0.7036503 -0.5120896 -0.4925855 -0.7749648 -0.395325 -0.4931003 -0.8278533 -0.2694472 -0.4919931 -0.8595852 -0.1367422 -0.4923566 -0.8706238 0 -0.4919494 -0.8600667 0.1329011 -0.4925675 -0.8287161 0.2657992 -0.4925247 -0.7761375 0.3919987 -0.4939104 -0.7050802 0.5091992 -0.4935365 -0.6149911 0.6149923 -0.4935287 -0.5135176 0.7016743 -0.4939159 -0.3952921 0.7749396 -0.4931662 -0.2703549 0.8266062 -0.4935895 -0.1371142 0.858568 -0.4940251 0 0.8696638 -0.4936446 0.1567698 0.9876353 0 0.309172 0.9510061 3.65078e-6 0.4550324 0.8904749 6.15418e-6 0.5886291 0.8084033 1.47522e-5 0.7070986 0.7071151 -2.27094e-5 0.8084036 0.5886286 -1.39326e-5 0.890475 0.4550322 -2.22027e-6 0.9510058 0.3091731 1.52737e-5 0.9876354 0.156769 -2.04146e-5 1 1.1812e-5 -4.72367e-6 0.9876352 -0.1567701 1.08033e-5 0.9510063 -0.3091716 -2.46167e-5 0.8904753 -0.4550316 -1.25617e-5 0.8065348 -0.5911867 1.81198e-5 0.7051402 -0.709068 -1.43051e-6 0.5867785 -0.8097476 1.93864e-5 0.4534639 -0.8912748 -1.89096e-5 0.3091723 -0.9510061 -1.19805e-5 0.1561736 -0.9877296 -1.07139e-5 1.1974e-5 -1 1.21295e-5 -0.1561735 -0.9877297 -1.07884e-5 -0.3091724 -0.9510061 -1.20103e-5 -0.4534645 -0.8912745 -1.89394e-5 -0.58934 -0.8078851 1.50502e-5 -0.7070981 -0.7071155 1.27554e-5 -0.8078852 -0.58934 -5.52833e-6 -0.8912746 -0.4534639 -1.10567e-5 -0.9510064 -0.3091714 -2.45571e-5 -0.9877297 -0.1561738 1.09077e-5 -1 -1.24411e-5 -4.73857e-6 -0.9877297 0.1561734 -2.02358e-5 -0.9510058 0.3091732 1.53631e-5 -0.8912743 0.4534646 -2.38419e-7 -0.8097484 0.5867773 -1.46329e-5 -0.709069 0.7051392 1.23233e-5 -0.5911869 0.8065347 -1.62274e-5 -0.4550323 0.8904749 5.30481e-6 -0.3091722 0.9510061 3.57628e-6 -0.1567696 0.9876353 -5.06639e-7 -1.19824e-5 1 1.33067e-5 1 -6.3137e-6 -2.14422e-5 0.966109 -5.2199e-7 0.2581346 1 6.01464e-6 -2.14279e-5 0.9661221 -2.40011e-6 0.2580857 0.8670597 -1.17177e-6 0.4982043 0.8670347 0 0.4982478 0.7071079 6.74701e-5 0.7071058 0.7071079 6.76267e-5 0.7071058 0.4982082 -2.01583e-6 0.8670575 0.4982083 -1.86844e-6 0.8670575 0.2591484 -5.91928e-6 0.9658376 0.2592895 -4.78046e-5 0.9657997 -2.34422e-7 9.47342e-5 1 6.36288e-7 9.47277e-5 1 -0.2591476 -5.6568e-6 0.9658377 -0.2592877 -4.68818e-5 0.9658002 -0.5011786 7.76505e-7 0.8653439 -0.5011348 3.8034e-6 0.8653693 -0.708997 2.33008e-6 0.7052116 -0.7090684 -3.28575e-7 0.7051398 -0.8680141 -1.34649e-7 0.4965397 -0.8680145 4.75122e-5 0.4965391 -0.9661086 -5.19925e-7 0.2581359 -0.9661086 -4.85415e-7 0.258136 -1 -1.54526e-7 0 -1 0 0 -0.9661086 4.66045e-7 -0.2581362 -0.9661217 2.32374e-6 -0.2580873 -0.8662776 -6.25696e-6 -0.499563 -0.8662773 -6.35331e-6 -0.4995635 -0.7071073 -6.83855e-5 -0.7071062 -0.7071071 -6.87014e-5 -0.7071065 -0.501266 5.29845e-6 -0.8652933 -0.5011789 -8.30092e-7 -0.8653437 -0.2581419 1.04521e-6 -0.9661071 -0.2580935 7.8366e-6 -0.96612 3.34888e-7 -9.69615e-5 -1 5.45389e-7 -9.6888e-5 -1 0.258095 7.58919e-6 -0.9661197 0.2579983 2.1049e-5 -0.9661454 0.4982522 0 -0.8670322 0.4982084 2.03557e-6 -0.8670575 0.7051414 0 -0.7090667 0.7051774 -1.10567e-6 -0.709031 0.8653442 -4.78201e-7 -0.5011783 0.8652935 3.01206e-6 -0.5012657 0.966122 2.36766e-6 -0.2580859 0.966148 5.93186e-6 -0.2579885 1 -6.23735e-6 2.14428e-5 1 6.38085e-6 2.15018e-5 0.7171539 -0.6699308 0.19205 0.7432941 -0.6689648 -1.81794e-5 0.7432898 -0.6689695 -1.84915e-5 0.7170934 -0.6700049 0.1920171 0.6433977 -0.6708227 0.368831 0.6433951 -0.6708505 0.368785 0.524964 -0.6699456 0.5249627 0.5249857 -0.6699095 0.5249871 0.3721754 -0.6699061 0.6424261 0.372136 -0.6698561 0.6425011 0.1920028 -0.6700356 0.7170686 0.1920155 -0.6699995 0.7170988 0 -0.6708903 0.7415567 0 -0.6708924 0.7415547 -0.1920028 -0.6700355 0.7170687 -0.1919893 -0.6700739 0.7170363 -0.3721147 -0.6698291 0.6425416 -0.3721356 -0.6698557 0.6425017 -0.5278351 -0.6685425 0.5238713 -0.5278379 -0.6685418 0.5238693 -0.6456704 -0.6691644 0.3678707 -0.6456975 -0.6691644 0.3678229 -0.718958 -0.668163 0.1914621 -0.718894 -0.6682173 0.1915127 -0.7431022 -0.669178 6.39256e-5 -0.7431027 -0.6691774 6.41417e-5 -0.7188866 -0.6682259 -0.1915109 -0.718919 -0.6681973 -0.1914887 -0.6447932 -0.668164 -0.3712123 -0.6447544 -0.6681968 -0.3712208 -0.5278363 -0.6685408 -0.5238723 -0.5278744 -0.6685298 -0.5238478 -0.3721139 -0.669837 -0.6425338 -0.3721804 -0.6699076 -0.6424217 -0.1919937 -0.6700586 -0.7170495 -0.191979 -0.6700941 -0.7170202 0 -0.6689882 -0.7432731 -1.23218e-7 -0.6688764 -0.7433738 0.1920095 -0.6700205 -0.7170809 0.1919793 -0.6700935 -0.7170207 0.3721814 -0.6699088 -0.6424199 0.3721583 -0.6698842 -0.6424589 0.5249698 -0.669935 -0.5249704 0.5249449 -0.6699714 -0.5249489 0.6424515 -0.6698887 -0.372163 0.6424527 -0.669888 -0.3721622 0.7171188 -0.6699766 -0.1920208 0.7171195 -0.6699758 -0.1920211 0.7432936 -0.6689653 1.95578e-6 0.7432988 -0.6689596 1.9297e-6 0.6421455 0.7478637 0.1683726 0.6648475 0.7469791 2.21804e-5 0.6648538 0.7469736 2.2173e-5 0.6421455 0.7478629 0.1683757 0.575932 0.7483085 0.3291455 0.5759353 0.7483252 0.329102 0.4697062 0.7475023 0.4696983 0.4697069 0.7475016 0.4696987 0.3325757 0.7473358 0.5752241 0.3325759 0.747336 0.5752237 0.1721912 0.7474153 0.6416547 0.1721913 0.7474156 0.6416543 0 0.748911 0.6626707 0 0.7489098 0.662672 -0.1722183 0.7474724 0.6415808 -0.1722185 0.7474727 0.6415804 -0.3325175 0.7472707 0.5753422 -0.3323794 0.747116 0.5756229 -0.4697059 0.7475026 0.469698 -0.4697059 0.7475026 0.4696981 -0.5759355 0.7483264 0.3290989 -0.5759352 0.748325 0.3291026 -0.6421455 0.7478637 0.1683718 -0.6421455 0.7478628 0.168376 -0.6647561 0.7470605 -7.11445e-5 -0.664756 0.7470606 -7.10067e-5 -0.6415706 0.7474887 -0.1721853 -0.6416465 0.7474257 -0.1721765 -0.5752866 0.7472925 -0.3325647 -0.5752047 0.7473452 -0.3325882 -0.4697161 0.7474792 -0.4697253 -0.4696922 0.7475118 -0.4696972 -0.332559 0.7472993 -0.5752811 -0.3325293 0.7472501 -0.5753623 -0.1721865 0.7474247 -0.6416449 -0.1721868 0.7474254 -0.641644 6.09238e-7 0.7469959 -0.6648288 6.3653e-7 0.7469958 -0.6648289 0.1721864 0.7474249 -0.6416447 0.1721674 0.7473638 -0.641721 0.3325883 0.7473479 -0.575201 0.3325887 0.7473486 -0.5751999 0.469717 0.747478 -0.4697262 0.4697162 0.7474791 -0.4697251 0.5752879 0.7472918 -0.3325641 0.575206 0.7473443 -0.3325877 0.6416475 0.7474249 -0.1721764 0.6416473 0.747425 -0.1721764 0.6648465 0.74698 -2.1289e-5 0.6648527 0.7469745 -2.11895e-5 -0.50128 -6.2964e-6 0.8652852 -8.00192e-6 -3.33615e-6 1 -7.76353e-6 8.97831e-6 1 -0.5011887 0 0.8653381 -0.8680022 4.76321e-5 0.4965602 -0.8680022 0 0.4965605 -1 0 0 -1 0 0 -0.8662626 -8.73921e-6 -0.4995889 -0.8662626 -8.76272e-6 -0.4995889 -0.501097 -6.47178e-6 -0.8653912 -0.5012342 2.98727e-6 -0.8653118 5.69619e-7 -9.58951e-5 -1 4.12483e-7 -9.58951e-5 -1 0.4982151 1.67241e-6 -0.8670535 0.4981691 3.86978e-6 -0.8670799 0.8653382 -1.2499e-7 -0.5011885 0.8653382 -1.443e-7 -0.5011885 1 0 0 1 0 2.06241e-7 0.8670554 -1.12584e-6 0.4982117 0.8670554 -1.10763e-6 0.4982119 0.4982156 -1.69418e-6 0.8670533 0.4982609 5.13122e-7 0.8670273 9.22382e-6 9.02773e-6 1 8.50856e-6 1.08306e-4 1 1.3644e-6 -1 9.54164e-5 -4.22877e-7 -1 9.567e-5 2.81333e-6 -1 9.56071e-5 -5.93769e-7 -1 9.55539e-5 3.28897e-7 -1 9.58318e-5 -5.13276e-7 -1 9.57636e-5 -2.04236e-7 -1 9.60061e-5 3.55589e-7 -1 9.60485e-5 0 -1 9.57919e-5 -1.50831e-7 -1 9.59764e-5 0 -1 9.57133e-5 0 -1 9.58229e-5 0 -1 9.58332e-5 0 -1 9.57876e-5 1.50744e-7 -1 9.58853e-5 0 -1 9.57921e-5 -3.55733e-7 -1 9.60486e-5 2.04542e-7 -1 9.60062e-5 5.12976e-7 -1 9.57637e-5 -3.2838e-7 -1 9.58318e-5 5.9293e-7 -1 9.55542e-5 4.23914e-7 -1 9.56705e-5 -1.36669e-6 -1 9.54176e-5 -2.81343e-6 -1 9.56094e-5 -0.7669351 0.6417248 0 -0.7669364 0.6417232 0 -0.7669338 0.6417263 -2.11439e-7 -0.7669369 0.6417225 0 -0.766875 0.6417966 -4.21295e-6 -0.7668743 0.6417973 -4.27104e-6 -0.7669368 0.6417227 0 -0.7668753 0.6417962 -4.27591e-6 -0.7669347 0.6417251 0 -0.766906 0.6417596 -2.11195e-6 -0.7669377 0.6417217 0 -0.7669389 0.6417202 0 0.7633874 -0.645941 0 0.7633897 -0.6459383 1.85799e-7 0.7633612 -0.645972 -6.53672e-7 0.7633883 -0.6459399 0 0.7633869 -0.6459416 1.28523e-7 0.7633877 -0.6459407 -1.28523e-7 0.7633874 -0.645941 0 0.7633877 -0.6459405 1.6368e-7 0.7633872 -0.6459413 0 0.763388 -0.6459403 0 0.7633879 -0.6459404 0 0.7633937 -0.6459336 2.59606e-7 -0.2465391 -0.2935366 -0.9236097 -0.5105926 -0.6080084 -0.6079646 -0.2465486 -0.2935285 -0.9236097 -0.5105922 -0.6080083 -0.6079651 -0.629674 -0.7548102 -0.1837722 -0.6248984 -0.7538355 -0.203062 -0.6235788 -0.7599908 0.1832034 -0.6213455 -0.7463944 0.2383802 -0.5047932 -0.6104326 0.6103736 -0.4974968 -0.5914908 0.6345357 -0.2465539 -0.2935178 0.9236118 -0.2465532 -0.2935172 0.9236121 0.08233147 0.09801506 0.9917735 0.08233141 0.09801471 0.9917735 0.3923256 0.4668765 0.7925321 0.3922858 0.4668586 0.7925623 0.5924168 0.7100768 0.3805697 0.5924187 0.7100738 0.3805725 0.6436253 0.7653408 -2.22937e-6 0.6436764 0.7652978 2.07128e-6 0.5931615 0.7070798 -0.3849644 0.5931592 0.7070778 -0.3849719 0.3911264 0.4654596 -0.7939569 0.391117 0.4654171 -0.7939865 0.08233642 0.09801959 -0.9917727 0.08233177 0.09802389 -0.9917725 -0.24654 -0.2935163 -0.9236158 -0.246559 -0.2935003 -0.9236159 -0.5577425 -0.6630717 -0.4992588 -0.3211995 -0.3838749 -0.86572 -0.3211901 -0.3838824 -0.8657202 -0.557785 -0.6630561 -0.4992319 -0.6439614 -0.7650581 3.24431e-6 -0.6439692 -0.7650515 2.76207e-6 -0.558821 -0.6643474 0.4963484 -0.5588467 -0.6643592 0.4963036 -0.3211982 -0.3839669 0.8656796 -0.3212077 -0.383918 0.8656978 3.43736e-7 9.61282e-5 1 4.61588e-7 9.60594e-5 1 0.3216987 0.3805083 0.8670199 0.3216931 0.3805574 0.8670004 0.5575865 0.6636167 0.4987086 0.5576498 0.6636272 0.4986237 0.6436771 0.7652972 2.12538e-6 0.643683 0.7652923 2.59672e-6 0.5565026 0.6623119 -0.5016451 0.5565026 0.6623117 -0.5016454 0.3216953 0.380538 -0.867008 0.3216953 0.3805376 -0.8670082 3.09362e-7 -9.56273e-5 -1 1.52226e-7 -9.57599e-5 -1 -0.3212045 -0.3839045 -0.865705 -0.321214 -0.3838964 -0.865705 0.1171711 -0.6600241 -0.7420506 -0.08225065 -0.9006277 -0.4267373 0.1171837 -0.6600291 -0.7420442 -0.08222234 -0.9005894 -0.4268234 -0.156198 -0.9877257 -5.24864e-6 -0.1561921 -0.9877268 -4.30219e-6 -0.08224391 -0.9006214 0.426752 -0.08224183 -0.9006181 0.4267592 0.1174901 -0.6619617 0.7402721 0.1174995 -0.6619521 0.7402791 0.3963084 -0.3335279 0.855394 0.3963034 -0.3335191 0.8553998 0.6709305 -0.00395298 0.7415097 0.6709007 -0.00391364 0.7415369 0.8732814 0.2349407 0.4268286 0.8732761 0.2349487 0.4268351 0.945487 0.3256599 1.07448e-6 0.9454738 0.3256982 2.43439e-6 0.8732657 0.234964 -0.4268476 0.8732466 0.2349918 -0.4268716 0.6689441 -0.003916144 -0.7433025 0.6689383 -0.003917753 -0.7433077 0.3949732 -0.3324427 -0.8564333 0.3949723 -0.3324467 -0.8564321 0.1171665 -0.6600124 -0.7420618 0.1171795 -0.6600188 -0.7420541 -0.6711266 -2.53879e-6 -0.7413428 -0.8724576 -0.2386472 -0.4264568 -0.671129 -5.06639e-7 -0.7413406 -0.8724558 -0.2386394 -0.4264646 -0.9459719 -0.3242488 -1.98266e-5 -0.9459696 -0.3242554 -1.90938e-5 -0.8724588 -0.2386517 0.4264517 -0.8724526 -0.2386232 0.4264805 -0.6730735 -1.5505e-5 0.7395757 -0.6730562 8.3684e-6 0.7395914 -0.3968124 0.3300424 0.8565115 -0.3967808 0.330073 0.8565143 -0.1216773 0.6594278 0.7418556 -0.1216847 0.6594264 0.7418556 0.07831883 0.9008859 0.426932 0.07835429 0.9008762 0.4269458 0.1529732 0.9882304 -1.23121e-6 0.1529445 0.9882348 -1.89e-7 0.07833451 0.9008817 -0.4269379 0.07834732 0.9008779 -0.4269436 -0.1213256 0.6575115 -0.7436121 -0.1213452 0.6574836 -0.7436334 -0.3954902 0.3289365 -0.8575479 -0.3954956 0.3288968 -0.8575607 -0.6711177 -7.10413e-6 -0.7413509 -0.671116 -1.05649e-5 -0.7413524 -2.29715e-6 1 -9.54426e-5 -4.0878e-6 1 -9.56954e-5 2.81334e-6 1 -9.61562e-5 9.67607e-7 1 -9.55541e-5 1.88883e-6 1 -9.59722e-5 7.51052e-7 1 -9.59748e-5 4.47565e-7 1 -9.57445e-5 0 1 -9.57233e-5 0 1 -9.58406e-5 -4.56513e-7 1 -9.5699e-5 0 1 -9.59229e-5 0 1 -9.57595e-5 0 1 -9.59075e-5 0 1 -9.59228e-5 4.56591e-7 1 -9.56989e-5 0 1 -9.58405e-5 0 1 -9.57232e-5 -4.47712e-7 1 -9.56665e-5 -7.5072e-7 1 -9.59592e-5 -1.88933e-6 1 -9.5744e-5 -9.67015e-7 1 -9.55715e-5 4.08673e-6 1 -9.60457e-5 2.29951e-6 1 -9.5441e-5 -2.81331e-6 1 -9.61538e-5 0.1922155 0.9805682 0.03923308 6.80983e-6 0.9628431 0.2700617 1.39996e-5 0.9992037 0.03990095 0.1880583 0.9442158 0.2703527 -8.29995e-6 0.5583253 0.8296221 0.1057023 0.5479722 0.8297913 -1.51028e-5 -0.07458996 0.9972144 -0.0156545 -0.07068645 0.9973758 -1.33887e-5 -0.6501453 0.75981 -0.1291472 -0.6378992 0.7592139 -7.71135e-6 -0.9730562 0.2305681 -0.1915848 -0.9539847 0.2306696 2.17631e-5 -0.9730573 -0.2305632 -0.1916113 -0.953978 -0.2306755 -5.68479e-6 -0.8912781 -0.4534573 -0.1756166 -0.8741922 -0.4527105 -0.3715112 -0.8993092 -0.2306996 -0.3398156 -0.8241595 -0.4530857 -0.5424571 -0.8079069 -0.2302757 -0.4955218 -0.7413352 -0.4526371 -0.6880126 -0.6880348 -0.2307528 -0.6300413 -0.6300423 -0.4539766 -0.8078944 -0.5424775 -0.230271 -0.7413442 -0.49553 -0.4526134 -0.8992744 -0.3715893 -0.2307096 -0.8241734 -0.3398066 -0.4530673 -0.953984 -0.19158 -0.2306764 -0.8741818 -0.1755945 -0.4527394 -0.9731076 1.82669e-5 -0.2303512 -0.891277 -1.39094e-7 -0.4534595 -0.9546936 0.187802 -0.2308476 -0.8747642 0.1718608 -0.4530469 -0.8992856 0.371559 -0.2307152 -0.8241624 0.3398141 -0.4530814 -0.8095712 0.539764 -0.2307589 -0.7427941 0.492564 -0.4534728 -0.6898953 0.6859723 -0.2312717 -0.630016 0.6300125 -0.4540529 -0.5442029 0.8065264 -0.2309945 -0.4969433 0.7395878 -0.4539355 -0.3727974 0.898559 -0.2315468 -0.3409015 0.8228735 -0.4546046 -0.1915518 0.9539888 -0.2306801 -0.1762217 0.8732684 -0.4542557 0 0.9728633 -0.231381 0 0.890532 -0.4549209 0.1877747 0.9546992 -0.2308467 0.1724416 0.8738558 -0.4545768 0.3728251 0.8985373 -0.2315865 0.3408573 0.8227937 -0.4547822 0.5414353 0.8082478 -0.2314814 0.4940207 0.7410072 -0.4548098 0.6878259 0.6878265 -0.2319273 0.6300316 0.6300296 -0.4540078 0.8082079 0.5414812 -0.2315127 0.7410176 0.4940107 -0.4548037 0.8985828 0.3727669 -0.231503 0.82282 0.3408521 -0.4547384 0.9546937 0.1878016 -0.2308478 0.8738488 0.1724582 -0.454584 0.972836 1.85811e-6 -0.2314957 0.8904169 -4.2847e-5 -0.4551458 0.953984 -0.1915797 -0.2306766 0.8732688 -0.1761993 -0.4542637 0.8985335 -0.3728235 -0.2316037 0.822843 -0.3408888 -0.4546695 0.8065257 -0.5442042 -0.2309942 0.7395944 -0.496926 -0.4539436 0.6859886 -0.6898805 -0.2312677 0.6300584 -0.6300576 -0.4539316 0.5398532 -0.8095134 -0.2307522 0.4925876 -0.742767 -0.4534918 0.3715112 -0.8993093 -0.2306995 0.3398332 -0.8241315 -0.4531233 0.1877695 -0.9546995 -0.2308499 0.1718552 -0.8747696 -0.4530385 6.70552e-6 -0.9730575 -0.2305628 5.66938e-6 -0.891278 -0.4534572 -1.22413e-5 -0.9730584 0.2305594 0.1878029 -0.9546948 0.2308419 -2.76044e-5 -0.6501453 0.75981 0.1253054 -0.6382001 0.7596047 2.18516e-5 -0.07458746 0.9972146 0.01185047 -0.07068955 0.9974281 1.79559e-5 0.5583256 0.829622 -0.1094647 0.5477044 0.8294803 9.08226e-6 0.9628431 0.2700617 -0.1880584 0.9442157 0.270353 -1.9446e-5 0.999232 0.03918468 -0.195973 0.9798262 0.03918492 -0.3683422 0.8895087 0.2703675 -0.3831879 0.9228408 0.0391407 -0.5367565 0.7992567 0.2703356 -0.5560927 0.8301983 0.03913867 -0.6826452 0.6787483 0.2707331 -0.7085034 0.7046198 0.03916531 -0.8014769 0.5317274 0.2736799 -0.8314142 0.55428 0.03904241 -0.8885425 0.3679382 0.2740689 -0.9240599 0.3798133 0.04307323 -0.9439021 0.1840779 0.274161 -0.9805656 0.1914275 0.04297429 -0.9618114 -1.93354e-6 0.2737134 -0.9990757 6.50431e-6 0.04298645 -0.9432098 -0.1878586 0.2739791 -0.9796814 -0.1949826 0.04696881 -0.8885617 -0.3679495 0.2739914 -0.9225202 -0.383089 0.04689788 -0.7998153 -0.5345113 0.2731176 -0.8311329 -0.554097 0.04684913 -0.6801254 -0.6801255 0.2736035 -0.7063301 -0.7063354 0.04677867 -0.5339333 -0.798956 0.2767392 -0.5539981 -0.8309715 0.05072128 -0.3675586 -0.8876243 0.2775318 -0.3830311 -0.9223387 0.05078041 -0.1876853 -0.9422191 0.2774843 -0.1951259 -0.9794692 0.05065524 0 -0.9607799 0.277312 0 -0.998709 0.05079704 0.1838765 -0.9428834 0.2777774 0.1913502 -0.9802081 0.05076587 0.3641603 -0.8888723 0.2780168 0.3797232 -0.923699 0.05089932 0.5311461 -0.8006212 0.2772895 0.5512706 -0.832777 0.05082619 0.6780121 -0.6819389 0.2743335 0.7043655 -0.7082828 0.04695433 0.7984055 -0.5361841 0.2739625 0.8299295 -0.5558856 0.04699224 0.8885616 -0.3679496 0.2739918 0.9225108 -0.383116 0.04686236 0.9432229 -0.1878631 0.273931 0.9795074 -0.195841 0.04702937 0.9615185 -2.59228e-6 0.2747406 0.9990717 -1.86648e-6 0.04308092 0.9439019 0.184078 0.2741615 0.980414 0.192165 0.04314076 0.8885424 0.3679381 0.2740693 0.9240595 0.3798142 0.04307341 0.7998906 0.5337369 0.2744084 0.830207 0.5560769 0.0391798 0.6805607 0.6805608 0.2714301 0.7065648 0.7065606 0.0392223 0.5339546 0.8009444 0.2708889 0.5533655 0.8320136 0.03924429 0.3683419 0.8895087 0.2703675 0.3798606 0.9242147 0.03915727 0.2117657 0.5137357 0.8314031 -0.02732783 -0.06675648 0.997395 -0.2501462 -0.6019374 0.7583525 -0.3714708 -0.8993199 0.2307232 -0.5397272 -0.8095997 0.2307447 -0.6880397 -0.6880397 0.2306572 -0.8095707 -0.5397444 0.2308056 -0.8993219 -0.3714693 0.2307181 -0.953984 -0.1915765 0.2306793 -0.9730631 -2.76137e-7 0.2305392 -0.9546983 0.1877946 0.2308344 -0.8993393 0.371454 0.2306747 -0.8095806 0.5397393 0.2307837 -0.6898782 0.6859862 0.2312811 -0.541434 0.8082445 0.2314958 -0.3727393 0.8985825 0.2315489 -0.1923363 0.9536268 0.2315224 0 0.9728373 0.2314903 0.1885067 0.954346 0.2317088 0.3727999 0.8985803 0.2314599 0.5414336 0.8082445 0.2314962 0.6878529 0.6878494 0.231779 0.8082439 0.5414354 0.2314947 0.8985795 0.3727827 0.2314908 0.9543577 0.1884772 0.2316848 0.9728398 7.16536e-7 0.2314798 0.9536324 -0.1922786 0.2315478 0.8985806 -0.3727934 0.2314698 0.8082429 -0.5414376 0.2314925 0.6859915 -0.6898711 0.2312867 0.539741 -0.8095769 0.230792 0.3714547 -0.8993389 0.2306753 0.2465102 -0.6025323 0.7590703 0.02732777 -0.06675696 0.997395 -0.2155233 0.5132979 0.8307075 -0.3131071 0.4619067 0.829823 -0.3956975 0.3918371 0.8305946 -0.4654353 0.3091021 0.8293526 -0.5166147 0.2113538 0.8297222 -0.5479745 0.1056858 0.8297919 -0.5591916 9.93547e-7 0.8290385 -0.5476714 -0.1094119 0.829509 -0.5161798 -0.2150556 0.8290414 -0.4649553 -0.3125783 0.8283185 -0.394935 -0.3949077 0.8295025 -0.3125606 -0.4649484 0.828329 -0.2150779 -0.5161882 0.8290305 -0.1094294 -0.5476592 0.8295147 0 -0.5592496 0.8289994 0.1056793 -0.5479758 0.8297919 0.2114203 -0.5165807 0.8297264 0.3090608 -0.4654895 0.8293378 0.3918302 -0.3956991 0.830597 0.4618862 -0.3131358 0.8298237 0.5132779 -0.2155421 0.830715 0.5450543 -0.1097596 0.8311851 0.5565688 3.19403e-6 0.8308016 0.5452383 0.1059226 0.8315622 0.5137585 0.2117887 0.831383 0.4624467 0.3096042 0.830836 0.3924061 0.3924064 0.8318862 0.3096157 0.4624898 0.8308077 -0.04319381 -0.06282037 0.9970898 -0.3604466 -0.5407599 0.7600376 -0.4611203 -0.4611201 0.7581138 -0.540684 -0.3604544 0.7600879 -0.6019573 -0.2501606 0.7583318 -0.6378981 -0.1291454 0.7592151 -0.6501498 -3.34752e-7 0.7598061 -0.6382316 0.1252802 0.7595824 -0.6025329 0.2465111 0.7590695 -0.5407039 0.3604507 0.7600754 -0.4619725 0.4580282 0.759468 -0.3604496 0.540723 0.7600623 -0.250723 0.5994687 0.7601153 -0.1294596 0.6355707 0.7611112 0 0.6501389 0.7598154 0.1255455 0.6358414 0.7615407 0.2470368 0.6000631 0.760853 0.3604552 0.5406771 0.7600923 0.4589195 0.458993 0.7607355 0.5407028 0.3604509 0.7600761 0.6000542 0.2470692 0.7608494 0.6358923 0.1256177 0.7614862 0.6479128 2.36114e-6 0.7617145 0.6355645 -0.1294775 0.7611133 0.599466 -0.2507469 0.7601097 0.540683 -0.3604545 0.7600886 0.4580346 -0.4619522 0.7594765 0.3604514 -0.5407132 0.7600686 0.03926801 -0.06280088 0.9972533 0.05080699 -0.05100631 0.9974052 0.05892896 -0.04311382 0.9973308 0.06661003 -0.02732163 0.9974049 0.07068961 -0.01564979 0.9973756 0.07070934 1.26427e-6 0.997497 0.07069212 0.01185178 0.9974278 0.06671339 0.02734041 0.9973976 0.05900347 0.03935009 0.997482 0.05094045 0.05085164 0.9974063 0.03932356 0.05898278 0.9974843 0.02742564 0.06669706 0.9973963 0.01177078 0.07068222 0.9974295 0 0.07075059 0.9974941 -0.01567333 0.07068812 0.9973754 -0.02742552 0.06669688 0.9973963 -0.04311388 0.0589326 0.9973305 -0.05116313 0.05125886 0.9973741 -0.062855 0.03924804 0.9972507 -0.06670892 0.02734166 0.9973978 -0.0706861 0.0118004 0.9974289 -0.07456868 9.79635e-7 0.997216 -0.07068979 -0.01564973 0.9973756 -0.06660991 -0.02732187 0.9974049 -0.06281489 -0.04318839 0.9970903 -0.05116307 -0.05106735 0.9973838 0.9091349 0.3564832 0.2153919 0.9707612 0.09785425 0.2191973 0.9688276 0.09807229 0.2274973 0.9503349 0.2277621 0.2121037 0.7225245 0.6440253 0.2513759 0.5767966 0.7845543 0.227553 -0.0196377 0.9687947 0.2470856 -0.01173138 0.9709891 0.2388362 -0.7315892 0.6494468 0.2073553 -0.5758401 0.7756156 0.2585128 -0.9486034 0.245973 0.1991205 -0.8997932 0.3677762 0.2347615 -0.9711254 0.09397989 0.2192789 -0.9697826 0.08991545 0.2267975 0 9.57036e-5 1 0 9.58567e-5 1 0 9.58567e-5 1 -2.40541e-7 9.57036e-5 1 2.63778e-7 9.56243e-5 1 0 9.56241e-5 1 0 9.61609e-5 1 0.9719928 -4.79031e-6 0.2350108 0.8418884 0.4857012 0.2351989 0.9719563 3.8313e-7 0.2351618 0.8419759 0.4856349 0.2350221 0.485652 0.8419524 0.235071 0.4856529 0.8419512 0.2350733 0 0.9720038 0.2349652 0 0.9719784 0.2350706 -0.4885707 0.8404096 0.2345431 -0.4885603 0.8404144 0.2345477 -0.8419773 0.4856339 0.2350193 -0.8419758 0.4856351 0.2350224 -0.9721797 -3.82592e-7 0.2342362 -0.9721783 -2.51079e-7 0.2342423 -0.8403925 -0.4886083 0.2345258 -0.8403972 -0.4885978 0.2345311 -0.4885755 -0.840407 0.2345425 -0.4886087 -0.8403925 0.2345255 0 -0.9721574 0.234329 0 -0.9721806 0.234233 0.485661 -0.8419334 0.2351202 0.4856202 -0.8419949 0.2349843 0.840393 -0.4886076 0.234526 0.8403976 -0.4885969 0.2345313 0.5252037 0.3018084 0.7956588 0.7812263 6.02148e-5 0.6242479 0.6785025 0.3882796 0.6235971 0.604376 -7.6936e-7 0.7966992 0.6774461 -0.3915744 0.6226847 0.5245915 -0.3053877 0.7946964 0.388291 -0.6784927 0.6236007 0.301776 -0.5252411 0.7956463 0 -0.7827652 0.6223172 1.60009e-7 -0.6068822 0.7947919 -0.3916154 -0.6774832 0.6226187 -0.305383 -0.5245916 0.7946981 -0.6774681 -0.3916 0.6226448 -0.524587 -0.3053548 0.794712 -0.782792 -6.87753e-7 0.6222834 -0.6068263 1.95926e-6 0.7948346 -0.6785022 0.3882798 0.6235973 -0.5252174 0.301795 0.7956548 -0.3916395 0.6775019 0.6225832 -0.3053874 0.5245904 0.7946972 0 0.7812865 0.6241727 1.67456e-7 0.6043712 0.7967029 0.3882927 0.6784921 0.6236004 0.301834 0.5251774 0.7956665 0.2275421 0.129455 0.9651249 0.2628224 1.5306e-6 0.9648444 0.2274608 -0.1333057 0.9646198 0.1293588 -0.2312592 0.9642539 0 -0.2664225 0.9638564 -0.1331927 -0.2311225 0.9637646 -0.2311121 -0.1331859 0.9637681 -0.2664149 1.03487e-6 0.9638584 -0.2312724 0.1293383 0.9642535 -0.1332888 0.2275008 0.9646126 0 0.2628096 0.9648478 0.1294531 0.2275397 0.9651256 0 9.58317e-5 1 0 -1 0 0.02347898 -0.2663813 0.9635818 0.02347892 -0.2663813 0.9635818 0.02347898 -0.2663813 0.9635818 0.02347904 -0.2663812 0.9635818 0.02347904 -0.2663812 0.9635818 0.02347892 -0.2663811 0.9635819 0.07448899 -0.2547411 0.9641361 0.07448899 -0.2547411 0.9641361 0.07448893 -0.254741 0.9641361 0.07448905 -0.2547412 0.9641361 0.07448911 -0.2547413 0.9641361 0.07448893 -0.254741 0.9641362 0.1215482 -0.2351884 0.9643197 0.1215482 -0.2351883 0.9643198 0.1215482 -0.2351883 0.9643198 0.1215043 -0.2352064 0.9643209 0.1215043 -0.2352065 0.9643208 0.1215043 -0.2352066 0.9643208 0.1684355 -0.2076146 0.9636003 0.1684353 -0.2076147 0.9636005 0.1684355 -0.2076147 0.9636003 0.1684401 -0.2076613 0.9635895 0.1684398 -0.2076614 0.9635896 0.1684399 -0.2076613 0.9635896 0.20385 -0.1685713 0.9643801 0.20385 -0.1685714 0.96438 0.20385 -0.1685714 0.96438 0.20385 -0.1685713 0.96438 0.20385 -0.1685714 0.96438 0.2314054 -0.1254883 0.9647302 0.2314054 -0.1254883 0.9647302 0.2314054 -0.1254884 0.9647302 0.2314056 -0.1254882 0.9647302 0.2314056 -0.1254882 0.9647302 0.2314056 -0.1254882 0.9647302 0.2510424 -0.07841861 0.9647944 0.2510425 -0.07841861 0.9647945 0.2510424 -0.07841861 0.9647944 0.2510428 -0.07841855 0.9647944 0.2510428 -0.07841849 0.9647944 0.2510428 -0.07841861 0.9647944 0.2626839 -0.02744835 0.9644915 0.2626839 -0.02744835 0.9644914 0.2626838 -0.02744823 0.9644916 0.2626839 -0.02744799 0.9644914 0.262684 -0.02744805 0.9644914 0.262684 -0.02744805 0.9644914 0.2627452 0.02359861 0.9645767 0.2627452 0.02359855 0.9645766 0.2627453 0.02359849 0.9645766 0.2627066 0.02351254 0.9645893 0.2627065 0.0235126 0.9645893 0.2627065 0.0235126 0.9645894 0.2510843 0.07454252 0.9650908 0.2510842 0.07454276 0.9650908 0.2510842 0.0745427 0.9650908 0.2510845 0.07454282 0.9650906 0.2510845 0.0745427 0.9650906 0.2510845 0.07454276 0.9650906 0.2315145 0.1216644 0.9651937 0.2315146 0.1216643 0.9651938 0.2315146 0.1216643 0.9651938 0.2315144 0.1216642 0.9651938 0.2315144 0.1216643 0.9651938 0.2315145 0.1216642 0.9651938 0.2038058 0.168588 0.9643865 0.2038058 0.168588 0.9643865 0.2038057 0.1685879 0.9643866 0.2038503 0.1685712 0.96438 0.2038503 0.1685712 0.96438 0.2038503 0.1685712 0.96438 0.1685878 0.2038061 0.9643865 0.1685878 0.2038061 0.9643865 0.1685879 0.2038062 0.9643865 0.1685878 0.2038061 0.9643865 0.1685878 0.2038061 0.9643865 0.1685878 0.2038061 0.9643865 0.1216643 0.2315145 0.9651938 0.1216641 0.2315148 0.9651937 0.1216643 0.2315145 0.9651938 0.1216641 0.2315144 0.9651938 0.121664 0.2315144 0.9651938 0.1216642 0.2315142 0.9651938 0.07454293 0.2510842 0.9650908 0.07454264 0.2510844 0.9650908 0.07454282 0.2510842 0.9650907 0.07454288 0.2510845 0.9650906 0.07454305 0.2510843 0.9650908 0.07454288 0.2510844 0.9650906 0.02351248 0.2627066 0.9645892 0.0235126 0.2627065 0.9645893 0.02351266 0.2627063 0.9645894 0.02355521 0.2627257 0.964583 0.02355521 0.2627257 0.964583 0.02355527 0.2627256 0.964583 -0.02744835 0.2626839 0.9644916 -0.02744835 0.2626839 0.9644916 -0.02744781 0.2626842 0.9644914 -0.02744793 0.2626844 0.9644914 -0.02744793 0.2626844 0.9644914 -0.07844156 0.2510017 0.9648031 -0.0784412 0.2510015 0.9648032 -0.0784415 0.2510017 0.9648032 -0.07841897 0.2510419 0.9647946 -0.07841914 0.2510419 0.9647945 -0.07841891 0.2510418 0.9647946 -0.1254884 0.2314057 0.9647302 -0.1254884 0.2314057 0.9647302 -0.1254882 0.2314056 0.9647302 -0.1254884 0.2314051 0.9647302 -0.1254885 0.2314051 0.9647302 -0.1254882 0.231405 0.9647303 -0.1685879 0.2038057 0.9643866 -0.1685879 0.2038057 0.9643866 -0.168588 0.2038057 0.9643866 -0.1685548 0.2038943 0.9643736 -0.1685548 0.2038943 0.9643736 -0.1685547 0.2038943 0.9643736 -0.2076609 0.1684399 0.9635896 -0.2076609 0.1684399 0.9635896 -0.2076609 0.16844 0.9635896 -0.207661 0.1684399 0.9635897 -0.2076609 0.1684402 0.9635896 -0.207661 0.16844 0.9635897 -0.2352065 0.121504 0.9643209 -0.2352065 0.121504 0.9643209 -0.2352068 0.1215041 0.9643208 -0.2352067 0.121504 0.9643208 -0.2352066 0.121504 0.9643209 -0.254741 0.07448917 0.9641362 -0.254741 0.07448917 0.9641361 -0.254741 0.07448917 0.9641361 -0.2547601 0.0744453 0.9641345 -0.2547599 0.07444518 0.9641345 -0.25476 0.07444524 0.9641345 -0.2663478 0.02351188 0.9635903 -0.2663477 0.0235117 0.9635903 -0.2663478 0.02351188 0.9635902 -0.2663476 0.02351212 0.9635902 -0.2663474 0.02351188 0.9635903 -0.2663474 0.02351188 0.9635903 -0.2663182 -0.02740907 0.9634955 -0.2663181 -0.02740919 0.9634955 -0.2663182 -0.02740889 0.9634955 -0.2663187 -0.02740925 0.9634953 -0.2663188 -0.02740913 0.9634953 -0.2663186 -0.02740937 0.9634953 -0.2546508 -0.07832729 0.9638558 -0.2546508 -0.07832735 0.9638558 -0.2546508 -0.07832729 0.9638558 -0.254678 -0.07836562 0.9638454 -0.2546778 -0.07836568 0.9638455 -0.2546779 -0.07836568 0.9638454 -0.2350665 -0.125373 0.9638596 -0.2350665 -0.125373 0.9638596 -0.2350665 -0.1253729 0.9638596 -0.2350227 -0.1253589 0.9638721 -0.2350227 -0.125359 0.9638722 -0.2350227 -0.1253589 0.9638721 -0.2076609 -0.16844 0.9635897 -0.2076608 -0.1684402 0.9635897 -0.2076609 -0.1684399 0.9635897 -0.2076138 -0.1684354 0.9636005 -0.2076138 -0.1684355 0.9636005 -0.2076138 -0.1684356 0.9636006 -0.1684401 -0.207661 0.9635896 -0.1684401 -0.207661 0.9635896 -0.1684398 -0.207661 0.9635896 -0.1684356 -0.2076147 0.9636004 -0.1684355 -0.2076147 0.9636004 -0.1684355 -0.2076147 0.9636004 -0.1253731 -0.2350667 0.9638596 -0.125373 -0.2350668 0.9638596 -0.1253731 -0.2350667 0.9638596 -0.125373 -0.2350665 0.9638596 -0.1253731 -0.2350665 0.9638596 -0.125373 -0.2350665 0.9638596 -0.0783658 -0.254678 0.9638454 -0.0783658 -0.2546781 0.9638454 -0.07836592 -0.254678 0.9638454 -0.07832759 -0.2546508 0.9638556 -0.07832765 -0.2546508 0.9638556 -0.07832759 -0.2546509 0.9638557 -0.02740925 -0.2663185 0.9634953 -0.02740913 -0.2663185 0.9634953 -0.02740925 -0.2663185 0.9634954 -0.02740925 -0.2663182 0.9634954 -0.02740901 -0.2663183 0.9634954 -0.02740901 -0.2663183 0.9634954 -0.9660946 -0.003912508 -0.2581589 -0.9999924 -0.003898382 -2.33501e-5 -0.9999924 -0.003915786 -2.39015e-5 -0.9661418 -0.003893435 -0.2579826 -0.8662681 -0.003913581 -0.4995642 -0.8664022 -0.003876268 -0.4993319 -0.7071008 -0.003983914 -0.7071015 -0.7071 -0.003984212 -0.7071024 -0.5010995 -0.003920435 -0.8653808 -0.5010989 -0.003920435 -0.8653813 -0.2583408 -0.003931879 -0.9660459 -0.2581627 -0.003912925 -0.9660935 2.26842e-6 -0.003985404 -0.9999921 -1.22434e-6 -0.003983855 -0.9999921 0.2581652 -0.003913164 -0.966093 0.2582482 -0.003921806 -0.9660707 0.4982674 -0.003923952 -0.8670145 0.4982661 -0.003923833 -0.8670154 0.7051731 -0.003918528 -0.7090244 0.7051399 -0.003917276 -0.7090573 0.8653836 -0.003920555 -0.5010947 0.8653845 -0.003920793 -0.5010932 0.966071 -0.003922104 -0.2582473 0.9660705 -0.003922104 -0.2582491 0.9999921 -0.00398308 0 0.9999921 -0.003980576 0 0.9660938 -0.003912806 0.2581618 0.9661176 -0.00390321 0.2580728 0.8670168 -0.003923714 0.4982635 0.8669931 -0.003925144 0.4983047 0.7071002 -0.003981292 0.7071022 0.7071009 -0.003981888 0.7071014 0.4982652 -0.003923773 0.8670159 0.4982674 -0.003923892 0.8670145 0.2588183 -0.003982424 0.9659178 0.2588205 -0.003983318 0.9659173 -1.24346e-7 -0.003983557 0.9999921 1.27778e-6 -0.003984212 0.9999921 -0.2591633 -0.003919243 0.9658256 -0.2588199 -0.003983438 0.9659174 -0.5010973 -0.003920674 0.8653821 -0.5010604 -0.003922641 0.8654034 -0.709026 -0.003918528 0.7051715 -0.7089943 -0.003919422 0.7052034 -0.8679882 -0.003910243 0.4965693 -0.8679877 -0.003910303 0.4965702 -0.9661182 -0.003902971 0.258071 -0.9660946 -0.003912568 0.2581588 -0.9999924 -0.003916859 2.33203e-5 -0.9999924 -0.003908991 2.39462e-5 -0.7432953 0.6689636 -2.61958e-6 -0.7170231 0.6700855 -0.1919981 -0.7432982 0.6689602 -3.75509e-6 -0.7170544 0.6700515 -0.1919999 -0.644737 0.6682148 -0.3712187 -0.6447652 0.6681851 -0.3712232 -0.5249894 0.6699048 -0.5249894 -0.5249664 0.6699409 -0.5249663 -0.3721317 0.6699 -0.6424579 -0.3721677 0.669876 -0.642462 -0.1919983 0.6700801 -0.7170281 -0.1919946 0.6701472 -0.7169664 -1.27196e-6 0.6707534 -0.7416805 -1.31804e-6 0.6707535 -0.7416804 0.1920001 0.670048 -0.7170577 0.192 0.6700499 -0.717056 0.3688097 0.670855 -0.6433763 0.3687722 0.6708567 -0.643396 0.5249885 0.6699061 -0.5249886 0.5249658 0.6699417 -0.5249658 0.6424622 0.6698749 -0.3721691 0.6424576 0.6699019 -0.3721288 0.7170259 0.6700825 -0.1919982 0.7169628 0.6701512 -0.1919946 0.7416744 0.6707602 2.03158e-7 0.7416729 0.6707618 3.79162e-7 0.7170245 0.6700841 0.1919981 0.7170568 0.6700489 0.192 0.6433969 0.6708568 0.3687704 0.6433771 0.6708551 0.368808 0.5260599 0.6713085 0.5221169 0.5260367 0.6713007 0.5221502 0.3688129 0.6708547 0.6433748 0.3688099 0.6708551 0.6433761 0.191998 0.6700835 0.7170251 0.192 0.6700482 0.7170575 -1.12169e-6 0.670754 0.74168 -9.94347e-7 0.6707538 0.7416801 -0.1919947 0.6701472 0.7169665 -0.1919984 0.6700792 0.717029 -0.3721703 0.6698743 0.6424623 -0.3721337 0.6698986 0.6424582 -0.5260598 0.6713087 0.5221167 -0.5260375 0.6713008 0.5221493 -0.6456735 0.66917 0.3678551 -0.6456788 0.6691674 0.3678505 -0.7170547 0.6700512 0.1919999 -0.7170234 0.6700853 0.1919981 -0.7432954 0.6689633 2.54065e-6 -0.7432983 0.6689602 3.58105e-6 -0.6792564 -0.733901 6.09725e-6 -0.655891 -0.7341122 -0.1757454 -0.6792536 -0.7339037 7.75606e-6 -0.6558922 -0.7341103 -0.1757489 -0.5889428 -0.7334549 -0.3393971 -0.5889442 -0.7334538 -0.339397 -0.480402 -0.7337672 -0.4804163 -0.4803113 -0.7338916 -0.4803168 -0.3401566 -0.7350554 -0.5865041 -0.340157 -0.7350562 -0.586503 -0.1757479 -0.7341069 -0.6558961 -0.1757485 -0.7341074 -0.6558954 -1.35813e-7 -0.7358237 -0.6771732 0 -0.7357949 -0.6772046 0.1719468 -0.734551 -0.6564063 0.1719402 -0.7345516 -0.6564074 0.3366702 -0.7360586 -0.5872572 0.3366653 -0.736062 -0.5872558 0.4772078 -0.735383 -0.4811285 0.4772425 -0.735368 -0.4811171 0.5865014 -0.7350571 -0.3401576 0.586498 -0.7350592 -0.340159 0.6537049 -0.7359602 -0.1761603 0.6537373 -0.735933 -0.1761543 0.6771439 -0.7358507 0 0.6771681 -0.7358285 0 0.654174 -0.7364454 0.1723503 0.6541766 -0.7364418 0.1723556 0.5872665 -0.7360358 0.3367037 0.5872679 -0.7360327 0.3367081 0.4781146 -0.7367585 0.4781143 0.4781175 -0.7367545 0.4781178 0.3367034 -0.7360358 0.5872667 0.3366703 -0.7360585 0.5872572 0.1723508 -0.736445 0.6541744 0.172322 -0.7364647 0.6541597 0 -0.7357931 0.6772064 0 -0.7358215 0.6771755 -0.176154 -0.7359321 0.6537384 -0.1761534 -0.7359293 0.6537417 -0.3401574 -0.7350566 0.5865021 -0.3401566 -0.7350556 0.5865039 -0.4811184 -0.7353698 0.4772385 -0.4811173 -0.7353685 0.4772415 -0.5898205 -0.7343469 0.3359263 -0.5898184 -0.7343467 0.3359305 -0.6564071 -0.7345519 0.1719394 -0.6564069 -0.7345514 0.1719427 -0.6792562 -0.7339013 -6.13183e-6 -0.6792535 -0.7339038 -7.74762e-6 0 1 0 0 1 1.38591e-7 0 1 -1.38591e-7 0 1 0 0 1 0 0 1 0 0 1 0 0 1 0 0 1 -2.99663e-7 0 1 -1.56779e-7 0 1 0 0 1 -3.98883e-7 0 1 -1.38466e-7 0 1 0 0 1 0 0 1 0 0 1 0 0 1 0 0 1 0 0 1 0 0 1 0 0 1 0 0 1 0 0 1 0 0 1 0 3.53398e-6 -1 0 3.53398e-6 -1 0 -1.50512e-6 -1 0 -1.50512e-6 -1 0 -5.28937e-7 -1 0 -5.28938e-7 -1 0 0 -1 0 0 -1 0 0 -1 0 0 -1 0 0 -1 0 0 -1 0 0 -1 0 0 -1 0 5.28938e-7 -1 0 5.28939e-7 -1 0 1.50512e-6 -1 0 1.50512e-6 -1 0 -3.53397e-6 -1 0 -3.53398e-6 -1 0 4.54392e-6 0.0704146 -0.9975178 -0.03522586 -0.1839288 -0.9823083 -2.12211e-5 -0.187828 -0.9822019 0.0117442 0.07041114 -0.997449 -0.07045835 -0.1722419 -0.9825316 0.02736711 0.06647604 -0.9974127 -0.1056196 -0.1564824 -0.9820173 0.03911882 0.0586782 -0.9975102 -0.1330657 -0.1330658 -0.9821339 0.05097478 0.05097472 -0.9973982 -0.1564825 -0.1056199 -0.9820172 0.05867862 0.039119 -0.9975103 -0.1721983 -0.07047683 -0.9825379 0.06654703 0.02741748 -0.9974066 -0.1839727 -0.0352075 -0.9823006 0.0704109 0.01174402 -0.9974491 -0.1878508 0 -0.9821977 0.07043433 2.49291e-7 -0.9975165 -0.1838848 0.03524446 -0.9823157 0.07037174 -0.01570826 -0.9973971 -0.1722419 0.07045823 -0.9825317 0.06647622 -0.02736717 -0.9974127 -0.1565408 0.1017725 -0.982414 0.05868715 -0.04299169 -0.9973503 -0.1330919 0.1292058 -0.9826457 0.05088275 -0.05088251 -0.9974077 -0.1056602 0.1526955 -0.9826089 0.03913438 -0.06252622 -0.9972758 -0.07050347 0.1684061 -0.9831931 0.02741754 -0.06654715 -0.9974066 -0.03524988 0.1801571 -0.9830061 0.01174426 -0.07041126 -0.997449 0 0.1840997 -0.9829076 6.70803e-7 -0.07430958 -0.9972353 0.03525006 0.1801576 -0.983006 -0.01574695 -0.07035195 -0.997398 0.07050353 0.1684066 -0.983193 -0.02749335 -0.06665384 -0.9973973 0.1018683 0.1527889 -0.9829946 -0.04300314 -0.06255608 -0.9971147 0.1292372 0.1292374 -0.9831559 -0.05088227 -0.05088227 -0.9974076 0.1527525 0.1018376 -0.9830034 -0.06255596 -0.04300343 -0.9971147 0.168453 0.0705102 -0.9831846 -0.06654697 -0.02741742 -0.9974066 0.1801572 0.03524994 -0.983006 -0.0703718 -0.01570862 -0.9973972 0.1840997 0 -0.9829076 -0.07430946 0 -0.9972353 0.1801574 -0.03525 -0.9830061 -0.07041102 0.01174402 -0.997449 0.1684531 -0.07051008 -0.9831846 -0.06654697 0.02741748 -0.9974066 0.1526955 -0.1056601 -0.9826089 -0.06256467 0.03911375 -0.9972742 0.1292375 -0.1330555 -0.9826464 -0.05088216 0.05088216 -0.9974077 0.1017726 -0.1565409 -0.982414 -0.04299169 0.05868715 -0.9973503 0.07047683 -0.172198 -0.982538 -0.02749305 0.06665337 -0.9973974 0.03524422 -0.1838852 -0.9823157 -0.01574701 0.07035177 -0.997398 -2.52539e-5 -0.1878346 -0.9822007 2.19783e-5 0.07040661 -0.9975185 -0.1291366 0.6378971 -0.7592174 -6.33299e-7 0.6501445 -0.7598106 -0.1918903 0.9518776 -0.2389712 -1.7345e-5 0.9710574 -0.2388466 -0.1919136 0.9556801 0.2232595 -2.12044e-5 0.9747859 0.2231428 -0.1765254 0.8788007 0.4433376 -1.22264e-5 0.8967648 0.4425076 -0.3450389 0.827397 0.4431281 -0.3754924 0.8996116 0.2229452 -0.5010422 0.7438077 0.4423877 -0.5434408 0.8093214 0.2228698 -0.6357288 0.631822 0.4434523 -0.6892552 0.689255 0.2232822 -0.7469959 0.4966861 0.4419279 -0.8110526 0.5406786 0.2232946 -0.8297222 0.3405176 0.442277 -0.9009335 0.3721189 0.2232634 -0.8802831 0.1721575 0.4421125 -0.9567283 0.1874316 0.2225767 -0.8967476 0 0.4425424 -0.9747729 -3.97328e-7 0.2231991 -0.8796897 -0.1759361 0.441806 -0.956017 -0.1912008 0.2224271 -0.828615 -0.3439466 0.4416989 -0.8996112 -0.3754934 0.2229447 -0.745539 -0.4996331 0.4410653 -0.8093211 -0.5434418 0.2228683 -0.6341682 -0.6341682 0.4423364 -0.6892613 -0.689262 0.2232416 -0.4996324 -0.7455386 0.4410665 -0.5434412 -0.8093215 0.2228691 -0.3439463 -0.8286148 0.4416994 -0.3755266 -0.8996043 0.2229167 -0.175936 -0.8796898 0.4418059 -0.1911845 -0.9560111 0.2224662 0 -0.8967521 0.4425334 -1.713e-7 -0.896776 0.442485 0.0938096 -0.9694319 0.2267194 0.1721572 -0.8802832 0.4421123 0.1874195 -0.9567335 0.2225646 0.340518 -0.8297219 0.4422774 0.3720945 -0.9009588 0.2232013 0.496686 -0.7469956 0.4419283 0.5406598 -0.8110803 0.2232391 0.6318222 -0.6357284 0.4434524 0.6892748 -0.6892747 0.2231606 0.7438076 -0.5010424 0.4423879 0.8093261 -0.5434287 0.2228826 0.8273934 -0.3450787 0.443104 0.8996128 -0.3754861 0.2229508 0.8788055 -0.1765637 0.4433127 0.9556801 -0.1919128 0.2232602 0.896767 0 0.4425032 0.9747725 -1.35148e-7 0.223201 0.8793902 0.1727781 0.4436448 0.9563926 0.1881419 0.2234188 0.8284922 0.3416352 0.4437186 0.9009482 0.3721046 0.2232274 0.7452591 0.4981494 0.4432112 0.8110342 0.5406912 0.2233309 0.6334178 0.6334178 0.4444816 0.6892616 0.6892616 0.2232418 0.4981338 0.7452446 0.443253 0.5406664 0.8110706 0.2232585 0.3416355 0.828492 0.4437189 0.3721193 0.9009329 0.2232648 0.1727766 0.879391 0.443644 0.1881414 0.9563929 0.2234181 1.28942e-5 0.8967643 0.4425086 -8.85874e-6 0.9747855 0.2231441 0.1881781 0.9525768 -0.2391368 -1.24276e-5 0.9710572 -0.2388474 0.1253141 0.6382093 -0.7595955 2.07797e-5 0.6501443 -0.7598108 0.2471269 0.6000694 -0.7608187 0.3604843 0.5406811 -0.7600758 0.4588803 0.4588804 -0.760827 0.5406811 0.3604845 -0.7600757 0.600057 0.2470952 -0.7608388 0.6382095 0.1253137 -0.7595954 0.6502435 0 -0.7597259 0.637897 -0.129137 -0.7592175 0.5994865 -0.2507258 -0.7601004 0.5399187 -0.3638458 -0.7590153 0.4580406 -0.4619437 -0.7594781 0.359691 -0.5434448 -0.7584788 0.2464996 -0.6025508 -0.7590591 0.1253231 -0.6382067 -0.7595962 3.55553e-7 -0.6523941 -0.75788 -0.1291409 -0.6378974 -0.7592165 -0.2501288 -0.6019306 -0.7583635 -0.3630736 -0.5426641 -0.7574256 -0.4610907 -0.4610916 -0.7581491 -0.5426633 -0.3630733 -0.7574262 -0.6019094 -0.2501052 -0.7583882 -0.6378971 -0.129137 -0.7592174 -0.6524174 -3.61012e-7 -0.7578598 -0.6382323 0.1252367 -0.759589 -0.6025265 0.2465309 -0.7590682 -0.5434446 0.3596917 -0.7584788 -0.4619436 0.4580407 -0.759478 -0.3638457 0.539919 -0.7590151 -0.2507258 0.5994865 -0.7601004 -0.3720613 0.8969196 -0.2389683 -0.5403888 0.8067718 -0.2389548 -0.6886551 0.6846895 -0.2386514 -0.8098108 0.5359637 -0.2386411 -0.8976787 0.3707877 -0.2380957 -0.9529383 0.1874758 -0.238247 -0.9712515 -5.39475e-7 -0.238056 -0.9522365 -0.1911953 -0.2380969 -0.8976635 -0.3708003 -0.2381331 -0.8081205 -0.5387376 -0.2381241 -0.6867781 -0.6867792 -0.2380549 -0.5387369 -0.8081215 -0.2381223 -0.370783 -0.8976843 -0.2380819 -0.2891806 -0.9572746 -1.60767e-6 -0.2891828 -0.9572739 -1.72539e-6 -0.2891821 -0.9572742 -1.71212e-6 -0.1950872 -0.980786 -4.84331e-5 -0.09768527 -0.9952174 -1.22244e-5 -0.09801715 -0.9951848 -4.97877e-5 -0.09769469 -0.9690678 0.226635 0 -0.9747745 0.2231921 0.0975427 -0.9952314 2.87501e-6 0.191602 -0.9814728 -2.65951e-7 0.2891766 -0.9572758 -1.49947e-6 0.2891836 -0.9572737 -1.78104e-6 0.2891381 -0.9572874 1.42114e-7 0.2892344 -0.9572584 -3.93653e-6 0.3707884 -0.8976777 -0.2380986 0.5359671 -0.8098081 -0.2386425 0.6333184 -0.7738914 -3.14598e-6 0.6333184 -0.7738913 -3.31202e-6 0.6332454 -0.7739512 -2.89408e-7 0.6931955 -0.7207497 7.82077e-6 0.7723997 -0.6351369 -1.1589e-6 0.7724044 -0.6351311 -1.5274e-6 0.8581312 -0.5134304 7.74191e-6 0.8807436 -0.4735934 -7.75132e-7 0.8807209 -0.4736359 0 0.8969243 -0.3720992 -0.2388913 0.9518743 -0.1919288 -0.2389537 0.9710516 0 -0.2388703 0.9526019 0.1881164 -0.2390856 0.8969219 0.3720797 -0.2389306 0.8084287 0.5377024 -0.2394147 0.686545 0.6865445 -0.2394003 0.5377025 0.8084284 -0.2394152 0.3720605 0.8969195 -0.2389695 0.8067598 -0.540423 -0.2389173 0.6847044 -0.6886359 -0.2386642 0.1874563 -0.9529469 -0.2382277 0.09393346 -0.9656159 -0.2424099 0 -0.8815718 -0.4720503 -0.191216 -0.9522382 -0.2380735 -0.1954057 -0.9807225 7.14097e-6 -0.09768515 -0.9952174 -1.23189e-5 -0.0976085 -0.9652768 -0.2423081 0 -0.9712611 -0.2380168 0.1916245 -0.9814683 -4.53903e-7 0.09754234 -0.9952314 3.24805e-6 0.8582451 -0.5132401 -9.68488e-6 0.7724552 -0.6350694 -5.53409e-6 0.7724326 -0.6350968 -3.97833e-6 0.6931911 -0.7207539 8.56226e-6 0.6332438 -0.7739525 -2.55706e-7 0 -1 1.48859e-7 0 -1 1.32318e-6 0 -1 2.63974e-7 0 -1 -1.86073e-7 0 -1 0 0 -1 -6.01401e-7 0 -1 -6.61592e-7 0 1 -2.40563e-7 0 1 -1.90941e-7 0 1 -2.40562e-6 0 1 0 0 1 0 0 1 -1.77439e-7 0 1 1.20281e-6 -0.5012276 0 -0.8653156 -9.50694e-6 -1.63402e-5 -1 -9.31323e-6 0 -1 -0.2580806 0 -0.9661235 -0.5133339 0 -0.8581891 -0.7071069 0 -0.7071068 -0.7071082 0 -0.7071053 -0.8663722 -3.31698e-7 -0.499399 -0.8791134 0 -0.4766128 -1 0 -1.27673e-7 -1 0 -8.82746e-6 -0.8807277 0 0.4736231 -0.8680082 0 0.4965499 -0.7090708 0 0.7051374 -0.709072 -2.91246e-7 0.7051361 -0.5132681 0 0.8582284 -0.5011921 0 0.8653361 -0.2593725 -1.92698e-6 0.9657774 0 1.7188e-7 1 -5.99082e-7 1.42573e-7 1 0.2593732 -5.22281e-7 0.9657772 0.5104981 0 0.8598789 0.4982117 -7.72468e-7 0.8670555 0.7071048 -3.4775e-7 0.7071089 0.7071026 -5.33602e-6 0.7071111 0.8670815 6.12199e-7 0.4981665 0.8781678 0 0.4783527 1 0 -2.40615e-7 1 0 -8.77579e-6 0.8781615 0 -0.4783645 0.8653097 0 -0.5012377 0.7051704 0 -0.709038 0.7051672 0 -0.7090411 0.4982111 1.96422e-7 -0.8670558 0.5104911 0 -0.859883 7.689e-6 -2.39698e-7 -1 0.2580792 1.39138e-7 -0.9661238 7.11734e-6 -1.64788e-5 -1 -0.6992038 0.01173633 -0.7148261 -0.8841633 -0.207324 -0.418655 -0.7931115 -0.1171881 -0.5976966 -0.6870481 0.02733969 -0.7260974 -0.8841801 -0.207359 -0.4186022 -0.9561485 -0.2928825 0 -0.9562493 -0.292553 1.23669e-7 -0.8841713 -0.2073408 0.4186299 -0.8841896 -0.2073786 0.4185727 -0.79311 -0.117189 0.5976985 -0.6890237 0.02739584 0.7242208 -0.7011945 0.01172643 0.7128736 -0.5481444 0.1724246 0.8184177 -0.4191224 0.3486577 0.8383163 -0.419169 0.3486306 0.8383043 -0.1491429 0.6711969 0.7261207 -0.1491366 0.6711937 0.7261249 -0.5481426 0.1724273 -0.8184183 -0.4191174 0.3486603 -0.8383178 -0.4191679 0.3486315 -0.8383045 -0.1491419 0.6711852 -0.7261317 -0.1487114 0.6692917 -0.7279653 -0.02351093 0.7997818 -0.5998302 0.04708701 0.9063773 -0.4198369 0.04708963 0.9063773 -0.4198366 0.1215335 0.9925874 0 0.1215735 0.9925824 0 0.04708772 0.9063773 0.4198369 0.04708689 0.9063774 0.4198368 -0.02351236 0.7997815 0.5998306 -0.1491397 0.6711751 0.7261415 -0.1491525 0.6711778 0.7261363 -0.02351224 0.7997818 0.5998303 -0.02351146 0.7997817 -0.5998304 0.7633875 -0.6459408 0 0.763387 -0.6459415 0 0.7633787 -0.6459513 -1.64961e-7 0.7633883 -0.64594 0 0.7633878 -0.6459406 0 0.7633876 -0.6459408 2.30735e-7 0.7633875 -0.645941 -2.3027e-7 0.7633877 -0.6459407 -2.26311e-7 0.7633872 -0.6459413 2.26661e-7 0.7633882 -0.6459402 -2.29804e-7 0.7633885 -0.6459398 -2.30502e-7 0.7633888 -0.6459394 2.30502e-7 -0.7669392 0.6417198 0 -0.7668777 0.6417933 0 -0.7669388 0.6417203 0 -0.7668783 0.6417927 0 -0.7669433 0.6417149 0 -0.766879 0.6417918 0 -0.7669347 0.6417253 0 -0.7669103 0.6417544 0 -0.7669034 0.6417626 0 -0.7669387 0.6417205 0 0.3203042 0.3817225 0.8670024 0.5576042 0.6636199 0.4986845 0.321714 0.3805457 0.8669978 0.5576531 0.6636307 0.4986154 0.6437077 0.7652715 0 0.6436362 0.7653316 0 0.5564969 0.6622749 -0.5017004 0.5565005 0.6622987 -0.5016649 0.3216963 0.3805298 -0.8670114 0.321701 0.3804905 -0.8670269 -1.12942e-6 -5.45069e-7 -1 3.58468e-7 1.11469e-6 -1 -0.3211969 -0.3839669 -0.8656801 -0.3212048 -0.3839286 -0.8656942 -0.5577934 -0.6630547 -0.4992245 -0.5577606 -0.6630653 -0.4992471 -0.6439683 -0.7650522 0 -0.6440277 -0.7650023 0 -0.5588339 -0.6643533 0.496326 -0.5588331 -0.6643531 0.4963271 -0.3212047 -0.3839287 0.8656942 -0.3212051 -0.3839277 0.8656945 0 1.23745e-6 1 -1.2571e-6 -3.92843e-7 1 0.3202964 0.3817097 0.867011 0.3216841 0.3805348 0.8670136 0.8848866 0.2036053 0.4189518 0.6868638 -0.03141152 0.7261071 0.6868557 -0.03139895 0.7261152 0.8848932 0.2035843 0.4189482 0.9569497 0.2902541 0 0.9569486 0.2902579 0 0.8848927 0.2035858 -0.4189484 0.8848859 0.2036078 -0.418952 0.6849067 -0.03130996 -0.7279579 0.6849164 -0.03129279 -0.7279495 0.4153469 -0.3526468 -0.8385268 0.4153584 -0.3526259 -0.8385299 0.1445437 -0.6718019 -0.7264912 0.144518 -0.6718083 -0.7264904 -0.05085772 -0.9069292 -0.4182022 -0.05085074 -0.9069265 -0.418209 -0.1249799 -0.9921594 0 -0.124991 -0.9921579 0 -0.05083417 -0.9069104 0.418246 -0.05085498 -0.9069297 0.4182012 0.1449234 -0.6737226 0.7246345 0.1449344 -0.6737103 0.7246437 0.4153589 -0.3526249 0.8385301 0.4153472 -0.3526464 0.8385269 0.6868588 -0.03139662 0.7261124 0.6868649 -0.03140574 0.7261063 0.01179224 6.8231e-7 0.9999305 0.02743774 -0.00784409 0.9995928 0.02750819 4.5956e-6 0.9996216 0.01180309 -0.003909647 0.9999227 0.02349805 -0.01176542 0.9996547 0.01173931 -0.007860839 0.9999002 0.02353215 -0.01568698 0.9996 0.01172053 -0.007816016 0.9999008 0.01958191 -0.02356213 0.9995306 0.007832825 -0.01176613 0.9999001 0.01557153 -0.02338671 0.9996052 0.007840991 -0.0156877 0.9998462 0.007855534 -0.02743792 0.9995927 0.003883004 -0.01571005 0.9998691 0.00391817 -0.03135895 0.9995005 4.15342e-5 -0.0156778 0.9998772 0 -0.03133779 0.9995089 0 -0.01550889 0.9998798 -0.007851362 -0.03137147 0.999477 -0.003846585 -0.01564371 0.9998703 -0.01183444 -0.02749925 0.9995518 -0.007870793 -0.01570516 0.9998458 -0.01563245 -0.02346152 0.9996025 -0.007840633 -0.01568776 0.9998462 -0.02351051 -0.02351027 0.9994471 -0.0117715 -0.01177233 0.9998614 -0.02357429 -0.01571112 0.9995986 -0.01571792 -0.007833182 0.9998458 -0.02740204 -0.01170396 0.999556 -0.01568335 -0.007841587 0.9998463 -0.03137183 -0.007852077 0.999477 -0.01568549 -0.003923714 0.9998693 -0.03134047 7.42555e-7 0.9995088 -0.01545488 8.55863e-5 0.9998806 -0.03137826 0.003905773 0.9995 -0.01567387 5.85203e-5 0.9998772 -0.02743613 0.007858335 0.9995927 -0.01567596 0.003932595 0.9998695 -0.02356237 0.01572006 0.9995988 -0.01567029 0.00784564 0.9998465 -0.01966094 0.01966929 0.9996132 -0.01176303 0.007844626 0.9999001 -0.01572889 0.02360141 0.9995977 -0.007827818 0.01174062 0.9999005 -0.01176369 0.02350753 0.9996545 -0.007846772 0.01175767 0.9999001 -0.007791697 0.02745968 0.9995926 -0.00391972 0.01176834 0.9999232 0 0.02741974 0.9996241 3.53755e-7 0.0117883 0.9999306 0.00397253 0.0274688 0.9996148 3.41004e-6 0.01176762 0.9999309 0.00785166 0.0235334 0.9996922 0.003934085 0.01178008 0.9999229 0.01562988 0.02343642 0.9996032 0.007801949 0.01169961 0.9999012 0.01966059 0.01966887 0.9996133 0.00783497 0.00783503 0.9999386 0.02349221 0.01565372 0.9996015 0.01171666 0.007806241 0.9999009 0.02353465 0.007853865 0.9996923 0.01175028 0.003909945 0.9999234 0.02746933 0.003971993 0.9996148 0.01175999 -3.71202e-6 0.9999309 0 9.58127e-5 1</float_array>
          <technique_common>
            <accessor source="#xsky_obj_timering_mesh-mesh-normals-array" count="2064" stride="3">
              <param name="X" type="float"/>
              <param name="Y" type="float"/>
              <param name="Z" type="float"/>
            </accessor>
          </technique_common>
        </source>
        <source id="xsky_obj_timering_mesh-mesh-map-0">
          <float_array id="xsky_obj_timering_mesh-mesh-map-0-array" count="16554">-0.3371582 0.8995972 -0.3493652 0.8995972 -0.3493652 0.8978272 -0.3371582 0.9014282 -0.3493652 0.8995972 -0.3371582 0.8995972 -0.3493652 0.8995972 -0.3371582 0.9014282 -0.3493652 0.9014282 -0.3371582 0.9031983 -0.3493652 0.9014282 -0.3371582 0.9014282 -0.3493652 0.9014282 -0.3371582 0.9031983 -0.3493652 0.9031983 -0.3371582 0.9049683 -0.3493652 0.9031983 -0.3371582 0.9031983 -0.3493652 0.9031983 -0.3371582 0.9049683 -0.3493652 0.9049683 -0.3371582 0.9067993 -0.3493652 0.9049683 -0.3371582 0.9049683 -0.3493652 0.9049683 -0.3371582 0.9067993 -0.3493652 0.9067993 -0.3371582 0.9085693 -0.3493652 0.9067993 -0.3371582 0.9067993 -0.3493652 0.9067993 -0.3371582 0.9085693 -0.3493652 0.9085693 -0.3371582 0.9103394 -0.3493652 0.9085693 -0.3371582 0.9085693 -0.3493652 0.9085693 -0.3371582 0.9103394 -0.3493652 0.9103394 -0.3371582 0.9121094 -0.3493652 0.9103394 -0.3371582 0.9103394 -0.3493652 0.9103394 -0.3371582 0.9121094 -0.3493652 0.9121094 -0.3371582 0.9139404 -0.3493652 0.9121094 -0.3371582 0.9121094 -0.3493652 0.9121094 -0.3371582 0.9139404 -0.3493652 0.9139404 -0.3371582 0.9157105 -0.3493652 0.9139404 -0.3371582 0.9139404 -0.3493652 0.9139404 -0.3371582 0.9157105 -0.3493652 0.9157105 -0.3371582 0.9174805 -0.3493652 0.9157105 -0.3371582 0.9157105 -0.3493652 0.9157105 -0.3371582 0.9174805 -0.3493652 0.9174805 -0.3371582 0.9193115 -0.3493652 0.9174805 -0.3371582 0.9174805 -0.3493652 0.9174805 -0.3371582 0.9193115 -0.3493652 0.9193115 -0.3371582 0.9210816 -0.3493652 0.9193115 -0.3371582 0.9193115 -0.3493652 0.9193115 -0.3371582 0.9210816 -0.3493652 0.9210816 -0.3371582 0.9228516 -0.3493652 0.9210816 -0.3371582 0.9210816 -0.3493652 0.9210816 -0.3371582 0.9228516 -0.3493652 0.9228516 -0.3371582 0.9246216 -0.3493652 0.9228516 -0.3371582 0.9228516 -0.3493652 0.9228516 -0.3371582 0.9246216 -0.3493652 0.9246216 -0.3371582 0.9264526 -0.3493652 0.9246216 -0.3371582 0.9246216 -0.3493652 0.9246216 -0.3371582 0.9264526 -0.3493652 0.9264526 -0.3371582 0.9282227 -0.3493652 0.9264526 -0.3371582 0.9264526 -0.3493652 0.9264526 -0.3371582 0.9282227 -0.3493652 0.9282227 -0.3371582 0.9299927 -0.3493652 0.9282227 -0.3371582 0.9282227 -0.3493652 0.9282227 -0.3371582 0.9299927 -0.3493652 0.9299927 -0.3371582 0.9317627 -0.3493652 0.9299927 -0.3371582 0.9299927 -0.3493652 0.9299927 -0.3371582 0.9317627 -0.3493652 0.9317627 -0.3371582 0.9335938 -0.3493652 0.9317627 -0.3371582 0.9317627 -0.3493652 0.9317627 -0.3371582 0.9335938 -0.3493652 0.9335938 -0.3493652 0.9335938 -0.3371582 0.9335938 -0.3493652 0.9317627 -0.3371582 0.9317627 -0.3493652 0.9317627 -0.3371582 0.9335938 -0.3493652 0.9317627 -0.3371582 0.9317627 -0.3493652 0.9299927 -0.3371582 0.9299927 -0.3493652 0.9299927 -0.3371582 0.9317627 -0.3493652 0.9299927 -0.3371582 0.9299927 -0.3493652 0.9282227 -0.3371582 0.9282227 -0.3493652 0.9282227 -0.3371582 0.9299927 -0.3493652 0.9282227 -0.3371582 0.9282227 -0.3493652 0.9264526 -0.3371582 0.9264526 -0.3493652 0.9264526 -0.3371582 0.9282227 -0.3493652 0.9264526 -0.3371582 0.9264526 -0.3493652 0.9246216 -0.3371582 0.9246216 -0.3493652 0.9246216 -0.3371582 0.9264526 -0.3493652 0.9246216 -0.3371582 0.9246216 -0.3493652 0.9228516 -0.3371582 0.9228516 -0.3493652 0.9228516 -0.3371582 0.9246216 -0.3493652 0.9228516 -0.3371582 0.9228516 -0.3493652 0.9210816 -0.3371582 0.9210816 -0.3493652 0.9210816 -0.3371582 0.9228516 -0.3493652 0.9210816 -0.3371582 0.9210816 -0.3493652 0.9193115 -0.3371582 0.9193115 -0.3493652 0.9193115 -0.3371582 0.9210816 -0.3493652 0.9193115 -0.3371582 0.9193115 -0.3493652 0.9174805 -0.3371582 0.9174805 -0.3493652 0.9174805 -0.3371582 0.9193115 -0.3493652 0.9174805 -0.3371582 0.9174805 -0.3493652 0.9157105 -0.3371582 0.9157105 -0.3493652 0.9157105 -0.3371582 0.9174805 -0.3493652 0.9157105 -0.3371582 0.9157105 -0.3493652 0.9139404 -0.3371582 0.9139404 -0.3493652 0.9139404 -0.3371582 0.9157105 -0.3493652 0.9139404 -0.3371582 0.9139404 -0.3493652 0.9121094 -0.3371582 0.9121094 -0.3493652 0.9121094 -0.3371582 0.9139404 -0.3493652 0.9121094 -0.3371582 0.9121094 -0.3493652 0.9103394 -0.3371582 0.9103394 -0.3493652 0.9103394 -0.3371582 0.9121094 -0.3493652 0.9103394 -0.3371582 0.9103394 -0.3493652 0.9085693 -0.3371582 0.9085693 -0.3493652 0.9085693 -0.3371582 0.9103394 -0.3493652 0.9085693 -0.3371582 0.9085693 -0.3493652 0.9067993 -0.3371582 0.9067993 -0.3493652 0.9067993 -0.3371582 0.9085693 -0.3493652 0.9067993 -0.3371582 0.9067993 -0.3493652 0.9049683 -0.3371582 0.9049683 -0.3493652 0.9049683 -0.3371582 0.9067993 -0.3493652 0.9049683 -0.3371582 0.9049683 -0.3493652 0.9031983 -0.3371582 0.9031983 -0.3493652 0.9031983 -0.3371582 0.9049683 -0.3493652 0.9031983 -0.3371582 0.9031983 -0.3493652 0.9014282 -0.3371582 0.9014282 -0.3493652 0.9014282 -0.3371582 0.9031983 -0.3493652 0.9014282 -0.3371582 0.9014282 -0.3493652 0.8995972 -0.3371582 0.8995972 -0.3493652 0.8995972 -0.3371582 0.9014282 -0.3493652 0.8995972 -0.3371582 0.8995972 -0.3493652 0.8978272 -0.3371582 0.8978272 -0.3493652 0.8978272 -0.3371582 0.8995972 -0.3493652 0.8978272 -0.3371582 0.8978272 -0.3371582 0.8995972 -0.3249512 0.8995972 -0.3371582 0.8995972 -0.3371582 0.8978272 -0.3249512 0.9014282 -0.3371582 0.8995972 -0.3249512 0.8995972 -0.3371582 0.8995972 -0.3249512 0.9014282 -0.3371582 0.9014282 -0.3249512 0.9031983 -0.3371582 0.9014282 -0.3249512 0.9014282 -0.3371582 0.9014282 -0.3249512 0.9031983 -0.3371582 0.9031983 -0.3249512 0.9049683 -0.3371582 0.9031983 -0.3249512 0.9031983 -0.3371582 0.9031983 -0.3249512 0.9049683 -0.3371582 0.9049683 -0.3249512 0.9067993 -0.3371582 0.9049683 -0.3249512 0.9049683 -0.3371582 0.9049683 -0.3249512 0.9067993 -0.3371582 0.9067993 -0.3249512 0.9085693 -0.3371582 0.9067993 -0.3249512 0.9067993 -0.3371582 0.9067993 -0.3249512 0.9085693 -0.3371582 0.9085693 -0.3249512 0.9103394 -0.3371582 0.9085693 -0.3249512 0.9085693 -0.3371582 0.9085693 -0.3249512 0.9103394 -0.3371582 0.9103394 -0.3249512 0.9121094 -0.3371582 0.9103394 -0.3249512 0.9103394 -0.3371582 0.9103394 -0.3249512 0.9121094 -0.3371582 0.9121094 -0.3249512 0.9139404 -0.3371582 0.9121094 -0.3249512 0.9121094 -0.3371582 0.9121094 -0.3249512 0.9139404 -0.3371582 0.9139404 -0.3249512 0.9157105 -0.3371582 0.9139404 -0.3249512 0.9139404 -0.3371582 0.9139404 -0.3249512 0.9157105 -0.3371582 0.9157105 -0.3249512 0.9174805 -0.3371582 0.9157105 -0.3249512 0.9157105 -0.3371582 0.9157105 -0.3249512 0.9174805 -0.3371582 0.9174805 -0.3249512 0.9193115 -0.3371582 0.9174805 -0.3249512 0.9174805 -0.3371582 0.9174805 -0.3249512 0.9193115 -0.3371582 0.9193115 -0.3249512 0.9210816 -0.3371582 0.9193115 -0.3249512 0.9193115 -0.3371582 0.9193115 -0.3249512 0.9210816 -0.3371582 0.9210816 -0.3249512 0.9228516 -0.3371582 0.9210816 -0.3249512 0.9210816 -0.3371582 0.9210816 -0.3249512 0.9228516 -0.3371582 0.9228516 -0.3249512 0.9246216 -0.3371582 0.9228516 -0.3249512 0.9228516 -0.3371582 0.9228516 -0.3249512 0.9246216 -0.3371582 0.9246216 -0.3249512 0.9264526 -0.3371582 0.9246216 -0.3249512 0.9246216 -0.3371582 0.9246216 -0.3249512 0.9264526 -0.3371582 0.9264526 -0.3249512 0.9282227 -0.3371582 0.9264526 -0.3249512 0.9264526 -0.3371582 0.9264526 -0.3249512 0.9282227 -0.3371582 0.9282227 -0.3249512 0.9299927 -0.3371582 0.9282227 -0.3249512 0.9282227 -0.3371582 0.9282227 -0.3249512 0.9299927 -0.3371582 0.9299927 -0.3249512 0.9317627 -0.3371582 0.9299927 -0.3249512 0.9299927 -0.3371582 0.9299927 -0.3249512 0.9317627 -0.3371582 0.9317627 -0.3249512 0.9335938 -0.3371582 0.9317627 -0.3249512 0.9317627 -0.3371582 0.9317627 -0.3249512 0.9335938 -0.3371582 0.9335938 -0.3371582 0.9335938 -0.3249512 0.9335938 -0.3371582 0.9317627 -0.3249512 0.9317627 -0.3371582 0.9317627 -0.3249512 0.9335938 -0.3371582 0.9317627 -0.3249512 0.9317627 -0.3371582 0.9299927 -0.3249512 0.9299927 -0.3371582 0.9299927 -0.3249512 0.9317627 -0.3371582 0.9299927 -0.3249512 0.9299927 -0.3371582 0.9282227 -0.3249512 0.9282227 -0.3371582 0.9282227 -0.3249512 0.9299927 -0.3371582 0.9282227 -0.3249512 0.9282227 -0.3371582 0.9264526 -0.3249512 0.9264526 -0.3371582 0.9264526 -0.3249512 0.9282227 -0.3371582 0.9264526 -0.3249512 0.9264526 -0.3371582 0.9246216 -0.3249512 0.9246216 -0.3371582 0.9246216 -0.3249512 0.9264526 -0.3371582 0.9246216 -0.3249512 0.9246216 -0.3371582 0.9228516 -0.3249512 0.9228516 -0.3371582 0.9228516 -0.3249512 0.9246216 -0.3371582 0.9228516 -0.3249512 0.9228516 -0.3371582 0.9210816 -0.3249512 0.9210816 -0.3371582 0.9210816 -0.3249512 0.9228516 -0.3371582 0.9210816 -0.3249512 0.9210816 -0.3371582 0.9193115 -0.3249512 0.9193115 -0.3371582 0.9193115 -0.3249512 0.9210816 -0.3371582 0.9193115 -0.3249512 0.9193115 -0.3371582 0.9174805 -0.3249512 0.9174805 -0.3371582 0.9174805 -0.3249512 0.9193115 -0.3371582 0.9174805 -0.3249512 0.9174805 -0.3371582 0.9157105 -0.3249512 0.9157105 -0.3371582 0.9157105 -0.3249512 0.9174805 -0.3371582 0.9157105 -0.3249512 0.9157105 -0.3371582 0.9139404 -0.3249512 0.9139404 -0.3371582 0.9139404 -0.3249512 0.9157105 -0.3371582 0.9139404 -0.3249512 0.9139404 -0.3371582 0.9121094 -0.3249512 0.9121094 -0.3371582 0.9121094 -0.3249512 0.9139404 -0.3371582 0.9121094 -0.3249512 0.9121094 -0.3371582 0.9103394 -0.3249512 0.9103394 -0.3371582 0.9103394 -0.3249512 0.9121094 -0.3371582 0.9103394 -0.3249512 0.9103394 -0.3371582 0.9085693 -0.3249512 0.9085693 -0.3371582 0.9085693 -0.3249512 0.9103394 -0.3371582 0.9085693 -0.3249512 0.9085693 -0.3371582 0.9067993 -0.3249512 0.9067993 -0.3371582 0.9067993 -0.3249512 0.9085693 -0.3371582 0.9067993 -0.3249512 0.9067993 -0.3371582 0.9049683 -0.3249512 0.9049683 -0.3371582 0.9049683 -0.3249512 0.9067993 -0.3371582 0.9049683 -0.3249512 0.9049683 -0.3371582 0.9031983 -0.3249512 0.9031983 -0.3371582 0.9031983 -0.3249512 0.9049683 -0.3371582 0.9031983 -0.3249512 0.9031983 -0.3371582 0.9014282 -0.3249512 0.9014282 -0.3371582 0.9014282 -0.3249512 0.9031983 -0.3371582 0.9014282 -0.3249512 0.9014282 -0.3371582 0.8995972 -0.3249512 0.8995972 -0.3371582 0.8995972 -0.3249512 0.9014282 -0.3371582 0.8995972 -0.3249512 0.8995972 -0.3371582 0.8978272 -0.3249512 0.8978272 -0.3371582 0.8978272 -0.3249512 0.8995972 -0.3371582 0.8978272 -0.3249512 0.8978272 -0.3249512 0.8995972 -0.3129883 0.8995972 -0.3249512 0.8995972 -0.3249512 0.8978272 -0.3129883 0.9014282 -0.3249512 0.8995972 -0.3129883 0.8995972 -0.3249512 0.8995972 -0.3129883 0.9014282 -0.3249512 0.9014282 -0.3129883 0.9031983 -0.3249512 0.9014282 -0.3129883 0.9014282 -0.3249512 0.9014282 -0.3129883 0.9031983 -0.3249512 0.9031983 -0.3129883 0.9049683 -0.3249512 0.9031983 -0.3129883 0.9031983 -0.3249512 0.9031983 -0.3129883 0.9049683 -0.3249512 0.9049683 -0.3129883 0.9067993 -0.3249512 0.9049683 -0.3129883 0.9049683 -0.3249512 0.9049683 -0.3129883 0.9067993 -0.3249512 0.9067993 -0.3129883 0.9085693 -0.3249512 0.9067993 -0.3129883 0.9067993 -0.3249512 0.9067993 -0.3129883 0.9085693 -0.3249512 0.9085693 -0.3129883 0.9103394 -0.3249512 0.9085693 -0.3129883 0.9085693 -0.3249512 0.9085693 -0.3129883 0.9103394 -0.3249512 0.9103394 -0.3129883 0.9121094 -0.3249512 0.9103394 -0.3129883 0.9103394 -0.3249512 0.9103394 -0.3129883 0.9121094 -0.3249512 0.9121094 -0.3129883 0.9139404 -0.3249512 0.9121094 -0.3129883 0.9121094 -0.3249512 0.9121094 -0.3129883 0.9139404 -0.3249512 0.9139404 -0.3129883 0.9157105 -0.3249512 0.9139404 -0.3129883 0.9139404 -0.3249512 0.9139404 -0.3129883 0.9157105 -0.3249512 0.9157105 -0.3129883 0.9174805 -0.3249512 0.9157105 -0.3129883 0.9157105 -0.3249512 0.9157105 -0.3129883 0.9174805 -0.3249512 0.9174805 -0.3129883 0.9193115 -0.3249512 0.9174805 -0.3129883 0.9174805 -0.3249512 0.9174805 -0.3129883 0.9193115 -0.3249512 0.9193115 -0.3129883 0.9210816 -0.3249512 0.9193115 -0.3129883 0.9193115 -0.3249512 0.9193115 -0.3129883 0.9210816 -0.3249512 0.9210816 -0.3129883 0.9228516 -0.3249512 0.9210816 -0.3129883 0.9210816 -0.3249512 0.9210816 -0.3129883 0.9228516 -0.3249512 0.9228516 -0.3129883 0.9246216 -0.3249512 0.9228516 -0.3129883 0.9228516 -0.3249512 0.9228516 -0.3129883 0.9246216 -0.3249512 0.9246216 -0.3129883 0.9264526 -0.3249512 0.9246216 -0.3129883 0.9246216 -0.3249512 0.9246216 -0.3129883 0.9264526 -0.3249512 0.9264526 -0.3129883 0.9282227 -0.3249512 0.9264526 -0.3129883 0.9264526 -0.3249512 0.9264526 -0.3129883 0.9282227 -0.3249512 0.9282227 -0.3129883 0.9299927 -0.3249512 0.9282227 -0.3129883 0.9282227 -0.3249512 0.9282227 -0.3129883 0.9299927 -0.3249512 0.9299927 -0.3129883 0.9317627 -0.3249512 0.9299927 -0.3129883 0.9299927 -0.3249512 0.9299927 -0.3129883 0.9317627 -0.3249512 0.9317627 -0.3129883 0.9335938 -0.3249512 0.9317627 -0.3129883 0.9317627 -0.3249512 0.9317627 -0.3129883 0.9335938 -0.3249512 0.9335938 -0.3249512 0.9335938 -0.3129883 0.9335938 -0.3249512 0.9317627 -0.3129883 0.9317627 -0.3249512 0.9317627 -0.3129883 0.9335938 -0.3249512 0.9317627 -0.3129883 0.9317627 -0.3249512 0.9299927 -0.3129883 0.9299927 -0.3249512 0.9299927 -0.3129883 0.9317627 -0.3249512 0.9299927 -0.3129883 0.9299927 -0.3249512 0.9282227 -0.3129883 0.9282227 -0.3249512 0.9282227 -0.3129883 0.9299927 -0.3249512 0.9282227 -0.3129883 0.9282227 -0.3249512 0.9264526 -0.3129883 0.9264526 -0.3249512 0.9264526 -0.3129883 0.9282227 -0.3249512 0.9264526 -0.3129883 0.9264526 -0.3249512 0.9246216 -0.3129883 0.9246216 -0.3249512 0.9246216 -0.3129883 0.9264526 -0.3249512 0.9246216 -0.3129883 0.9246216 -0.3249512 0.9228516 -0.3129883 0.9228516 -0.3249512 0.9228516 -0.3129883 0.9246216 -0.3249512 0.9228516 -0.3129883 0.9228516 -0.3249512 0.9210816 -0.3129883 0.9210816 -0.3249512 0.9210816 -0.3129883 0.9228516 -0.3249512 0.9210816 -0.3129883 0.9210816 -0.3249512 0.9193115 -0.3129883 0.9193115 -0.3249512 0.9193115 -0.3129883 0.9210816 -0.3249512 0.9193115 -0.3129883 0.9193115 -0.3249512 0.9174805 -0.3129883 0.9174805 -0.3249512 0.9174805 -0.3129883 0.9193115 -0.3249512 0.9174805 -0.3129883 0.9174805 -0.3249512 0.9157105 -0.3129883 0.9157105 -0.3249512 0.9157105 -0.3129883 0.9174805 -0.3249512 0.9157105 -0.3129883 0.9157105 -0.3249512 0.9139404 -0.3129883 0.9139404 -0.3249512 0.9139404 -0.3129883 0.9157105 -0.3249512 0.9139404 -0.3129883 0.9139404 -0.3249512 0.9121094 -0.3129883 0.9121094 -0.3249512 0.9121094 -0.3129883 0.9139404 -0.3249512 0.9121094 -0.3129883 0.9121094 -0.3249512 0.9103394 -0.3129883 0.9103394 -0.3249512 0.9103394 -0.3129883 0.9121094 -0.3249512 0.9103394 -0.3129883 0.9103394 -0.3249512 0.9085693 -0.3129883 0.9085693 -0.3249512 0.9085693 -0.3129883 0.9103394 -0.3249512 0.9085693 -0.3129883 0.9085693 -0.3249512 0.9067993 -0.3129883 0.9067993 -0.3249512 0.9067993 -0.3129883 0.9085693 -0.3249512 0.9067993 -0.3129883 0.9067993 -0.3249512 0.9049683 -0.3129883 0.9049683 -0.3249512 0.9049683 -0.3129883 0.9067993 -0.3249512 0.9049683 -0.3129883 0.9049683 -0.3249512 0.9031983 -0.3129883 0.9031983 -0.3249512 0.9031983 -0.3129883 0.9049683 -0.3249512 0.9031983 -0.3129883 0.9031983 -0.3249512 0.9014282 -0.3129883 0.9014282 -0.3249512 0.9014282 -0.3129883 0.9031983 -0.3249512 0.9014282 -0.3129883 0.9014282 -0.3249512 0.8995972 -0.3129883 0.8995972 -0.3249512 0.8995972 -0.3129883 0.9014282 -0.3249512 0.8995972 -0.3129883 0.8995972 -0.3249512 0.8978272 -0.3129883 0.8978272 -0.3249512 0.8978272 -0.3129883 0.8995972 -0.3249512 0.8978272 -0.3129883 0.8978272 -0.3129883 0.8995972 -0.3007813 0.8995972 -0.3129883 0.8995972 -0.3129883 0.8978272 -0.3007813 0.9014282 -0.3129883 0.8995972 -0.3007813 0.8995972 -0.3129883 0.8995972 -0.3007813 0.9014282 -0.3129883 0.9014282 -0.3007813 0.9031983 -0.3129883 0.9014282 -0.3007813 0.9014282 -0.3129883 0.9014282 -0.3007813 0.9031983 -0.3129883 0.9031983 -0.3007813 0.9049683 -0.3129883 0.9031983 -0.3007813 0.9031983 -0.3129883 0.9031983 -0.3007813 0.9049683 -0.3129883 0.9049683 -0.3007813 0.9067993 -0.3129883 0.9049683 -0.3007813 0.9049683 -0.3129883 0.9049683 -0.3007813 0.9067993 -0.3129883 0.9067993 -0.3007813 0.9085693 -0.3129883 0.9067993 -0.3007813 0.9067993 -0.3129883 0.9067993 -0.3007813 0.9085693 -0.3129883 0.9085693 -0.3007813 0.9103394 -0.3129883 0.9085693 -0.3007813 0.9085693 -0.3129883 0.9085693 -0.3007813 0.9103394 -0.3129883 0.9103394 -0.3007813 0.9121094 -0.3129883 0.9103394 -0.3007813 0.9103394 -0.3129883 0.9103394 -0.3007813 0.9121094 -0.3129883 0.9121094 -0.3007813 0.9139404 -0.3129883 0.9121094 -0.3007813 0.9121094 -0.3129883 0.9121094 -0.3007813 0.9139404 -0.3129883 0.9139404 -0.3007813 0.9157105 -0.3129883 0.9139404 -0.3007813 0.9139404 -0.3129883 0.9139404 -0.3007813 0.9157105 -0.3129883 0.9157105 -0.3007813 0.9174805 -0.3129883 0.9157105 -0.3007813 0.9157105 -0.3129883 0.9157105 -0.3007813 0.9174805 -0.3129883 0.9174805 -0.3007813 0.9193115 -0.3129883 0.9174805 -0.3007813 0.9174805 -0.3129883 0.9174805 -0.3007813 0.9193115 -0.3129883 0.9193115 -0.3007813 0.9210816 -0.3129883 0.9193115 -0.3007813 0.9193115 -0.3129883 0.9193115 -0.3007813 0.9210816 -0.3129883 0.9210816 -0.3007813 0.9228516 -0.3129883 0.9210816 -0.3007813 0.9210816 -0.3129883 0.9210816 -0.3007813 0.9228516 -0.3129883 0.9228516 -0.3007813 0.9246216 -0.3129883 0.9228516 -0.3007813 0.9228516 -0.3129883 0.9228516 -0.3007813 0.9246216 -0.3129883 0.9246216 -0.3007813 0.9264526 -0.3129883 0.9246216 -0.3007813 0.9246216 -0.3129883 0.9246216 -0.3007813 0.9264526 -0.3129883 0.9264526 -0.3007813 0.9282227 -0.3129883 0.9264526 -0.3007813 0.9264526 -0.3129883 0.9264526 -0.3007813 0.9282227 -0.3129883 0.9282227 -0.3007813 0.9299927 -0.3129883 0.9282227 -0.3007813 0.9282227 -0.3129883 0.9282227 -0.3007813 0.9299927 -0.3129883 0.9299927 -0.3007813 0.9317627 -0.3129883 0.9299927 -0.3007813 0.9299927 -0.3129883 0.9299927 -0.3007813 0.9317627 -0.3129883 0.9317627 -0.3007813 0.9335938 -0.3129883 0.9317627 -0.3007813 0.9317627 -0.3129883 0.9317627 -0.3007813 0.9335938 -0.3129883 0.9335938 -0.3129883 0.9335938 -0.3007813 0.9335938 -0.3129883 0.9317627 -0.3007813 0.9317627 -0.3129883 0.9317627 -0.3007813 0.9335938 -0.3129883 0.9317627 -0.3007813 0.9317627 -0.3129883 0.9299927 -0.3007813 0.9299927 -0.3129883 0.9299927 -0.3007813 0.9317627 -0.3129883 0.9299927 -0.3007813 0.9299927 -0.3129883 0.9282227 -0.3007813 0.9282227 -0.3129883 0.9282227 -0.3007813 0.9299927 -0.3129883 0.9282227 -0.3007813 0.9282227 -0.3129883 0.9264526 -0.3007813 0.9264526 -0.3129883 0.9264526 -0.3007813 0.9282227 -0.3129883 0.9264526 -0.3007813 0.9264526 -0.3129883 0.9246216 -0.3007813 0.9246216 -0.3129883 0.9246216 -0.3007813 0.9264526 -0.3129883 0.9246216 -0.3007813 0.9246216 -0.3129883 0.9228516 -0.3007813 0.9228516 -0.3129883 0.9228516 -0.3007813 0.9246216 -0.3129883 0.9228516 -0.3007813 0.9228516 -0.3129883 0.9210816 -0.3007813 0.9210816 -0.3129883 0.9210816 -0.3007813 0.9228516 -0.3129883 0.9210816 -0.3007813 0.9210816 -0.3129883 0.9193115 -0.3007813 0.9193115 -0.3129883 0.9193115 -0.3007813 0.9210816 -0.3129883 0.9193115 -0.3007813 0.9193115 -0.3129883 0.9174805 -0.3007813 0.9174805 -0.3129883 0.9174805 -0.3007813 0.9193115 -0.3129883 0.9174805 -0.3007813 0.9174805 -0.3129883 0.9157105 -0.3007813 0.9157105 -0.3129883 0.9157105 -0.3007813 0.9174805 -0.3129883 0.9157105 -0.3007813 0.9157105 -0.3129883 0.9139404 -0.3007813 0.9139404 -0.3129883 0.9139404 -0.3007813 0.9157105 -0.3129883 0.9139404 -0.3007813 0.9139404 -0.3129883 0.9121094 -0.3007813 0.9121094 -0.3129883 0.9121094 -0.3007813 0.9139404 -0.3129883 0.9121094 -0.3007813 0.9121094 -0.3129883 0.9103394 -0.3007813 0.9103394 -0.3129883 0.9103394 -0.3007813 0.9121094 -0.3129883 0.9103394 -0.3007813 0.9103394 -0.3129883 0.9085693 -0.3007813 0.9085693 -0.3129883 0.9085693 -0.3007813 0.9103394 -0.3129883 0.9085693 -0.3007813 0.9085693 -0.3129883 0.9067993 -0.3007813 0.9067993 -0.3129883 0.9067993 -0.3007813 0.9085693 -0.3129883 0.9067993 -0.3007813 0.9067993 -0.3129883 0.9049683 -0.3007813 0.9049683 -0.3129883 0.9049683 -0.3007813 0.9067993 -0.3129883 0.9049683 -0.3007813 0.9049683 -0.3129883 0.9031983 -0.3007813 0.9031983 -0.3129883 0.9031983 -0.3007813 0.9049683 -0.3129883 0.9031983 -0.3007813 0.9031983 -0.3129883 0.9014282 -0.3007813 0.9014282 -0.3129883 0.9014282 -0.3007813 0.9031983 -0.3129883 0.9014282 -0.3007813 0.9014282 -0.3129883 0.8995972 -0.3007813 0.8995972 -0.3129883 0.8995972 -0.3007813 0.9014282 -0.3129883 0.8995972 -0.3007813 0.8995972 -0.3129883 0.8978272 -0.3007813 0.8978272 -0.3129883 0.8978272 -0.3007813 0.8995972 -0.3129883 0.8978272 -0.3007813 0.8978272 -0.3007813 0.8995972 -0.2885742 0.8995972 -0.3007813 0.8995972 -0.3007813 0.8978272 -0.2885742 0.9014282 -0.3007813 0.8995972 -0.2885742 0.8995972 -0.3007813 0.8995972 -0.2885742 0.9014282 -0.3007813 0.9014282 -0.2885742 0.9031983 -0.3007813 0.9014282 -0.2885742 0.9014282 -0.3007813 0.9014282 -0.2885742 0.9031983 -0.3007813 0.9031983 -0.2885742 0.9049683 -0.3007813 0.9031983 -0.2885742 0.9031983 -0.3007813 0.9031983 -0.2885742 0.9049683 -0.3007813 0.9049683 -0.2885742 0.9067993 -0.3007813 0.9049683 -0.2885742 0.9049683 -0.3007813 0.9049683 -0.2885742 0.9067993 -0.3007813 0.9067993 -0.2885742 0.9085693 -0.3007813 0.9067993 -0.2885742 0.9067993 -0.3007813 0.9067993 -0.2885742 0.9085693 -0.3007813 0.9085693 -0.2885742 0.9103394 -0.3007813 0.9085693 -0.2885742 0.9085693 -0.3007813 0.9085693 -0.2885742 0.9103394 -0.3007813 0.9103394 -0.2885742 0.9121094 -0.3007813 0.9103394 -0.2885742 0.9103394 -0.3007813 0.9103394 -0.2885742 0.9121094 -0.3007813 0.9121094 -0.2885742 0.9139404 -0.3007813 0.9121094 -0.2885742 0.9121094 -0.3007813 0.9121094 -0.2885742 0.9139404 -0.3007813 0.9139404 -0.2885742 0.9157105 -0.3007813 0.9139404 -0.2885742 0.9139404 -0.3007813 0.9139404 -0.2885742 0.9157105 -0.3007813 0.9157105 -0.2885742 0.9174805 -0.3007813 0.9157105 -0.2885742 0.9157105 -0.3007813 0.9157105 -0.2885742 0.9174805 -0.3007813 0.9174805 -0.2885742 0.9193115 -0.3007813 0.9174805 -0.2885742 0.9174805 -0.3007813 0.9174805 -0.2885742 0.9193115 -0.3007813 0.9193115 -0.2885742 0.9210816 -0.3007813 0.9193115 -0.2885742 0.9193115 -0.3007813 0.9193115 -0.2885742 0.9210816 -0.3007813 0.9210816 -0.2885742 0.9228516 -0.3007813 0.9210816 -0.2885742 0.9210816 -0.3007813 0.9210816 -0.2885742 0.9228516 -0.3007813 0.9228516 -0.2885742 0.9246216 -0.3007813 0.9228516 -0.2885742 0.9228516 -0.3007813 0.9228516 -0.2885742 0.9246216 -0.3007813 0.9246216 -0.2885742 0.9264526 -0.3007813 0.9246216 -0.2885742 0.9246216 -0.3007813 0.9246216 -0.2885742 0.9264526 -0.3007813 0.9264526 -0.2885742 0.9282227 -0.3007813 0.9264526 -0.2885742 0.9264526 -0.3007813 0.9264526 -0.2885742 0.9282227 -0.3007813 0.9282227 -0.2885742 0.9299927 -0.3007813 0.9282227 -0.2885742 0.9282227 -0.3007813 0.9282227 -0.2885742 0.9299927 -0.3007813 0.9299927 -0.2885742 0.9317627 -0.3007813 0.9299927 -0.2885742 0.9299927 -0.3007813 0.9299927 -0.2885742 0.9317627 -0.3007813 0.9317627 -0.2885742 0.9335938 -0.3007813 0.9317627 -0.2885742 0.9317627 -0.3007813 0.9317627 -0.2885742 0.9335938 -0.3007813 0.9335938 -0.3007813 0.9335938 -0.2885742 0.9335938 -0.3007813 0.9317627 -0.2885742 0.9317627 -0.3007813 0.9317627 -0.2885742 0.9335938 -0.3007813 0.9317627 -0.2885742 0.9317627 -0.3007813 0.9299927 -0.2885742 0.9299927 -0.3007813 0.9299927 -0.2885742 0.9317627 -0.3007813 0.9299927 -0.2885742 0.9299927 -0.3007813 0.9282227 -0.2885742 0.9282227 -0.3007813 0.9282227 -0.2885742 0.9299927 -0.3007813 0.9282227 -0.2885742 0.9282227 -0.3007813 0.9264526 -0.2885742 0.9264526 -0.3007813 0.9264526 -0.2885742 0.9282227 -0.3007813 0.9264526 -0.2885742 0.9264526 -0.3007813 0.9246216 -0.2885742 0.9246216 -0.3007813 0.9246216 -0.2885742 0.9264526 -0.3007813 0.9246216 -0.2885742 0.9246216 -0.3007813 0.9228516 -0.2885742 0.9228516 -0.3007813 0.9228516 -0.2885742 0.9246216 -0.3007813 0.9228516 -0.2885742 0.9228516 -0.3007813 0.9210816 -0.2885742 0.9210816 -0.3007813 0.9210816 -0.2885742 0.9228516 -0.3007813 0.9210816 -0.2885742 0.9210816 -0.3007813 0.9193115 -0.2885742 0.9193115 -0.3007813 0.9193115 -0.2885742 0.9210816 -0.3007813 0.9193115 -0.2885742 0.9193115 -0.3007813 0.9174805 -0.2885742 0.9174805 -0.3007813 0.9174805 -0.2885742 0.9193115 -0.3007813 0.9174805 -0.2885742 0.9174805 -0.3007813 0.9157105 -0.2885742 0.9157105 -0.3007813 0.9157105 -0.2885742 0.9174805 -0.3007813 0.9157105 -0.2885742 0.9157105 -0.3007813 0.9139404 -0.2885742 0.9139404 -0.3007813 0.9139404 -0.2885742 0.9157105 -0.3007813 0.9139404 -0.2885742 0.9139404 -0.3007813 0.9121094 -0.2885742 0.9121094 -0.3007813 0.9121094 -0.2885742 0.9139404 -0.3007813 0.9121094 -0.2885742 0.9121094 -0.3007813 0.9103394 -0.2885742 0.9103394 -0.3007813 0.9103394 -0.2885742 0.9121094 -0.3007813 0.9103394 -0.2885742 0.9103394 -0.3007813 0.9085693 -0.2885742 0.9085693 -0.3007813 0.9085693 -0.2885742 0.9103394 -0.3007813 0.9085693 -0.2885742 0.9085693 -0.3007813 0.9067993 -0.2885742 0.9067993 -0.3007813 0.9067993 -0.2885742 0.9085693 -0.3007813 0.9067993 -0.2885742 0.9067993 -0.3007813 0.9049683 -0.2885742 0.9049683 -0.3007813 0.9049683 -0.2885742 0.9067993 -0.3007813 0.9049683 -0.2885742 0.9049683 -0.3007813 0.9031983 -0.2885742 0.9031983 -0.3007813 0.9031983 -0.2885742 0.9049683 -0.3007813 0.9031983 -0.2885742 0.9031983 -0.3007813 0.9014282 -0.2885742 0.9014282 -0.3007813 0.9014282 -0.2885742 0.9031983 -0.3007813 0.9014282 -0.2885742 0.9014282 -0.3007813 0.8995972 -0.2885742 0.8995972 -0.3007813 0.8995972 -0.2885742 0.9014282 -0.3007813 0.8995972 -0.2885742 0.8995972 -0.3007813 0.8978272 -0.2885742 0.8978272 -0.3007813 0.8978272 -0.2885742 0.8995972 -0.3007813 0.8978272 -0.2885742 0.8978272 -0.2885742 0.8995972 -0.2766113 0.8995972 -0.2885742 0.8995972 -0.2885742 0.8978272 -0.2766113 0.9014282 -0.2885742 0.8995972 -0.2766113 0.8995972 -0.2885742 0.8995972 -0.2766113 0.9014282 -0.2885742 0.9014282 -0.2766113 0.9031983 -0.2885742 0.9014282 -0.2766113 0.9014282 -0.2885742 0.9014282 -0.2766113 0.9031983 -0.2885742 0.9031983 -0.2766113 0.9049683 -0.2885742 0.9031983 -0.2766113 0.9031983 -0.2885742 0.9031983 -0.2766113 0.9049683 -0.2885742 0.9049683 -0.2766113 0.9067993 -0.2885742 0.9049683 -0.2766113 0.9049683 -0.2885742 0.9049683 -0.2766113 0.9067993 -0.2885742 0.9067993 -0.2766113 0.9085693 -0.2885742 0.9067993 -0.2766113 0.9067993 -0.2885742 0.9067993 -0.2766113 0.9085693 -0.2885742 0.9085693 -0.2766113 0.9103394 -0.2885742 0.9085693 -0.2766113 0.9085693 -0.2885742 0.9085693 -0.2766113 0.9103394 -0.2885742 0.9103394 -0.2766113 0.9121094 -0.2885742 0.9103394 -0.2766113 0.9103394 -0.2885742 0.9103394 -0.2766113 0.9121094 -0.2885742 0.9121094 -0.2766113 0.9139404 -0.2885742 0.9121094 -0.2766113 0.9121094 -0.2885742 0.9121094 -0.2766113 0.9139404 -0.2885742 0.9139404 -0.2766113 0.9157105 -0.2885742 0.9139404 -0.2766113 0.9139404 -0.2885742 0.9139404 -0.2766113 0.9157105 -0.2885742 0.9157105 -0.2766113 0.9174805 -0.2885742 0.9157105 -0.2766113 0.9157105 -0.2885742 0.9157105 -0.2766113 0.9174805 -0.2885742 0.9174805 -0.2766113 0.9193115 -0.2885742 0.9174805 -0.2766113 0.9174805 -0.2885742 0.9174805 -0.2766113 0.9193115 -0.2885742 0.9193115 -0.2766113 0.9210816 -0.2885742 0.9193115 -0.2766113 0.9193115 -0.2885742 0.9193115 -0.2766113 0.9210816 -0.2885742 0.9210816 -0.2766113 0.9228516 -0.2885742 0.9210816 -0.2766113 0.9210816 -0.2885742 0.9210816 -0.2766113 0.9228516 -0.2885742 0.9228516 -0.2766113 0.9246216 -0.2885742 0.9228516 -0.2766113 0.9228516 -0.2885742 0.9228516 -0.2766113 0.9246216 -0.2885742 0.9246216 -0.2766113 0.9264526 -0.2885742 0.9246216 -0.2766113 0.9246216 -0.2885742 0.9246216 -0.2766113 0.9264526 -0.2885742 0.9264526 -0.2766113 0.9282227 -0.2885742 0.9264526 -0.2766113 0.9264526 -0.2885742 0.9264526 -0.2766113 0.9282227 -0.2885742 0.9282227 -0.2766113 0.9299927 -0.2885742 0.9282227 -0.2766113 0.9282227 -0.2885742 0.9282227 -0.2766113 0.9299927 -0.2885742 0.9299927 -0.2766113 0.9317627 -0.2885742 0.9299927 -0.2766113 0.9299927 -0.2885742 0.9299927 -0.2766113 0.9317627 -0.2885742 0.9317627 -0.2766113 0.9335938 -0.2885742 0.9317627 -0.2766113 0.9317627 -0.2885742 0.9317627 -0.2766113 0.9335938 -0.2885742 0.9335938 -0.2885742 0.9335938 -0.2766113 0.9335938 -0.2885742 0.9317627 -0.2766113 0.9317627 -0.2885742 0.9317627 -0.2766113 0.9335938 -0.2885742 0.9317627 -0.2766113 0.9317627 -0.2885742 0.9299927 -0.2766113 0.9299927 -0.2885742 0.9299927 -0.2766113 0.9317627 -0.2885742 0.9299927 -0.2766113 0.9299927 -0.2885742 0.9282227 -0.2766113 0.9282227 -0.2885742 0.9282227 -0.2766113 0.9299927 -0.2885742 0.9282227 -0.2766113 0.9282227 -0.2885742 0.9264526 -0.2766113 0.9264526 -0.2885742 0.9264526 -0.2766113 0.9282227 -0.2885742 0.9264526 -0.2766113 0.9264526 -0.2885742 0.9246216 -0.2766113 0.9246216 -0.2885742 0.9246216 -0.2766113 0.9264526 -0.2885742 0.9246216 -0.2766113 0.9246216 -0.2885742 0.9228516 -0.2766113 0.9228516 -0.2885742 0.9228516 -0.2766113 0.9246216 -0.2885742 0.9228516 -0.2766113 0.9228516 -0.2885742 0.9210816 -0.2766113 0.9210816 -0.2885742 0.9210816 -0.2766113 0.9228516 -0.2885742 0.9210816 -0.2766113 0.9210816 -0.2885742 0.9193115 -0.2766113 0.9193115 -0.2885742 0.9193115 -0.2766113 0.9210816 -0.2885742 0.9193115 -0.2766113 0.9193115 -0.2885742 0.9174805 -0.2766113 0.9174805 -0.2885742 0.9174805 -0.2766113 0.9193115 -0.2885742 0.9174805 -0.2766113 0.9174805 -0.2885742 0.9157105 -0.2766113 0.9157105 -0.2885742 0.9157105 -0.2766113 0.9174805 -0.2885742 0.9157105 -0.2766113 0.9157105 -0.2885742 0.9139404 -0.2766113 0.9139404 -0.2885742 0.9139404 -0.2766113 0.9157105 -0.2885742 0.9139404 -0.2766113 0.9139404 -0.2885742 0.9121094 -0.2766113 0.9121094 -0.2885742 0.9121094 -0.2766113 0.9139404 -0.2885742 0.9121094 -0.2766113 0.9121094 -0.2885742 0.9103394 -0.2766113 0.9103394 -0.2885742 0.9103394 -0.2766113 0.9121094 -0.2885742 0.9103394 -0.2766113 0.9103394 -0.2885742 0.9085693 -0.2766113 0.9085693 -0.2885742 0.9085693 -0.2766113 0.9103394 -0.2885742 0.9085693 -0.2766113 0.9085693 -0.2885742 0.9067993 -0.2766113 0.9067993 -0.2885742 0.9067993 -0.2766113 0.9085693 -0.2885742 0.9067993 -0.2766113 0.9067993 -0.2885742 0.9049683 -0.2766113 0.9049683 -0.2885742 0.9049683 -0.2766113 0.9067993 -0.2885742 0.9049683 -0.2766113 0.9049683 -0.2885742 0.9031983 -0.2766113 0.9031983 -0.2885742 0.9031983 -0.2766113 0.9049683 -0.2885742 0.9031983 -0.2766113 0.9031983 -0.2885742 0.9014282 -0.2766113 0.9014282 -0.2885742 0.9014282 -0.2766113 0.9031983 -0.2885742 0.9014282 -0.2766113 0.9014282 -0.2885742 0.8995972 -0.2766113 0.8995972 -0.2885742 0.8995972 -0.2766113 0.9014282 -0.2885742 0.8995972 -0.2766113 0.8995972 -0.2885742 0.8978272 -0.2766113 0.8978272 -0.2885742 0.8978272 -0.2766113 0.8995972 -0.2885742 0.8978272 -0.2766113 0.8978272 -0.2766113 0.8995972 -0.2644043 0.8995972 -0.2766113 0.8995972 -0.2766113 0.8978272 -0.2644043 0.9014282 -0.2766113 0.8995972 -0.2644043 0.8995972 -0.2766113 0.8995972 -0.2644043 0.9014282 -0.2766113 0.9014282 -0.2644043 0.9031983 -0.2766113 0.9014282 -0.2644043 0.9014282 -0.2766113 0.9014282 -0.2644043 0.9031983 -0.2766113 0.9031983 -0.2644043 0.9049683 -0.2766113 0.9031983 -0.2644043 0.9031983 -0.2766113 0.9031983 -0.2644043 0.9049683 -0.2766113 0.9049683 -0.2644043 0.9067993 -0.2766113 0.9049683 -0.2644043 0.9049683 -0.2766113 0.9049683 -0.2644043 0.9067993 -0.2766113 0.9067993 -0.2644043 0.9085693 -0.2766113 0.9067993 -0.2644043 0.9067993 -0.2766113 0.9067993 -0.2644043 0.9085693 -0.2766113 0.9085693 -0.2644043 0.9103394 -0.2766113 0.9085693 -0.2644043 0.9085693 -0.2766113 0.9085693 -0.2644043 0.9103394 -0.2766113 0.9103394 -0.2644043 0.9121094 -0.2766113 0.9103394 -0.2644043 0.9103394 -0.2766113 0.9103394 -0.2644043 0.9121094 -0.2766113 0.9121094 -0.2644043 0.9139404 -0.2766113 0.9121094 -0.2644043 0.9121094 -0.2766113 0.9121094 -0.2644043 0.9139404 -0.2766113 0.9139404 -0.2644043 0.9157105 -0.2766113 0.9139404 -0.2644043 0.9139404 -0.2766113 0.9139404 -0.2644043 0.9157105 -0.2766113 0.9157105 -0.2644043 0.9174805 -0.2766113 0.9157105 -0.2644043 0.9157105 -0.2766113 0.9157105 -0.2644043 0.9174805 -0.2766113 0.9174805 -0.2644043 0.9193115 -0.2766113 0.9174805 -0.2644043 0.9174805 -0.2766113 0.9174805 -0.2644043 0.9193115 -0.2766113 0.9193115 -0.2644043 0.9210816 -0.2766113 0.9193115 -0.2644043 0.9193115 -0.2766113 0.9193115 -0.2644043 0.9210816 -0.2766113 0.9210816 -0.2644043 0.9228516 -0.2766113 0.9210816 -0.2644043 0.9210816 -0.2766113 0.9210816 -0.2644043 0.9228516 -0.2766113 0.9228516 -0.2644043 0.9246216 -0.2766113 0.9228516 -0.2644043 0.9228516 -0.2766113 0.9228516 -0.2644043 0.9246216 -0.2766113 0.9246216 -0.2644043 0.9264526 -0.2766113 0.9246216 -0.2644043 0.9246216 -0.2766113 0.9246216 -0.2644043 0.9264526 -0.2766113 0.9264526 -0.2644043 0.9282227 -0.2766113 0.9264526 -0.2644043 0.9264526 -0.2766113 0.9264526 -0.2644043 0.9282227 -0.2766113 0.9282227 -0.2644043 0.9299927 -0.2766113 0.9282227 -0.2644043 0.9282227 -0.2766113 0.9282227 -0.2644043 0.9299927 -0.2766113 0.9299927 -0.2644043 0.9317627 -0.2766113 0.9299927 -0.2644043 0.9299927 -0.2766113 0.9299927 -0.2644043 0.9317627 -0.2766113 0.9317627 -0.2644043 0.9335938 -0.2766113 0.9317627 -0.2644043 0.9317627 -0.2766113 0.9317627 -0.2644043 0.9335938 -0.2766113 0.9335938 -0.2766113 0.9335938 -0.2644043 0.9335938 -0.2766113 0.9317627 -0.2644043 0.9317627 -0.2766113 0.9317627 -0.2644043 0.9335938 -0.2766113 0.9317627 -0.2644043 0.9317627 -0.2766113 0.9299927 -0.2644043 0.9299927 -0.2766113 0.9299927 -0.2644043 0.9317627 -0.2766113 0.9299927 -0.2644043 0.9299927 -0.2766113 0.9282227 -0.2644043 0.9282227 -0.2766113 0.9282227 -0.2644043 0.9299927 -0.2766113 0.9282227 -0.2644043 0.9282227 -0.2766113 0.9264526 -0.2644043 0.9264526 -0.2766113 0.9264526 -0.2644043 0.9282227 -0.2766113 0.9264526 -0.2644043 0.9264526 -0.2766113 0.9246216 -0.2644043 0.9246216 -0.2766113 0.9246216 -0.2644043 0.9264526 -0.2766113 0.9246216 -0.2644043 0.9246216 -0.2766113 0.9228516 -0.2644043 0.9228516 -0.2766113 0.9228516 -0.2644043 0.9246216 -0.2766113 0.9228516 -0.2644043 0.9228516 -0.2766113 0.9210816 -0.2644043 0.9210816 -0.2766113 0.9210816 -0.2644043 0.9228516 -0.2766113 0.9210816 -0.2644043 0.9210816 -0.2766113 0.9193115 -0.2644043 0.9193115 -0.2766113 0.9193115 -0.2644043 0.9210816 -0.2766113 0.9193115 -0.2644043 0.9193115 -0.2766113 0.9174805 -0.2644043 0.9174805 -0.2766113 0.9174805 -0.2644043 0.9193115 -0.2766113 0.9174805 -0.2644043 0.9174805 -0.2766113 0.9157105 -0.2644043 0.9157105 -0.2766113 0.9157105 -0.2644043 0.9174805 -0.2766113 0.9157105 -0.2644043 0.9157105 -0.2766113 0.9139404 -0.2644043 0.9139404 -0.2766113 0.9139404 -0.2644043 0.9157105 -0.2766113 0.9139404 -0.2644043 0.9139404 -0.2766113 0.9121094 -0.2644043 0.9121094 -0.2766113 0.9121094 -0.2644043 0.9139404 -0.2766113 0.9121094 -0.2644043 0.9121094 -0.2766113 0.9103394 -0.2644043 0.9103394 -0.2766113 0.9103394 -0.2644043 0.9121094 -0.2766113 0.9103394 -0.2644043 0.9103394 -0.2766113 0.9085693 -0.2644043 0.9085693 -0.2766113 0.9085693 -0.2644043 0.9103394 -0.2766113 0.9085693 -0.2644043 0.9085693 -0.2766113 0.9067993 -0.2644043 0.9067993 -0.2766113 0.9067993 -0.2644043 0.9085693 -0.2766113 0.9067993 -0.2644043 0.9067993 -0.2766113 0.9049683 -0.2644043 0.9049683 -0.2766113 0.9049683 -0.2644043 0.9067993 -0.2766113 0.9049683 -0.2644043 0.9049683 -0.2766113 0.9031983 -0.2644043 0.9031983 -0.2766113 0.9031983 -0.2644043 0.9049683 -0.2766113 0.9031983 -0.2644043 0.9031983 -0.2766113 0.9014282 -0.2644043 0.9014282 -0.2766113 0.9014282 -0.2644043 0.9031983 -0.2766113 0.9014282 -0.2644043 0.9014282 -0.2766113 0.8995972 -0.2644043 0.8995972 -0.2766113 0.8995972 -0.2644043 0.9014282 -0.2766113 0.8995972 -0.2644043 0.8995972 -0.2766113 0.8978272 -0.2644043 0.8978272 -0.2766113 0.8978272 -0.2644043 0.8995972 -0.2766113 0.8978272 -0.2644043 0.8978272 -0.2644043 0.8995972 -0.2524414 0.8995972 -0.2644043 0.8995972 -0.2644043 0.8978272 -0.2524414 0.9014282 -0.2644043 0.8995972 -0.2524414 0.8995972 -0.2644043 0.8995972 -0.2524414 0.9014282 -0.2644043 0.9014282 -0.2524414 0.9031983 -0.2644043 0.9014282 -0.2524414 0.9014282 -0.2644043 0.9014282 -0.2524414 0.9031983 -0.2644043 0.9031983 -0.2524414 0.9049683 -0.2644043 0.9031983 -0.2524414 0.9031983 -0.2644043 0.9031983 -0.2524414 0.9049683 -0.2644043 0.9049683 -0.2524414 0.9067993 -0.2644043 0.9049683 -0.2524414 0.9049683 -0.2644043 0.9049683 -0.2524414 0.9067993 -0.2644043 0.9067993 -0.2524414 0.9085693 -0.2644043 0.9067993 -0.2524414 0.9067993 -0.2644043 0.9067993 -0.2524414 0.9085693 -0.2644043 0.9085693 -0.2524414 0.9103394 -0.2644043 0.9085693 -0.2524414 0.9085693 -0.2644043 0.9085693 -0.2524414 0.9103394 -0.2644043 0.9103394 -0.2524414 0.9121094 -0.2644043 0.9103394 -0.2524414 0.9103394 -0.2644043 0.9103394 -0.2524414 0.9121094 -0.2644043 0.9121094 -0.2524414 0.9139404 -0.2644043 0.9121094 -0.2524414 0.9121094 -0.2644043 0.9121094 -0.2524414 0.9139404 -0.2644043 0.9139404 -0.2524414 0.9157105 -0.2644043 0.9139404 -0.2524414 0.9139404 -0.2644043 0.9139404 -0.2524414 0.9157105 -0.2644043 0.9157105 -0.2524414 0.9174805 -0.2644043 0.9157105 -0.2524414 0.9157105 -0.2644043 0.9157105 -0.2524414 0.9174805 -0.2644043 0.9174805 -0.2524414 0.9193115 -0.2644043 0.9174805 -0.2524414 0.9174805 -0.2644043 0.9174805 -0.2524414 0.9193115 -0.2644043 0.9193115 -0.2524414 0.9210816 -0.2644043 0.9193115 -0.2524414 0.9193115 -0.2644043 0.9193115 -0.2524414 0.9210816 -0.2644043 0.9210816 -0.2524414 0.9228516 -0.2644043 0.9210816 -0.2524414 0.9210816 -0.2644043 0.9210816 -0.2524414 0.9228516 -0.2644043 0.9228516 -0.2524414 0.9246216 -0.2644043 0.9228516 -0.2524414 0.9228516 -0.2644043 0.9228516 -0.2524414 0.9246216 -0.2644043 0.9246216 -0.2524414 0.9264526 -0.2644043 0.9246216 -0.2524414 0.9246216 -0.2644043 0.9246216 -0.2524414 0.9264526 -0.2644043 0.9264526 -0.2524414 0.9282227 -0.2644043 0.9264526 -0.2524414 0.9264526 -0.2644043 0.9264526 -0.2524414 0.9282227 -0.2644043 0.9282227 -0.2524414 0.9299927 -0.2644043 0.9282227 -0.2524414 0.9282227 -0.2644043 0.9282227 -0.2524414 0.9299927 -0.2644043 0.9299927 -0.2524414 0.9317627 -0.2644043 0.9299927 -0.2524414 0.9299927 -0.2644043 0.9299927 -0.2524414 0.9317627 -0.2644043 0.9317627 -0.2524414 0.9335938 -0.2644043 0.9317627 -0.2524414 0.9317627 -0.2644043 0.9317627 -0.2524414 0.9335938 -0.2644043 0.9335938 -0.2644043 0.9335938 -0.2524414 0.9335938 -0.2644043 0.9317627 -0.2524414 0.9317627 -0.2644043 0.9317627 -0.2524414 0.9335938 -0.2644043 0.9317627 -0.2524414 0.9317627 -0.2644043 0.9299927 -0.2524414 0.9299927 -0.2644043 0.9299927 -0.2524414 0.9317627 -0.2644043 0.9299927 -0.2524414 0.9299927 -0.2644043 0.9282227 -0.2524414 0.9282227 -0.2644043 0.9282227 -0.2524414 0.9299927 -0.2644043 0.9282227 -0.2524414 0.9282227 -0.2644043 0.9264526 -0.2524414 0.9264526 -0.2644043 0.9264526 -0.2524414 0.9282227 -0.2644043 0.9264526 -0.2524414 0.9264526 -0.2644043 0.9246216 -0.2524414 0.9246216 -0.2644043 0.9246216 -0.2524414 0.9264526 -0.2644043 0.9246216 -0.2524414 0.9246216 -0.2644043 0.9228516 -0.2524414 0.9228516 -0.2644043 0.9228516 -0.2524414 0.9246216 -0.2644043 0.9228516 -0.2524414 0.9228516 -0.2644043 0.9210816 -0.2524414 0.9210816 -0.2644043 0.9210816 -0.2524414 0.9228516 -0.2644043 0.9210816 -0.2524414 0.9210816 -0.2644043 0.9193115 -0.2524414 0.9193115 -0.2644043 0.9193115 -0.2524414 0.9210816 -0.2644043 0.9193115 -0.2524414 0.9193115 -0.2644043 0.9174805 -0.2524414 0.9174805 -0.2644043 0.9174805 -0.2524414 0.9193115 -0.2644043 0.9174805 -0.2524414 0.9174805 -0.2644043 0.9157105 -0.2524414 0.9157105 -0.2644043 0.9157105 -0.2524414 0.9174805 -0.2644043 0.9157105 -0.2524414 0.9157105 -0.2644043 0.9139404 -0.2524414 0.9139404 -0.2644043 0.9139404 -0.2524414 0.9157105 -0.2644043 0.9139404 -0.2524414 0.9139404 -0.2644043 0.9121094 -0.2524414 0.9121094 -0.2644043 0.9121094 -0.2524414 0.9139404 -0.2644043 0.9121094 -0.2524414 0.9121094 -0.2644043 0.9103394 -0.2524414 0.9103394 -0.2644043 0.9103394 -0.2524414 0.9121094 -0.2644043 0.9103394 -0.2524414 0.9103394 -0.2644043 0.9085693 -0.2524414 0.9085693 -0.2644043 0.9085693 -0.2524414 0.9103394 -0.2644043 0.9085693 -0.2524414 0.9085693 -0.2644043 0.9067993 -0.2524414 0.9067993 -0.2644043 0.9067993 -0.2524414 0.9085693 -0.2644043 0.9067993 -0.2524414 0.9067993 -0.2644043 0.9049683 -0.2524414 0.9049683 -0.2644043 0.9049683 -0.2524414 0.9067993 -0.2644043 0.9049683 -0.2524414 0.9049683 -0.2644043 0.9031983 -0.2524414 0.9031983 -0.2644043 0.9031983 -0.2524414 0.9049683 -0.2644043 0.9031983 -0.2524414 0.9031983 -0.2644043 0.9014282 -0.2524414 0.9014282 -0.2644043 0.9014282 -0.2524414 0.9031983 -0.2644043 0.9014282 -0.2524414 0.9014282 -0.2644043 0.8995972 -0.2524414 0.8995972 -0.2644043 0.8995972 -0.2524414 0.9014282 -0.2644043 0.8995972 -0.2524414 0.8995972 -0.2644043 0.8978272 -0.2524414 0.8978272 -0.2644043 0.8978272 -0.2524414 0.8995972 -0.2644043 0.8978272 -0.2524414 0.8978272 -0.2524414 0.8995972 -0.2402343 0.8995972 -0.2524414 0.8995972 -0.2524414 0.8978272 -0.2402343 0.9014282 -0.2524414 0.8995972 -0.2402343 0.8995972 -0.2524414 0.8995972 -0.2402343 0.9014282 -0.2524414 0.9014282 -0.2402343 0.9031983 -0.2524414 0.9014282 -0.2402343 0.9014282 -0.2524414 0.9014282 -0.2402343 0.9031983 -0.2524414 0.9031983 -0.2402343 0.9049683 -0.2524414 0.9031983 -0.2402343 0.9031983 -0.2524414 0.9031983 -0.2402343 0.9049683 -0.2524414 0.9049683 -0.2402343 0.9067993 -0.2524414 0.9049683 -0.2402343 0.9049683 -0.2524414 0.9049683 -0.2402343 0.9067993 -0.2524414 0.9067993 -0.2402343 0.9085693 -0.2524414 0.9067993 -0.2402343 0.9067993 -0.2524414 0.9067993 -0.2402343 0.9085693 -0.2524414 0.9085693 -0.2402343 0.9103394 -0.2524414 0.9085693 -0.2402343 0.9085693 -0.2524414 0.9085693 -0.2402343 0.9103394 -0.2524414 0.9103394 -0.2402343 0.9121094 -0.2524414 0.9103394 -0.2402343 0.9103394 -0.2524414 0.9103394 -0.2402343 0.9121094 -0.2524414 0.9121094 -0.2402343 0.9139404 -0.2524414 0.9121094 -0.2402343 0.9121094 -0.2524414 0.9121094 -0.2402343 0.9139404 -0.2524414 0.9139404 -0.2402343 0.9157105 -0.2524414 0.9139404 -0.2402343 0.9139404 -0.2524414 0.9139404 -0.2402343 0.9157105 -0.2524414 0.9157105 -0.2402343 0.9174805 -0.2524414 0.9157105 -0.2402343 0.9157105 -0.2524414 0.9157105 -0.2402343 0.9174805 -0.2524414 0.9174805 -0.2402343 0.9193115 -0.2524414 0.9174805 -0.2402343 0.9174805 -0.2524414 0.9174805 -0.2402343 0.9193115 -0.2524414 0.9193115 -0.2402343 0.9210816 -0.2524414 0.9193115 -0.2402343 0.9193115 -0.2524414 0.9193115 -0.2402343 0.9210816 -0.2524414 0.9210816 -0.2402343 0.9228516 -0.2524414 0.9210816 -0.2402343 0.9210816 -0.2524414 0.9210816 -0.2402343 0.9228516 -0.2524414 0.9228516 -0.2402343 0.9246216 -0.2524414 0.9228516 -0.2402343 0.9228516 -0.2524414 0.9228516 -0.2402343 0.9246216 -0.2524414 0.9246216 -0.2402343 0.9264526 -0.2524414 0.9246216 -0.2402343 0.9246216 -0.2524414 0.9246216 -0.2402343 0.9264526 -0.2524414 0.9264526 -0.2402343 0.9282227 -0.2524414 0.9264526 -0.2402343 0.9264526 -0.2524414 0.9264526 -0.2402343 0.9282227 -0.2524414 0.9282227 -0.2402343 0.9299927 -0.2524414 0.9282227 -0.2402343 0.9282227 -0.2524414 0.9282227 -0.2402343 0.9299927 -0.2524414 0.9299927 -0.2402343 0.9317627 -0.2524414 0.9299927 -0.2402343 0.9299927 -0.2524414 0.9299927 -0.2402343 0.9317627 -0.2524414 0.9317627 -0.2402343 0.9335938 -0.2524414 0.9317627 -0.2402343 0.9317627 -0.2524414 0.9317627 -0.2402343 0.9335938 -0.2524414 0.9335938 -0.2524414 0.9335938 -0.2402343 0.9335938 -0.2524414 0.9317627 -0.2402343 0.9317627 -0.2524414 0.9317627 -0.2402343 0.9335938 -0.2524414 0.9317627 -0.2402343 0.9317627 -0.2524414 0.9299927 -0.2402343 0.9299927 -0.2524414 0.9299927 -0.2402343 0.9317627 -0.2524414 0.9299927 -0.2402343 0.9299927 -0.2524414 0.9282227 -0.2402343 0.9282227 -0.2524414 0.9282227 -0.2402343 0.9299927 -0.2524414 0.9282227 -0.2402343 0.9282227 -0.2524414 0.9264526 -0.2402343 0.9264526 -0.2524414 0.9264526 -0.2402343 0.9282227 -0.2524414 0.9264526 -0.2402343 0.9264526 -0.2524414 0.9246216 -0.2402343 0.9246216 -0.2524414 0.9246216 -0.2402343 0.9264526 -0.2524414 0.9246216 -0.2402343 0.9246216 -0.2524414 0.9228516 -0.2402343 0.9228516 -0.2524414 0.9228516 -0.2402343 0.9246216 -0.2524414 0.9228516 -0.2402343 0.9228516 -0.2524414 0.9210816 -0.2402343 0.9210816 -0.2524414 0.9210816 -0.2402343 0.9228516 -0.2524414 0.9210816 -0.2402343 0.9210816 -0.2524414 0.9193115 -0.2402343 0.9193115 -0.2524414 0.9193115 -0.2402343 0.9210816 -0.2524414 0.9193115 -0.2402343 0.9193115 -0.2524414 0.9174805 -0.2402343 0.9174805 -0.2524414 0.9174805 -0.2402343 0.9193115 -0.2524414 0.9174805 -0.2402343 0.9174805 -0.2524414 0.9157105 -0.2402343 0.9157105 -0.2524414 0.9157105 -0.2402343 0.9174805 -0.2524414 0.9157105 -0.2402343 0.9157105 -0.2524414 0.9139404 -0.2402343 0.9139404 -0.2524414 0.9139404 -0.2402343 0.9157105 -0.2524414 0.9139404 -0.2402343 0.9139404 -0.2524414 0.9121094 -0.2402343 0.9121094 -0.2524414 0.9121094 -0.2402343 0.9139404 -0.2524414 0.9121094 -0.2402343 0.9121094 -0.2524414 0.9103394 -0.2402343 0.9103394 -0.2524414 0.9103394 -0.2402343 0.9121094 -0.2524414 0.9103394 -0.2402343 0.9103394 -0.2524414 0.9085693 -0.2402343 0.9085693 -0.2524414 0.9085693 -0.2402343 0.9103394 -0.2524414 0.9085693 -0.2402343 0.9085693 -0.2524414 0.9067993 -0.2402343 0.9067993 -0.2524414 0.9067993 -0.2402343 0.9085693 -0.2524414 0.9067993 -0.2402343 0.9067993 -0.2524414 0.9049683 -0.2402343 0.9049683 -0.2524414 0.9049683 -0.2402343 0.9067993 -0.2524414 0.9049683 -0.2402343 0.9049683 -0.2524414 0.9031983 -0.2402343 0.9031983 -0.2524414 0.9031983 -0.2402343 0.9049683 -0.2524414 0.9031983 -0.2402343 0.9031983 -0.2524414 0.9014282 -0.2402343 0.9014282 -0.2524414 0.9014282 -0.2402343 0.9031983 -0.2524414 0.9014282 -0.2402343 0.9014282 -0.2524414 0.8995972 -0.2402343 0.8995972 -0.2524414 0.8995972 -0.2402343 0.9014282 -0.2524414 0.8995972 -0.2402343 0.8995972 -0.2524414 0.8978272 -0.2402343 0.8978272 -0.2524414 0.8978272 -0.2402343 0.8995972 -0.2524414 0.8978272 -0.2402343 0.8978272 -0.2402343 0.8995972 -0.2280273 0.8995972 -0.2402343 0.8995972 -0.2402343 0.8978272 -0.2280273 0.9014282 -0.2402343 0.8995972 -0.2280273 0.8995972 -0.2402343 0.8995972 -0.2280273 0.9014282 -0.2402343 0.9014282 -0.2280273 0.9031983 -0.2402343 0.9014282 -0.2280273 0.9014282 -0.2402343 0.9014282 -0.2280273 0.9031983 -0.2402343 0.9031983 -0.2280273 0.9049683 -0.2402343 0.9031983 -0.2280273 0.9031983 -0.2402343 0.9031983 -0.2280273 0.9049683 -0.2402343 0.9049683 -0.2280273 0.9067993 -0.2402343 0.9049683 -0.2280273 0.9049683 -0.2402343 0.9049683 -0.2280273 0.9067993 -0.2402343 0.9067993 -0.2280273 0.9085693 -0.2402343 0.9067993 -0.2280273 0.9067993 -0.2402343 0.9067993 -0.2280273 0.9085693 -0.2402343 0.9085693 -0.2280273 0.9103394 -0.2402343 0.9085693 -0.2280273 0.9085693 -0.2402343 0.9085693 -0.2280273 0.9103394 -0.2402343 0.9103394 -0.2280273 0.9121094 -0.2402343 0.9103394 -0.2280273 0.9103394 -0.2402343 0.9103394 -0.2280273 0.9121094 -0.2402343 0.9121094 -0.2280273 0.9139404 -0.2402343 0.9121094 -0.2280273 0.9121094 -0.2402343 0.9121094 -0.2280273 0.9139404 -0.2402343 0.9139404 -0.2280273 0.9157105 -0.2402343 0.9139404 -0.2280273 0.9139404 -0.2402343 0.9139404 -0.2280273 0.9157105 -0.2402343 0.9157105 -0.2280273 0.9174805 -0.2402343 0.9157105 -0.2280273 0.9157105 -0.2402343 0.9157105 -0.2280273 0.9174805 -0.2402343 0.9174805 -0.2280273 0.9193115 -0.2402343 0.9174805 -0.2280273 0.9174805 -0.2402343 0.9174805 -0.2280273 0.9193115 -0.2402343 0.9193115 -0.2280273 0.9210816 -0.2402343 0.9193115 -0.2280273 0.9193115 -0.2402343 0.9193115 -0.2280273 0.9210816 -0.2402343 0.9210816 -0.2280273 0.9228516 -0.2402343 0.9210816 -0.2280273 0.9210816 -0.2402343 0.9210816 -0.2280273 0.9228516 -0.2402343 0.9228516 -0.2280273 0.9246216 -0.2402343 0.9228516 -0.2280273 0.9228516 -0.2402343 0.9228516 -0.2280273 0.9246216 -0.2402343 0.9246216 -0.2280273 0.9264526 -0.2402343 0.9246216 -0.2280273 0.9246216 -0.2402343 0.9246216 -0.2280273 0.9264526 -0.2402343 0.9264526 -0.2280273 0.9282227 -0.2402343 0.9264526 -0.2280273 0.9264526 -0.2402343 0.9264526 -0.2280273 0.9282227 -0.2402343 0.9282227 -0.2280273 0.9299927 -0.2402343 0.9282227 -0.2280273 0.9282227 -0.2402343 0.9282227 -0.2280273 0.9299927 -0.2402343 0.9299927 -0.2280273 0.9317627 -0.2402343 0.9299927 -0.2280273 0.9299927 -0.2402343 0.9299927 -0.2280273 0.9317627 -0.2402343 0.9317627 -0.2280273 0.9335938 -0.2402343 0.9317627 -0.2280273 0.9317627 -0.2402343 0.9317627 -0.2280273 0.9335938 -0.2402343 0.9335938 -0.2402343 0.9335938 -0.2280273 0.9335938 -0.2402343 0.9317627 -0.2280273 0.9317627 -0.2402343 0.9317627 -0.2280273 0.9335938 -0.2402343 0.9317627 -0.2280273 0.9317627 -0.2402343 0.9299927 -0.2280273 0.9299927 -0.2402343 0.9299927 -0.2280273 0.9317627 -0.2402343 0.9299927 -0.2280273 0.9299927 -0.2402343 0.9282227 -0.2280273 0.9282227 -0.2402343 0.9282227 -0.2280273 0.9299927 -0.2402343 0.9282227 -0.2280273 0.9282227 -0.2402343 0.9264526 -0.2280273 0.9264526 -0.2402343 0.9264526 -0.2280273 0.9282227 -0.2402343 0.9264526 -0.2280273 0.9264526 -0.2402343 0.9246216 -0.2280273 0.9246216 -0.2402343 0.9246216 -0.2280273 0.9264526 -0.2402343 0.9246216 -0.2280273 0.9246216 -0.2402343 0.9228516 -0.2280273 0.9228516 -0.2402343 0.9228516 -0.2280273 0.9246216 -0.2402343 0.9228516 -0.2280273 0.9228516 -0.2402343 0.9210816 -0.2280273 0.9210816 -0.2402343 0.9210816 -0.2280273 0.9228516 -0.2402343 0.9210816 -0.2280273 0.9210816 -0.2402343 0.9193115 -0.2280273 0.9193115 -0.2402343 0.9193115 -0.2280273 0.9210816 -0.2402343 0.9193115 -0.2280273 0.9193115 -0.2402343 0.9174805 -0.2280273 0.9174805 -0.2402343 0.9174805 -0.2280273 0.9193115 -0.2402343 0.9174805 -0.2280273 0.9174805 -0.2402343 0.9157105 -0.2280273 0.9157105 -0.2402343 0.9157105 -0.2280273 0.9174805 -0.2402343 0.9157105 -0.2280273 0.9157105 -0.2402343 0.9139404 -0.2280273 0.9139404 -0.2402343 0.9139404 -0.2280273 0.9157105 -0.2402343 0.9139404 -0.2280273 0.9139404 -0.2402343 0.9121094 -0.2280273 0.9121094 -0.2402343 0.9121094 -0.2280273 0.9139404 -0.2402343 0.9121094 -0.2280273 0.9121094 -0.2402343 0.9103394 -0.2280273 0.9103394 -0.2402343 0.9103394 -0.2280273 0.9121094 -0.2402343 0.9103394 -0.2280273 0.9103394 -0.2402343 0.9085693 -0.2280273 0.9085693 -0.2402343 0.9085693 -0.2280273 0.9103394 -0.2402343 0.9085693 -0.2280273 0.9085693 -0.2402343 0.9067993 -0.2280273 0.9067993 -0.2402343 0.9067993 -0.2280273 0.9085693 -0.2402343 0.9067993 -0.2280273 0.9067993 -0.2402343 0.9049683 -0.2280273 0.9049683 -0.2402343 0.9049683 -0.2280273 0.9067993 -0.2402343 0.9049683 -0.2280273 0.9049683 -0.2402343 0.9031983 -0.2280273 0.9031983 -0.2402343 0.9031983 -0.2280273 0.9049683 -0.2402343 0.9031983 -0.2280273 0.9031983 -0.2402343 0.9014282 -0.2280273 0.9014282 -0.2402343 0.9014282 -0.2280273 0.9031983 -0.2402343 0.9014282 -0.2280273 0.9014282 -0.2402343 0.8995972 -0.2280273 0.8995972 -0.2402343 0.8995972 -0.2280273 0.9014282 -0.2402343 0.8995972 -0.2280273 0.8995972 -0.2402343 0.8978272 -0.2280273 0.8978272 -0.2402343 0.8978272 -0.2280273 0.8995972 -0.2402343 0.8978272 -0.2280273 0.8978272 -0.2280273 0.8995972 -0.2159423 0.8995972 -0.2280273 0.8995972 -0.2280273 0.8978272 -0.2159423 0.9014282 -0.2280273 0.8995972 -0.2159423 0.8995972 -0.2280273 0.8995972 -0.2159423 0.9014282 -0.2280273 0.9014282 -0.2159423 0.9031983 -0.2280273 0.9014282 -0.2159423 0.9014282 -0.2280273 0.9014282 -0.2159423 0.9031983 -0.2280273 0.9031983 -0.2159423 0.9049683 -0.2280273 0.9031983 -0.2159423 0.9031983 -0.2280273 0.9031983 -0.2159423 0.9049683 -0.2280273 0.9049683 -0.2159423 0.9067993 -0.2280273 0.9049683 -0.2159423 0.9049683 -0.2280273 0.9049683 -0.2159423 0.9067993 -0.2280273 0.9067993 -0.2159423 0.9085693 -0.2280273 0.9067993 -0.2159423 0.9067993 -0.2280273 0.9067993 -0.2159423 0.9085693 -0.2280273 0.9085693 -0.2159423 0.9103394 -0.2280273 0.9085693 -0.2159423 0.9085693 -0.2280273 0.9085693 -0.2159423 0.9103394 -0.2280273 0.9103394 -0.2159423 0.9121094 -0.2280273 0.9103394 -0.2159423 0.9103394 -0.2280273 0.9103394 -0.2159423 0.9121094 -0.2280273 0.9121094 -0.2159423 0.9139404 -0.2280273 0.9121094 -0.2159423 0.9121094 -0.2280273 0.9121094 -0.2159423 0.9139404 -0.2280273 0.9139404 -0.2159423 0.9157105 -0.2280273 0.9139404 -0.2159423 0.9139404 -0.2280273 0.9139404 -0.2159423 0.9157105 -0.2280273 0.9157105 -0.2159423 0.9174805 -0.2280273 0.9157105 -0.2159423 0.9157105 -0.2280273 0.9157105 -0.2159423 0.9174805 -0.2280273 0.9174805 -0.2159423 0.9193115 -0.2280273 0.9174805 -0.2159423 0.9174805 -0.2280273 0.9174805 -0.2159423 0.9193115 -0.2280273 0.9193115 -0.2159423 0.9210816 -0.2280273 0.9193115 -0.2159423 0.9193115 -0.2280273 0.9193115 -0.2159423 0.9210816 -0.2280273 0.9210816 -0.2159423 0.9228516 -0.2280273 0.9210816 -0.2159423 0.9210816 -0.2280273 0.9210816 -0.2159423 0.9228516 -0.2280273 0.9228516 -0.2159423 0.9246216 -0.2280273 0.9228516 -0.2159423 0.9228516 -0.2280273 0.9228516 -0.2159423 0.9246216 -0.2280273 0.9246216 -0.2159423 0.9264526 -0.2280273 0.9246216 -0.2159423 0.9246216 -0.2280273 0.9246216 -0.2159423 0.9264526 -0.2280273 0.9264526 -0.2159423 0.9282227 -0.2280273 0.9264526 -0.2159423 0.9264526 -0.2280273 0.9264526 -0.2159423 0.9282227 -0.2280273 0.9282227 -0.2159423 0.9299927 -0.2280273 0.9282227 -0.2159423 0.9282227 -0.2280273 0.9282227 -0.2159423 0.9299927 -0.2280273 0.9299927 -0.2159423 0.9317627 -0.2280273 0.9299927 -0.2159423 0.9299927 -0.2280273 0.9299927 -0.2159423 0.9317627 -0.2280273 0.9317627 -0.2159423 0.9335938 -0.2280273 0.9317627 -0.2159423 0.9317627 -0.2280273 0.9317627 -0.2159423 0.9335938 -0.2280273 0.9335938 -0.2280273 0.9335938 -0.2159423 0.9335938 -0.2280273 0.9317627 -0.2159423 0.9317627 -0.2280273 0.9317627 -0.2159423 0.9335938 -0.2280273 0.9317627 -0.2159423 0.9317627 -0.2280273 0.9299927 -0.2159423 0.9299927 -0.2280273 0.9299927 -0.2159423 0.9317627 -0.2280273 0.9299927 -0.2159423 0.9299927 -0.2280273 0.9282227 -0.2159423 0.9282227 -0.2280273 0.9282227 -0.2159423 0.9299927 -0.2280273 0.9282227 -0.2159423 0.9282227 -0.2280273 0.9264526 -0.2159423 0.9264526 -0.2280273 0.9264526 -0.2159423 0.9282227 -0.2280273 0.9264526 -0.2159423 0.9264526 -0.2280273 0.9246216 -0.2159423 0.9246216 -0.2280273 0.9246216 -0.2159423 0.9264526 -0.2280273 0.9246216 -0.2159423 0.9246216 -0.2280273 0.9228516 -0.2159423 0.9228516 -0.2280273 0.9228516 -0.2159423 0.9246216 -0.2280273 0.9228516 -0.2159423 0.9228516 -0.2280273 0.9210816 -0.2159423 0.9210816 -0.2280273 0.9210816 -0.2159423 0.9228516 -0.2280273 0.9210816 -0.2159423 0.9210816 -0.2280273 0.9193115 -0.2159423 0.9193115 -0.2280273 0.9193115 -0.2159423 0.9210816 -0.2280273 0.9193115 -0.2159423 0.9193115 -0.2280273 0.9174805 -0.2159423 0.9174805 -0.2280273 0.9174805 -0.2159423 0.9193115 -0.2280273 0.9174805 -0.2159423 0.9174805 -0.2280273 0.9157105 -0.2159423 0.9157105 -0.2280273 0.9157105 -0.2159423 0.9174805 -0.2280273 0.9157105 -0.2159423 0.9157105 -0.2280273 0.9139404 -0.2159423 0.9139404 -0.2280273 0.9139404 -0.2159423 0.9157105 -0.2280273 0.9139404 -0.2159423 0.9139404 -0.2280273 0.9121094 -0.2159423 0.9121094 -0.2280273 0.9121094 -0.2159423 0.9139404 -0.2280273 0.9121094 -0.2159423 0.9121094 -0.2280273 0.9103394 -0.2159423 0.9103394 -0.2280273 0.9103394 -0.2159423 0.9121094 -0.2280273 0.9103394 -0.2159423 0.9103394 -0.2280273 0.9085693 -0.2159423 0.9085693 -0.2280273 0.9085693 -0.2159423 0.9103394 -0.2280273 0.9085693 -0.2159423 0.9085693 -0.2280273 0.9067993 -0.2159423 0.9067993 -0.2280273 0.9067993 -0.2159423 0.9085693 -0.2280273 0.9067993 -0.2159423 0.9067993 -0.2280273 0.9049683 -0.2159423 0.9049683 -0.2280273 0.9049683 -0.2159423 0.9067993 -0.2280273 0.9049683 -0.2159423 0.9049683 -0.2280273 0.9031983 -0.2159423 0.9031983 -0.2280273 0.9031983 -0.2159423 0.9049683 -0.2280273 0.9031983 -0.2159423 0.9031983 -0.2280273 0.9014282 -0.2159423 0.9014282 -0.2280273 0.9014282 -0.2159423 0.9031983 -0.2280273 0.9014282 -0.2159423 0.9014282 -0.2280273 0.8995972 -0.2159423 0.8995972 -0.2280273 0.8995972 -0.2159423 0.9014282 -0.2280273 0.8995972 -0.2159423 0.8995972 -0.2280273 0.8978272 -0.2159423 0.8978272 -0.2280273 0.8978272 -0.2159423 0.8995972 -0.2280273 0.8978272 -0.2159423 0.8978272 -0.2159423 0.8995972 -0.2038574 0.8995972 -0.2159423 0.8995972 -0.2159423 0.8978272 -0.2038574 0.9014282 -0.2159423 0.8995972 -0.2038574 0.8995972 -0.2159423 0.8995972 -0.2038574 0.9014282 -0.2159423 0.9014282 -0.2038574 0.9031983 -0.2159423 0.9014282 -0.2038574 0.9014282 -0.2159423 0.9014282 -0.2038574 0.9031983 -0.2159423 0.9031983 -0.2038574 0.9049683 -0.2159423 0.9031983 -0.2038574 0.9031983 -0.2159423 0.9031983 -0.2038574 0.9049683 -0.2159423 0.9049683 -0.2038574 0.9067993 -0.2159423 0.9049683 -0.2038574 0.9049683 -0.2159423 0.9049683 -0.2038574 0.9067993 -0.2159423 0.9067993 -0.2038574 0.9085693 -0.2159423 0.9067993 -0.2038574 0.9067993 -0.2159423 0.9067993 -0.2038574 0.9085693 -0.2159423 0.9085693 -0.2038574 0.9103394 -0.2159423 0.9085693 -0.2038574 0.9085693 -0.2159423 0.9085693 -0.2038574 0.9103394 -0.2159423 0.9103394 -0.2038574 0.9121094 -0.2159423 0.9103394 -0.2038574 0.9103394 -0.2159423 0.9103394 -0.2038574 0.9121094 -0.2159423 0.9121094 -0.2038574 0.9139404 -0.2159423 0.9121094 -0.2038574 0.9121094 -0.2159423 0.9121094 -0.2038574 0.9139404 -0.2159423 0.9139404 -0.2038574 0.9157105 -0.2159423 0.9139404 -0.2038574 0.9139404 -0.2159423 0.9139404 -0.2038574 0.9157105 -0.2159423 0.9157105 -0.2038574 0.9174805 -0.2159423 0.9157105 -0.2038574 0.9157105 -0.2159423 0.9157105 -0.2038574 0.9174805 -0.2159423 0.9174805 -0.2038574 0.9193115 -0.2159423 0.9174805 -0.2038574 0.9174805 -0.2159423 0.9174805 -0.2038574 0.9193115 -0.2159423 0.9193115 -0.2038574 0.9210816 -0.2159423 0.9193115 -0.2038574 0.9193115 -0.2159423 0.9193115 -0.2038574 0.9210816 -0.2159423 0.9210816 -0.2038574 0.9228516 -0.2159423 0.9210816 -0.2038574 0.9210816 -0.2159423 0.9210816 -0.2038574 0.9228516 -0.2159423 0.9228516 -0.2038574 0.9246216 -0.2159423 0.9228516 -0.2038574 0.9228516 -0.2159423 0.9228516 -0.2038574 0.9246216 -0.2159423 0.9246216 -0.2038574 0.9264526 -0.2159423 0.9246216 -0.2038574 0.9246216 -0.2159423 0.9246216 -0.2038574 0.9264526 -0.2159423 0.9264526 -0.2038574 0.9282227 -0.2159423 0.9264526 -0.2038574 0.9264526 -0.2159423 0.9264526 -0.2038574 0.9282227 -0.2159423 0.9282227 -0.2038574 0.9299927 -0.2159423 0.9282227 -0.2038574 0.9282227 -0.2159423 0.9282227 -0.2038574 0.9299927 -0.2159423 0.9299927 -0.2038574 0.9317627 -0.2159423 0.9299927 -0.2038574 0.9299927 -0.2159423 0.9299927 -0.2038574 0.9317627 -0.2159423 0.9317627 -0.2038574 0.9335938 -0.2159423 0.9317627 -0.2038574 0.9317627 -0.2159423 0.9317627 -0.2038574 0.9335938 -0.2159423 0.9335938 -0.2159423 0.9335938 -0.2038574 0.9335938 -0.2159423 0.9317627 -0.2038574 0.9317627 -0.2159423 0.9317627 -0.2038574 0.9335938 -0.2159423 0.9317627 -0.2038574 0.9317627 -0.2159423 0.9299927 -0.2038574 0.9299927 -0.2159423 0.9299927 -0.2038574 0.9317627 -0.2159423 0.9299927 -0.2038574 0.9299927 -0.2159423 0.9282227 -0.2038574 0.9282227 -0.2159423 0.9282227 -0.2038574 0.9299927 -0.2159423 0.9282227 -0.2038574 0.9282227 -0.2159423 0.9264526 -0.2038574 0.9264526 -0.2159423 0.9264526 -0.2038574 0.9282227 -0.2159423 0.9264526 -0.2038574 0.9264526 -0.2159423 0.9246216 -0.2038574 0.9246216 -0.2159423 0.9246216 -0.2038574 0.9264526 -0.2159423 0.9246216 -0.2038574 0.9246216 -0.2159423 0.9228516 -0.2038574 0.9228516 -0.2159423 0.9228516 -0.2038574 0.9246216 -0.2159423 0.9228516 -0.2038574 0.9228516 -0.2159423 0.9210816 -0.2038574 0.9210816 -0.2159423 0.9210816 -0.2038574 0.9228516 -0.2159423 0.9210816 -0.2038574 0.9210816 -0.2159423 0.9193115 -0.2038574 0.9193115 -0.2159423 0.9193115 -0.2038574 0.9210816 -0.2159423 0.9193115 -0.2038574 0.9193115 -0.2159423 0.9174805 -0.2038574 0.9174805 -0.2159423 0.9174805 -0.2038574 0.9193115 -0.2159423 0.9174805 -0.2038574 0.9174805 -0.2159423 0.9157105 -0.2038574 0.9157105 -0.2159423 0.9157105 -0.2038574 0.9174805 -0.2159423 0.9157105 -0.2038574 0.9157105 -0.2159423 0.9139404 -0.2038574 0.9139404 -0.2159423 0.9139404 -0.2038574 0.9157105 -0.2159423 0.9139404 -0.2038574 0.9139404 -0.2159423 0.9121094 -0.2038574 0.9121094 -0.2159423 0.9121094 -0.2038574 0.9139404 -0.2159423 0.9121094 -0.2038574 0.9121094 -0.2159423 0.9103394 -0.2038574 0.9103394 -0.2159423 0.9103394 -0.2038574 0.9121094 -0.2159423 0.9103394 -0.2038574 0.9103394 -0.2159423 0.9085693 -0.2038574 0.9085693 -0.2159423 0.9085693 -0.2038574 0.9103394 -0.2159423 0.9085693 -0.2038574 0.9085693 -0.2159423 0.9067993 -0.2038574 0.9067993 -0.2159423 0.9067993 -0.2038574 0.9085693 -0.2159423 0.9067993 -0.2038574 0.9067993 -0.2159423 0.9049683 -0.2038574 0.9049683 -0.2159423 0.9049683 -0.2038574 0.9067993 -0.2159423 0.9049683 -0.2038574 0.9049683 -0.2159423 0.9031983 -0.2038574 0.9031983 -0.2159423 0.9031983 -0.2038574 0.9049683 -0.2159423 0.9031983 -0.2038574 0.9031983 -0.2159423 0.9014282 -0.2038574 0.9014282 -0.2159423 0.9014282 -0.2038574 0.9031983 -0.2159423 0.9014282 -0.2038574 0.9014282 -0.2159423 0.8995972 -0.2038574 0.8995972 -0.2159423 0.8995972 -0.2038574 0.9014282 -0.2159423 0.8995972 -0.2038574 0.8995972 -0.2159423 0.8978272 -0.2038574 0.8978272 -0.2159423 0.8978272 -0.2038574 0.8995972 -0.2159423 0.8978272 -0.2038574 0.8978272 -0.2038574 0.8995972 0.9545899 0.01904296 0.8520508 0.04833984 0.8520508 0.01904296 0.9545899 0.04833984 0.8520508 0.04833984 0.9545899 0.01904296 0.8520508 0.04833984 0.9545899 0.04833984 0.8520508 0.078125 0.9545899 0.078125 0.8520508 0.078125 0.9545899 0.04833984 0.8520508 0.078125 0.9545899 0.078125 0.8520508 0.1079101 0.9545899 0.1079101 0.8520508 0.1079101 0.9545899 0.078125 0.8520508 0.1079101 0.9545899 0.1079101 0.8520508 0.1376953 0.9545899 0.1376953 0.8520508 0.1376953 0.9545899 0.1079101 0.8520508 0.1376953 0.9545899 0.1376953 0.8520508 0.1669921 0.9545899 0.1669921 0.8520508 0.1669921 0.9545899 0.1376953 0.8520508 0.1669921 0.9545899 0.1669921 0.8520508 0.1967773 0.9545899 0.1967773 0.8520508 0.1967773 0.9545899 0.1669921 0.8520508 0.1967773 0.9545899 0.1967773 0.8520508 0.2265625 0.9545899 0.2265625 0.8520508 0.2265625 0.9545899 0.1967773 0.8520508 0.2265625 0.9545899 0.2265625 0.8520508 0.2563477 0.9545899 0.2563477 0.8520508 0.2563477 0.9545899 0.2265625 0.8520508 0.2563477 0.9545899 0.2563477 0.8520508 0.2856445 0.9545899 0.2856445 0.8520508 0.2856445 0.9545899 0.2563477 0.8520508 0.2856445 0.9545899 0.2856445 0.8520508 0.3154297 0.9545899 0.3154297 0.8520508 0.3154297 0.9545899 0.2856445 0.8520508 0.3154297 0.9545899 0.3154297 0.8520508 0.3452149 0.9545899 0.3452149 0.8520508 0.3452149 0.9545899 0.3154297 0.8520508 0.3452149 0.9545899 0.3452149 0.8520508 0.375 0.9545899 0.375 0.8520508 0.375 0.9545899 0.3452149 0.9545899 0.4042969 0.8520508 0.375 0.9545899 0.375 0.8520508 0.375 0.9545899 0.4042969 0.8520508 0.4042969 0.9545899 0.434082 0.8520508 0.4042969 0.9545899 0.4042969 0.8520508 0.4042969 0.9545899 0.434082 0.8520508 0.434082 0.9545899 0.4638672 0.8520508 0.434082 0.9545899 0.434082 0.8520508 0.434082 0.9545899 0.4638672 0.8520508 0.4638672 0.9545899 0.4936524 0.8520508 0.4638672 0.9545899 0.4638672 0.8520508 0.4638672 0.9545899 0.4936524 0.8520508 0.4936524 0.9545899 0.5231934 0.8520508 0.4936524 0.9545899 0.4936524 0.8520508 0.4936524 0.9545899 0.5231934 0.8520508 0.5231934 0.9545899 0.5527344 0.8520508 0.5231934 0.9545899 0.5231934 0.8520508 0.5231934 0.9545899 0.5527344 0.8520508 0.5527344 0.9545899 0.5825195 0.8520508 0.5527344 0.9545899 0.5527344 0.8520508 0.5527344 0.9545899 0.5825195 0.8520508 0.5825195 0.9545899 0.6123047 0.8520508 0.5825195 0.9545899 0.5825195 0.8520508 0.5825195 0.9545899 0.6123047 0.8520508 0.6123047 0.9545899 0.6418457 0.8520508 0.6123047 0.9545899 0.6123047 0.8520508 0.6123047 0.9545899 0.6418457 0.8520508 0.6418457 0.9545899 0.6716309 0.8520508 0.6418457 0.9545899 0.6418457 0.8520508 0.6418457 0.9545899 0.6716309 0.8520508 0.6716309 0.9545899 0.7011719 0.8520508 0.6716309 0.9545899 0.6716309 0.8520508 0.6716309 0.9545899 0.7011719 0.8520508 0.7011719 0.9545899 0.730957 0.8520508 0.7011719 0.9545899 0.7011719 0.8520508 0.7011719 0.9545899 0.730957 0.8520508 0.730957 0.8520508 0.04833984 0.8100586 0.01904296 0.8520508 0.01904296 0.8100586 0.01904296 0.8520508 0.04833984 0.8100586 0.04833984 0.8520508 0.078125 0.8100586 0.04833984 0.8520508 0.04833984 0.8100586 0.04833984 0.8520508 0.078125 0.8100586 0.078125 0.8520508 0.1079101 0.8100586 0.078125 0.8520508 0.078125 0.8100586 0.078125 0.8520508 0.1079101 0.8100586 0.1079101 0.8520508 0.1376953 0.8100586 0.1079101 0.8520508 0.1079101 0.8100586 0.1079101 0.8520508 0.1376953 0.8100586 0.1376953 0.8520508 0.1669921 0.8100586 0.1376953 0.8520508 0.1376953 0.8100586 0.1376953 0.8520508 0.1669921 0.8100586 0.1669921 0.8520508 0.1967773 0.8100586 0.1669921 0.8520508 0.1669921 0.8100586 0.1669921 0.8520508 0.1967773 0.8100586 0.1967773 0.8520508 0.2265625 0.8100586 0.1967773 0.8520508 0.1967773 0.8100586 0.1967773 0.8520508 0.2265625 0.8100586 0.2265625 0.8520508 0.2563477 0.8100586 0.2265625 0.8520508 0.2265625 0.8100586 0.2265625 0.8520508 0.2563477 0.8100586 0.2563477 0.8520508 0.2856445 0.8100586 0.2563477 0.8520508 0.2563477 0.8100586 0.2563477 0.8520508 0.2856445 0.8100586 0.2856445 0.8520508 0.3154297 0.8100586 0.2856445 0.8520508 0.2856445 0.8100586 0.2856445 0.8520508 0.3154297 0.8100586 0.3154297 0.8520508 0.3452149 0.8100586 0.3154297 0.8520508 0.3154297 0.8100586 0.3154297 0.8520508 0.3452149 0.8100586 0.3452149 0.8520508 0.375 0.8100586 0.3452149 0.8520508 0.3452149 0.8100586 0.3452149 0.8520508 0.375 0.8100586 0.375 0.8100586 0.375 0.8520508 0.375 0.8100586 0.4042969 0.8520508 0.4042969 0.8100586 0.4042969 0.8520508 0.375 0.8100586 0.4042969 0.8520508 0.4042969 0.8100586 0.434082 0.8520508 0.434082 0.8100586 0.434082 0.8520508 0.4042969 0.8100586 0.434082 0.8520508 0.434082 0.8100586 0.4638672 0.8520508 0.4638672 0.8100586 0.4638672 0.8520508 0.434082 0.8100586 0.4638672 0.8520508 0.4638672 0.8100586 0.4936524 0.8520508 0.4936524 0.8100586 0.4936524 0.8520508 0.4638672 0.8100586 0.4936524 0.8520508 0.4936524 0.8100586 0.5231934 0.8520508 0.5231934 0.8100586 0.5231934 0.8520508 0.4936524 0.8100586 0.5231934 0.8520508 0.5231934 0.8100586 0.5527344 0.8520508 0.5527344 0.8100586 0.5527344 0.8520508 0.5231934 0.8100586 0.5527344 0.8520508 0.5527344 0.8100586 0.5825195 0.8520508 0.5825195 0.8100586 0.5825195 0.8520508 0.5527344 0.8100586 0.5825195 0.8520508 0.5825195 0.8100586 0.6123047 0.8520508 0.6123047 0.8100586 0.6123047 0.8520508 0.5825195 0.8100586 0.6123047 0.8520508 0.6123047 0.8100586 0.6418457 0.8520508 0.6418457 0.8100586 0.6418457 0.8520508 0.6123047 0.8100586 0.6418457 0.8520508 0.6418457 0.8100586 0.6716309 0.8520508 0.6716309 0.8100586 0.6716309 0.8520508 0.6418457 0.8100586 0.6716309 0.8520508 0.6716309 0.8100586 0.7011719 0.8520508 0.7011719 0.8100586 0.7011719 0.8520508 0.6716309 0.8100586 0.7011719 0.8520508 0.7011719 0.8100586 0.730957 0.8520508 0.730957 0.8100586 0.730957 0.8520508 0.7011719 0.9921875 0.04833984 0.9545899 0.01904296 0.9921875 0.01904296 0.9545899 0.01904296 0.9921875 0.04833984 0.9545899 0.04833984 0.9921875 0.078125 0.9545899 0.04833984 0.9921875 0.04833984 0.9545899 0.04833984 0.9921875 0.078125 0.9545899 0.078125 0.9921875 0.1079101 0.9545899 0.078125 0.9921875 0.078125 0.9545899 0.078125 0.9921875 0.1079101 0.9545899 0.1079101 0.9921875 0.1376953 0.9545899 0.1079101 0.9921875 0.1079101 0.9545899 0.1079101 0.9921875 0.1376953 0.9545899 0.1376953 0.9921875 0.1669921 0.9545899 0.1376953 0.9921875 0.1376953 0.9545899 0.1376953 0.9921875 0.1669921 0.9545899 0.1669921 0.9921875 0.1967773 0.9545899 0.1669921 0.9921875 0.1669921 0.9545899 0.1669921 0.9921875 0.1967773 0.9545899 0.1967773 0.9921875 0.2265625 0.9545899 0.1967773 0.9921875 0.1967773 0.9545899 0.1967773 0.9921875 0.2265625 0.9545899 0.2265625 0.9921875 0.2563477 0.9545899 0.2265625 0.9921875 0.2265625 0.9545899 0.2265625 0.9921875 0.2563477 0.9545899 0.2563477 0.9921875 0.2856445 0.9545899 0.2563477 0.9921875 0.2563477 0.9545899 0.2563477 0.9921875 0.2856445 0.9545899 0.2856445 0.9921875 0.3154297 0.9545899 0.2856445 0.9921875 0.2856445 0.9545899 0.2856445 0.9921875 0.3154297 0.9545899 0.3154297 0.9921875 0.3452149 0.9545899 0.3154297 0.9921875 0.3154297 0.9545899 0.3154297 0.9921875 0.3452149 0.9545899 0.3452149 0.9921875 0.375 0.9545899 0.3452149 0.9921875 0.3452149 0.9545899 0.3452149 0.9921875 0.375 0.9545899 0.375 0.9545899 0.375 0.9921875 0.375 0.9545899 0.4042969 0.9921875 0.4042969 0.9545899 0.4042969 0.9921875 0.375 0.9545899 0.4042969 0.9921875 0.4042969 0.9545899 0.434082 0.9921875 0.434082 0.9545899 0.434082 0.9921875 0.4042969 0.9545899 0.434082 0.9921875 0.434082 0.9545899 0.4638672 0.9921875 0.4638672 0.9545899 0.4638672 0.9921875 0.434082 0.9545899 0.4638672 0.9921875 0.4638672 0.9545899 0.4936524 0.9921875 0.4936524 0.9545899 0.4936524 0.9921875 0.4638672 0.9545899 0.4936524 0.9921875 0.4936524 0.9545899 0.5231934 0.9921875 0.5231934 0.9545899 0.5231934 0.9921875 0.4936524 0.9545899 0.5231934 0.9921875 0.5231934 0.9545899 0.5527344 0.9921875 0.5527344 0.9545899 0.5527344 0.9921875 0.5231934 0.9545899 0.5527344 0.9921875 0.5527344 0.9545899 0.5825195 0.9921875 0.5825195 0.9545899 0.5825195 0.9921875 0.5527344 0.9545899 0.5825195 0.9921875 0.5825195 0.9545899 0.6123047 0.9921875 0.6123047 0.9545899 0.6123047 0.9921875 0.5825195 0.9545899 0.6123047 0.9921875 0.6123047 0.9545899 0.6418457 0.9921875 0.6418457 0.9545899 0.6418457 0.9921875 0.6123047 0.9545899 0.6418457 0.9921875 0.6418457 0.9545899 0.6716309 0.9921875 0.6716309 0.9545899 0.6716309 0.9921875 0.6418457 0.9545899 0.6716309 0.9921875 0.6716309 0.9545899 0.7011719 0.9921875 0.7011719 0.9545899 0.7011719 0.9921875 0.6716309 0.9545899 0.7011719 0.9921875 0.7011719 0.9545899 0.730957 0.9921875 0.730957 0.9545899 0.730957 0.9921875 0.7011719 0.597168 0.04052734 0.4902344 0.01708984 0.597168 0.01708984 0.4902344 0.01708984 0.597168 0.04052734 0.4902344 0.04052734 0.597168 0.06298828 0.4902344 0.04052734 0.597168 0.04052734 0.4902344 0.04052734 0.597168 0.06298828 0.4902344 0.06298828 0.597168 0.0883789 0.4902344 0.06298828 0.597168 0.06298828 0.4902344 0.06298828 0.597168 0.0883789 0.4902344 0.0883789 0.4902344 0.0883789 0.597168 0.0883789 0.4902344 0.1142578 0.597168 0.1142578 0.4902344 0.1142578 0.597168 0.0883789 0.4902344 0.1142578 0.597168 0.1142578 0.4902344 0.1362304 0.597168 0.1362304 0.4902344 0.1362304 0.597168 0.1142578 0.4902344 0.1362304 0.597168 0.1362304 0.4902344 0.1601562 0.597168 0.1601562 0.4902344 0.1601562 0.597168 0.1362304 0.4902344 0.1601562 0.597168 0.1601562 0.4902344 0.1835937 0.597168 0.1835937 0.4902344 0.1835937 0.597168 0.1601562 0.4902344 0.1835937 0.597168 0.1835937 0.4902344 0.2060546 0.597168 0.2060546 0.4902344 0.2060546 0.597168 0.1835937 0.4902344 0.2060546 0.597168 0.2060546 0.4902344 0.2314453 0.597168 0.2314453 0.4902344 0.2314453 0.597168 0.2060546 0.597168 0.2568359 0.4902344 0.2314453 0.597168 0.2314453 0.4902344 0.2314453 0.597168 0.2568359 0.4902344 0.2568359 0.597168 0.2792969 0.4902344 0.2568359 0.597168 0.2568359 0.4902344 0.2568359 0.597168 0.2792969 0.4902344 0.2792969 0.597168 0.3032227 0.4902344 0.2792969 0.597168 0.2792969 0.4902344 0.2792969 0.597168 0.3032227 0.4902344 0.3032227 0.5253906 0.7783203 0.5253906 0.8027344 0.5180664 0.7905274 0.5478516 0.7668457 0.5253906 0.8027344 0.5253906 0.7783203 0.5253906 0.8027344 0.5478516 0.7668457 0.5478516 0.8140869 0.5830078 0.7570801 0.5478516 0.8140869 0.5478516 0.7668457 0.5478516 0.8140869 0.5830078 0.7570801 0.5830078 0.8238525 0.6289063 0.7495117 0.5830078 0.8238525 0.5830078 0.7570801 0.5830078 0.8238525 0.6289063 0.7495117 0.6289063 0.8314209 0.6821289 0.7448731 0.6289063 0.8314209 0.6289063 0.7495117 0.6289063 0.8314209 0.6821289 0.7448731 0.6821289 0.8360596 0.7392578 0.7431641 0.6821289 0.8360596 0.6821289 0.7448731 0.6821289 0.8360596 0.7392578 0.7431641 0.7392578 0.8377686 0.7392578 0.8377686 0.7392578 0.7431641 0.796875 0.8360596 0.796875 0.7448731 0.796875 0.8360596 0.7392578 0.7431641 0.796875 0.8360596 0.796875 0.7448731 0.8500977 0.8314209 0.8500977 0.7495117 0.8500977 0.8314209 0.796875 0.7448731 0.8500977 0.8314209 0.8500977 0.7495117 0.8959961 0.8238525 0.8959961 0.7570801 0.8959961 0.8238525 0.8500977 0.7495117 0.8959961 0.8238525 0.8959961 0.7570801 0.9311524 0.8140869 0.9311524 0.7668457 0.9311524 0.8140869 0.8959961 0.7570801 0.9311524 0.8140869 0.9311524 0.7668457 0.953125 0.8027344 0.953125 0.7783203 0.953125 0.8027344 0.9311524 0.7668457 0.953125 0.8027344 0.953125 0.7783203 0.9609375 0.7905274 0.5371094 0.7358399 0.6220703 0.7358399 0.5795899 0.7414551 0.5058594 0.720459 0.6220703 0.7358399 0.5371094 0.7358399 0.6220703 0.7358399 0.5058594 0.720459 0.6533203 0.720459 0.4943848 0.6994629 0.6533203 0.720459 0.5058594 0.720459 0.6533203 0.720459 0.4943848 0.6994629 0.6650391 0.6994629 0.6650391 0.6994629 0.4943848 0.6994629 0.6533203 0.6784668 0.5058594 0.6784668 0.6533203 0.6784668 0.4943848 0.6994629 0.6533203 0.6784668 0.5058594 0.6784668 0.6220703 0.6630859 0.5371094 0.6630859 0.6220703 0.6630859 0.5058594 0.6784668 0.6220703 0.6630859 0.5371094 0.6630859 0.5795899 0.6574707 0.5405274 0.6342774 0.6069336 0.6342774 0.5737305 0.6386719 0.6069336 0.6342774 0.5405274 0.6342774 0.6313477 0.6223145 0.5161133 0.6223145 0.6313477 0.6223145 0.5405274 0.6342774 0.6313477 0.6223145 0.5161133 0.6223145 0.6401367 0.605957 0.5073242 0.605957 0.6401367 0.605957 0.5161133 0.6223145 0.5161133 0.5895996 0.6401367 0.605957 0.5073242 0.605957 0.6401367 0.605957 0.5161133 0.5895996 0.6313477 0.5895996 0.5405274 0.5776367 0.6313477 0.5895996 0.5161133 0.5895996 0.6313477 0.5895996 0.5405274 0.5776367 0.6069336 0.5776367 0.5737305 0.5732422 0.6069336 0.5776367 0.5405274 0.5776367 0.6665039 0.6730957 0.7817383 0.6557617 0.7817383 0.6730957 0.6665039 0.6557617 0.7817383 0.6557617 0.6665039 0.6730957 0.7817383 0.6557617 0.6665039 0.6557617 0.7817383 0.6381836 0.6665039 0.6401367 0.7817383 0.6381836 0.6665039 0.6557617 0.6665039 0.6281738 0.7817383 0.6381836 0.6665039 0.6401367 0.7817383 0.6381836 0.6665039 0.6281738 0.7817383 0.6262207 0.6665039 0.6120606 0.7817383 0.6262207 0.6665039 0.6281738 0.7817383 0.6262207 0.6665039 0.6120606 0.7817383 0.6120606 0.6665039 0.5944824 0.7817383 0.6120606 0.6665039 0.6120606 0.7817383 0.6120606 0.6665039 0.5944824 0.7817383 0.5944824 0.6665039 0.5771484 0.7817383 0.5944824 0.6665039 0.5944824 0.7817383 0.5944824 0.6665039 0.5771484 0.7817383 0.5771484 0.6665039 0.5598145 0.7817383 0.5771484 0.6665039 0.5771484 0.7817383 0.5771484 0.6665039 0.5598145 0.7817383 0.5598145 0.6665039 0.5424805 0.7817383 0.5598145 0.6665039 0.5598145 0.7817383 0.5598145 0.6665039 0.5424805 0.7817383 0.5424805 0.6665039 0.529541 0.7817383 0.5424805 0.6665039 0.5424805 0.7817383 0.5424805 0.6665039 0.529541 0.7817383 0.529541 0.7817383 0.529541 0.6665039 0.529541 0.7817383 0.5168457 0.6665039 0.5168457 0.7817383 0.5168457 0.6665039 0.529541 0.7817383 0.5168457 0.6665039 0.5168457 0.7817383 0.4995117 0.6665039 0.4995117 0.7817383 0.4995117 0.6665039 0.5168457 0.7817383 0.4995117 0.6665039 0.4995117 0.7817383 0.4824219 0.6665039 0.4824219 0.7817383 0.4824219 0.6665039 0.4995117 0.7817383 0.4824219 0.6665039 0.4824219 0.7817383 0.4648438 0.6665039 0.4648438 0.7817383 0.4648438 0.6665039 0.4824219 0.7553711 0.05419921 0.6489258 0.0180664 0.7553711 0.0180664 0.6489258 0.0180664 0.7553711 0.05419921 0.6489258 0.05419921 0.7553711 0.08984375 0.6489258 0.05419921 0.7553711 0.05419921 0.6489258 0.05419921 0.7553711 0.08984375 0.6489258 0.08984375 0.6489258 0.08984375 0.7553711 0.08984375 0.6489258 0.1259765 0.7553711 0.1259765 0.6489258 0.1259765 0.7553711 0.08984375 0.6489258 0.1259765 0.7553711 0.1259765 0.6489258 0.161621 0.7553711 0.161621 0.6489258 0.161621 0.7553711 0.1259765 0.6489258 0.161621 0.7553711 0.161621 0.6489258 0.1977539 0.7553711 0.1977539 0.6489258 0.1977539 0.7553711 0.161621 0.6489258 0.1977539 0.7553711 0.1977539 0.6489258 0.2333984 0.7553711 0.2333984 0.6489258 0.2333984 0.7553711 0.1977539 0.6489258 0.2333984 0.7553711 0.2333984 0.6489258 0.2695313 0.7553711 0.2695313 0.6489258 0.2695313 0.7553711 0.2333984 0.6489258 0.2695313 0.7553711 0.2695313 0.6489258 0.3051758 0.7553711 0.3051758 0.6489258 0.3051758 0.7553711 0.2695313 0.7553711 0.3413086 0.6489258 0.3051758 0.7553711 0.3051758 0.6489258 0.3051758 0.7553711 0.3413086 0.6489258 0.3413086 0.7553711 0.3769531 0.6489258 0.3413086 0.7553711 0.3413086 0.6489258 0.3413086 0.7553711 0.3769531 0.6489258 0.3769531 0.7553711 0.4130859 0.6489258 0.3769531 0.7553711 0.3769531 0.6489258 0.3769531 0.7553711 0.4130859 0.6489258 0.4130859 0.7553711 0.4492188 0.6489258 0.4130859 0.7553711 0.4130859 0.6489258 0.4130859 0.7553711 0.4492188 0.6489258 0.4492188 0.7856445 0.0180664 0.7553711 0.05419921 0.7553711 0.0180664 0.7856445 0.05419921 0.7553711 0.05419921 0.7856445 0.0180664 0.7553711 0.05419921 0.7856445 0.05419921 0.7553711 0.08984375 0.7856445 0.08984375 0.7553711 0.08984375 0.7856445 0.05419921 0.7856445 0.1259765 0.7553711 0.08984375 0.7856445 0.08984375 0.7553711 0.08984375 0.7856445 0.1259765 0.7553711 0.1259765 0.7856445 0.161621 0.7553711 0.1259765 0.7856445 0.1259765 0.7553711 0.1259765 0.7856445 0.161621 0.7553711 0.161621 0.7856445 0.1977539 0.7553711 0.161621 0.7856445 0.161621 0.7553711 0.161621 0.7856445 0.1977539 0.7553711 0.1977539 0.7856445 0.2333984 0.7553711 0.1977539 0.7856445 0.1977539 0.7553711 0.1977539 0.7856445 0.2333984 0.7553711 0.2333984 0.7856445 0.2695313 0.7553711 0.2333984 0.7856445 0.2333984 0.7553711 0.2333984 0.7856445 0.2695313 0.7553711 0.2695313 0.7856445 0.3051758 0.7553711 0.2695313 0.7856445 0.2695313 0.7553711 0.2695313 0.7856445 0.3051758 0.7553711 0.3051758 0.7553711 0.3051758 0.7856445 0.3051758 0.7553711 0.3413086 0.7856445 0.3413086 0.7553711 0.3413086 0.7856445 0.3051758 0.7553711 0.3413086 0.7856445 0.3413086 0.7553711 0.3769531 0.7856445 0.3769531 0.7553711 0.3769531 0.7856445 0.3413086 0.7553711 0.3769531 0.7856445 0.3769531 0.7553711 0.4130859 0.7856445 0.4130859 0.7553711 0.4130859 0.7856445 0.3769531 0.7553711 0.4130859 0.7856445 0.4130859 0.7553711 0.4492188 0.7856445 0.4492188 0.7553711 0.4492188 0.7856445 0.4130859 0.6489258 0.0180664 0.6186524 0.05419921 0.6186524 0.0180664 0.6489258 0.05419921 0.6186524 0.05419921 0.6489258 0.0180664 0.6186524 0.05419921 0.6489258 0.05419921 0.6186524 0.08984375 0.6489258 0.08984375 0.6186524 0.08984375 0.6489258 0.05419921 0.6489258 0.1259765 0.6186524 0.08984375 0.6489258 0.08984375 0.6186524 0.08984375 0.6489258 0.1259765 0.6186524 0.1259765 0.6489258 0.161621 0.6186524 0.1259765 0.6489258 0.1259765 0.6186524 0.1259765 0.6489258 0.161621 0.6186524 0.161621 0.6489258 0.1977539 0.6186524 0.161621 0.6489258 0.161621 0.6186524 0.161621 0.6489258 0.1977539 0.6186524 0.1977539 0.6489258 0.2333984 0.6186524 0.1977539 0.6489258 0.1977539 0.6186524 0.1977539 0.6489258 0.2333984 0.6186524 0.2333984 0.6489258 0.2695313 0.6186524 0.2333984 0.6489258 0.2333984 0.6186524 0.2333984 0.6489258 0.2695313 0.6186524 0.2695313 0.6489258 0.3051758 0.6186524 0.2695313 0.6489258 0.2695313 0.6186524 0.2695313 0.6489258 0.3051758 0.6186524 0.3051758 0.6186524 0.3051758 0.6489258 0.3051758 0.6186524 0.3413086 0.6489258 0.3413086 0.6186524 0.3413086 0.6489258 0.3051758 0.6186524 0.3413086 0.6489258 0.3413086 0.6186524 0.3769531 0.6489258 0.3769531 0.6186524 0.3769531 0.6489258 0.3413086 0.6186524 0.3769531 0.6489258 0.3769531 0.6186524 0.4130859 0.6489258 0.4130859 0.6186524 0.4130859 0.6489258 0.3769531 0.6186524 0.4130859 0.6489258 0.4130859 0.6186524 0.4492188 0.6489258 0.4492188 0.6186524 0.4492188 0.6489258 0.4130859 0.9770508 0.9360962 0.9770508 0.90094 0.9853516 0.9185181 0.9526367 0.9525147 0.9770508 0.90094 0.9770508 0.9360962 0.9770508 0.90094 0.9526367 0.9525147 0.9526367 0.8845215 0.9135742 0.9666138 0.9526367 0.8845215 0.9526367 0.9525147 0.9526367 0.8845215 0.9135742 0.9666138 0.9135742 0.8704834 0.8623047 0.977417 0.9135742 0.8704834 0.9135742 0.9666138 0.9135742 0.8704834 0.8623047 0.977417 0.8623047 0.8596192 0.8032227 0.9842072 0.8623047 0.8596192 0.8623047 0.977417 0.8623047 0.8596192 0.8032227 0.9842072 0.8032227 0.8527832 0.7392578 0.9865265 0.8032227 0.8527832 0.8032227 0.9842072 0.8032227 0.8527832 0.7392578 0.9865265 0.7392578 0.8504639 0.7392578 0.8504639 0.7392578 0.9865265 0.6757813 0.8527832 0.6757813 0.9842072 0.6757813 0.8527832 0.7392578 0.9865265 0.6757813 0.8527832 0.6757813 0.9842072 0.6166992 0.8596192 0.6166992 0.977417 0.6166992 0.8596192 0.6757813 0.9842072 0.6166992 0.8596192 0.6166992 0.977417 0.5654297 0.8704834 0.5654297 0.9666138 0.5654297 0.8704834 0.6166992 0.977417 0.5654297 0.8704834 0.5654297 0.9666138 0.5263672 0.8845215 0.5263672 0.9525147 0.5263672 0.8845215 0.5654297 0.9666138 0.5263672 0.8845215 0.5263672 0.9525147 0.5019531 0.90094 0.5019531 0.9360962 0.5019531 0.90094 0.5263672 0.9525147 0.5019531 0.90094 0.5019531 0.9360962 0.4934082 0.9185181 0.0113449 0.05224609 0.06240844 0.02197265 0.0113449 0.02197265 0.06240844 0.05224609 0.06240844 0.02197265 0.0113449 0.05224609 0.06240844 0.02197265 0.06240844 0.05224609 0.1452636 0.02197265 0.1452636 0.05224609 0.1452636 0.02197265 0.06240844 0.05224609 0.1452636 0.02197265 0.1452636 0.05224609 0.1785888 0.02197265 0.1785888 0.05224609 0.1785888 0.02197265 0.1452636 0.05224609 0.1785888 0.02197265 0.1785888 0.05224609 0.2116699 0.02197265 0.2116699 0.05224609 0.2116699 0.02197265 0.1785888 0.05224609 0.2116699 0.02197265 0.2116699 0.05224609 0.2460937 0.02197265 0.2460937 0.05224609 0.2460937 0.02197265 0.2116699 0.05224609 0.2460937 0.02197265 0.2460937 0.05224609 0.3391113 0.02197265 0.3391113 0.05224609 0.3391113 0.02197265 0.2460937 0.05224609 0.3391113 0.02197265 0.3391113 0.05224609 0.3686524 0.02148437 0.3686524 0.02148437 0.3391113 0.05224609 0.3686524 0.05175781 0.3391113 0.08203125 0.3686524 0.05175781 0.3391113 0.05224609 0.3686524 0.05175781 0.3391113 0.08203125 0.3686524 0.08203125 0.3391113 0.1123046 0.3686524 0.08203125 0.3391113 0.08203125 0.3686524 0.08203125 0.3391113 0.1123046 0.3686524 0.1123046 0.3391113 0.1425781 0.3686524 0.1123046 0.3391113 0.1123046 0.3686524 0.1123046 0.3391113 0.1425781 0.3686524 0.1425781 0.3391113 0.1728515 0.3686524 0.1425781 0.3391113 0.1425781 0.3686524 0.1425781 0.3391113 0.1728515 0.3686524 0.1728515 0.3391113 0.203125 0.3686524 0.1728515 0.3391113 0.1728515 0.3686524 0.1728515 0.3391113 0.203125 0.3686524 0.203125 0.3391113 0.2333984 0.3686524 0.203125 0.3391113 0.203125 0.3686524 0.203125 0.3391113 0.2333984 0.3686524 0.2333984 0.3391113 0.2636719 0.3686524 0.2333984 0.3391113 0.2333984 0.3686524 0.2333984 0.3391113 0.2636719 0.3686524 0.2636719 0.3391113 0.3022461 0.3686524 0.2636719 0.3391113 0.2636719 0.3686524 0.2636719 0.3391113 0.3022461 0.3686524 0.3022461 0.3391113 0.3325195 0.3686524 0.3022461 0.3391113 0.3022461 0.3686524 0.3022461 0.3391113 0.3325195 0.3686524 0.3325195 0.3391113 0.362793 0.3686524 0.3325195 0.3391113 0.3325195 0.3686524 0.3325195 0.3391113 0.362793 0.3686524 0.362793 0.3391113 0.3930664 0.3686524 0.362793 0.3391113 0.362793 0.3686524 0.362793 0.3391113 0.3930664 0.3686524 0.3930664 0.3391113 0.4233399 0.3686524 0.3930664 0.3391113 0.3930664 0.3686524 0.3930664 0.3391113 0.4233399 0.3686524 0.4233399 0.3391113 0.4448242 0.3686524 0.4233399 0.3391113 0.4233399 0.3686524 0.4233399 0.3391113 0.4448242 0.3686524 0.4448242 0.3391113 0.4750977 0.3686524 0.4448242 0.3391113 0.4448242 0.3686524 0.4448242 0.3391113 0.4750977 0.3686524 0.4750977 0.3391113 0.5053711 0.3686524 0.4750977 0.3391113 0.4750977 0.3686524 0.4750977 0.3391113 0.5053711 0.3686524 0.5053711 0.3391113 0.5358887 0.3686524 0.5053711 0.3391113 0.5053711 0.3686524 0.5053711 0.3391113 0.5358887 0.3686524 0.5356445 0.3391113 0.5661621 0.3686524 0.5356445 0.3391113 0.5358887 0.3686524 0.5356445 0.3391113 0.5661621 0.3686524 0.565918 0.3391113 0.5964356 0.3686524 0.565918 0.3391113 0.5661621 0.3686524 0.565918 0.3391113 0.5964356 0.3686524 0.5961914 0.3391113 0.6264649 0.3686524 0.5961914 0.3391113 0.5964356 0.3686524 0.5961914 0.3391113 0.6264649 0.3686524 0.6264649 0.3391113 0.6567383 0.3686524 0.6264649 0.3391113 0.6264649 0.3686524 0.6264649 0.3391113 0.6567383 0.3686524 0.6567383 0.3391113 0.6870117 0.3686524 0.6567383 0.3391113 0.6567383 0.3686524 0.6567383 0.3391113 0.6870117 0.3686524 0.6870117 0.3391113 0.7172852 0.3686524 0.6870117 0.3391113 0.6870117 0.3686524 0.6870117 0.3391113 0.7172852 0.3686524 0.7172852 0.3391113 0.7473145 0.3686524 0.7172852 0.3391113 0.7172852 0.3686524 0.7172852 0.3391113 0.7473145 0.3686524 0.7475586 0.3391113 0.7775879 0.3686524 0.7475586 0.3391113 0.7473145 0.3686524 0.7475586 0.3391113 0.7775879 0.3686524 0.77771 0.3391113 0.8078613 0.3686524 0.77771 0.3391113 0.7775879 0.3686524 0.77771 0.3391113 0.8078613 0.3686524 0.8079834 0.3391113 0.8381348 0.3686524 0.8079834 0.3391113 0.8078613 0.3686524 0.8079834 0.3391113 0.8381348 0.3686524 0.8382568 0.3391113 0.8682861 0.3686524 0.8382568 0.3391113 0.8381348 0.3686524 0.8382568 0.3391113 0.8682861 0.3686524 0.8684082 0.3391113 0.8984985 0.3686524 0.8684082 0.3391113 0.8682861 0.3686524 0.8684082 0.3391113 0.8984985 0.3686524 0.8986817 0.3391113 0.9287109 0.3686524 0.8986817 0.3391113 0.8984985 0.3686524 0.8986817 0.3391113 0.9287109 0.3686524 0.9289551 0.3391113 0.9589539 0.3686524 0.9289551 0.3391113 0.9287109 0.3686524 0.9289551 0.3391113 0.9589539 0.3686524 0.959198 0.3391113 0.9888992 0.3686524 0.959198 0.3391113 0.9589539 0.3686524 0.959198 0.3391113 0.9888992 0.3686524 0.9894562 0.3391113 0.9589539 0.2460937 0.9887924 0.3391113 0.9888992 0.2460937 0.9585877 0.2460937 0.9887924 0.3391113 0.9589539 0.2460937 0.9887924 0.2460937 0.9585877 0.2116699 0.9887924 0.2116699 0.9585877 0.2116699 0.9887924 0.2460937 0.9585877 0.2116699 0.9887924 0.2116699 0.9585877 0.1785888 0.9887924 0.1785888 0.9585877 0.1785888 0.9887924 0.2116699 0.9585877 0.1785888 0.9887924 0.1785888 0.9585877 0.1452636 0.9887924 0.1452636 0.9585877 0.1452636 0.9887924 0.1785888 0.9585877 0.1452636 0.9887924 0.1452636 0.9585877 0.06240844 0.9887924 0.06240844 0.9585877 0.06240844 0.9887924 0.1452636 0.9585877 0.06240844 0.9887924 0.06240844 0.9585877 0.0113449 0.9887924 0.0113449 0.9887924 0.06240844 0.9585877 0.0113449 0.9585877 0.06240844 0.9284058 0.0113449 0.9585877 0.06240844 0.9585877 0.0113449 0.9585877 0.06240844 0.9284058 0.0113449 0.9284058 0.06240844 0.8981934 0.0113449 0.9284058 0.06240844 0.9284058 0.0113449 0.9284058 0.06240844 0.8981934 0.0113449 0.8981934 0.06240844 0.868042 0.0113449 0.8981934 0.06240844 0.8981934 0.0113449 0.8981934 0.06240844 0.868042 0.0113449 0.868042 0.06240844 0.8378906 0.0113449 0.868042 0.06240844 0.868042 0.0113449 0.868042 0.06240844 0.8378906 0.0113449 0.8378906 0.06240844 0.8076172 0.0113449 0.8378906 0.06240844 0.8378906 0.0113449 0.8378906 0.06240844 0.8076172 0.0113449 0.8076172 0.06240844 0.7774658 0.0113449 0.8076172 0.06240844 0.8076172 0.0113449 0.8076172 0.06240844 0.7774658 0.0113449 0.7774658 0.06240844 0.7473145 0.0113449 0.7774658 0.06240844 0.7774658 0.0113449 0.7774658 0.06240844 0.7473145 0.0113449 0.7473145 0.06240844 0.717041 0.0113449 0.7473145 0.06240844 0.7473145 0.0113449 0.7473145 0.06240844 0.717041 0.0113449 0.717041 0.06240844 0.6867676 0.0113449 0.717041 0.06240844 0.717041 0.0113449 0.717041 0.06240844 0.6867676 0.0113449 0.6867676 0.06240844 0.6567383 0.0113449 0.6867676 0.06240844 0.6867676 0.0113449 0.6867676 0.06240844 0.6567383 0.0113449 0.6567383 0.06240844 0.6264649 0.0113449 0.6567383 0.06240844 0.6567383 0.0113449 0.6567383 0.06240844 0.6264649 0.0113449 0.6264649 0.06240844 0.5964356 0.0113449 0.6264649 0.06240844 0.6264649 0.0113449 0.6264649 0.06240844 0.5964356 0.0113449 0.5964356 0.06240844 0.5661621 0.0113449 0.5964356 0.06240844 0.5964356 0.0113449 0.5964356 0.06240844 0.5661621 0.0113449 0.5661621 0.06240844 0.5358887 0.0113449 0.5661621 0.06240844 0.5661621 0.0113449 0.5661621 0.06240844 0.5358887 0.0113449 0.5358887 0.06240844 0.5053711 0.0113449 0.5358887 0.06240844 0.5358887 0.0113449 0.5358887 0.06240844 0.5053711 0.0113449 0.5053711 0.06240844 0.4746094 0.0113449 0.5053711 0.06240844 0.5053711 0.0113449 0.5053711 0.06240844 0.4746094 0.0113449 0.4746094 0.06240844 0.4448242 0.0113449 0.4746094 0.06240844 0.4746094 0.0113449 0.4746094 0.06240844 0.4448242 0.0113449 0.4448242 0.06240844 0.4228516 0.0113449 0.4448242 0.06240844 0.4448242 0.0113449 0.4448242 0.06240844 0.4228516 0.0113449 0.4228516 0.06240844 0.3930664 0.0113449 0.4228516 0.06240844 0.4228516 0.0113449 0.4228516 0.06240844 0.3930664 0.0113449 0.3930664 0.06240844 0.362793 0.0113449 0.3930664 0.06240844 0.3930664 0.0113449 0.3930664 0.06240844 0.362793 0.0113449 0.362793 0.06240844 0.3325195 0.0113449 0.362793 0.06240844 0.362793 0.0113449 0.362793 0.06240844 0.3325195 0.0113449 0.3325195 0.06240844 0.3022461 0.0113449 0.3325195 0.06240844 0.3325195 0.0113449 0.3325195 0.06240844 0.3022461 0.0113449 0.3022461 0.06240844 0.2636719 0.0113449 0.3022461 0.06240844 0.3022461 0.0113449 0.3022461 0.06240844 0.2636719 0.0113449 0.2636719 0.06240844 0.2333984 0.0113449 0.2636719 0.06240844 0.2636719 0.0113449 0.2636719 0.06240844 0.2333984 0.0113449 0.2333984 0.06240844 0.203125 0.0113449 0.2333984 0.06240844 0.2333984 0.0113449 0.2333984 0.06240844 0.203125 0.0113449 0.203125 0.06240844 0.1728515 0.0113449 0.203125 0.06240844 0.203125 0.0113449 0.203125 0.06240844 0.1728515 0.0113449 0.1728515 0.06240844 0.1425781 0.0113449 0.1728515 0.06240844 0.1728515 0.0113449 0.1728515 0.06240844 0.1425781 0.0113449 0.1425781 0.06240844 0.1123046 0.0113449 0.1425781 0.06240844 0.1425781 0.0113449 0.1425781 0.06240844 0.1123046 0.0113449 0.1123046 0.06240844 0.08251953 0.0113449 0.1123046 0.06240844 0.1123046 0.0113449 0.1123046 0.06240844 0.08251953 0.0113449 0.08251953 0.06240844 0.05224609 0.0113449 0.08251953 0.06240844 0.08251953 0.0113449 0.08251953 0.06240844 0.05224609 0.0113449 0.05224609 0.06240844 0.08251953 0.1452636 0.05224609 0.06240844 0.05224609 0.1452636 0.08251953 0.1452636 0.05224609 0.06240844 0.08251953 0.1452636 0.05224609 0.1452636 0.08251953 0.1785888 0.05224609 0.1785888 0.08251953 0.1785888 0.05224609 0.1452636 0.08251953 0.1785888 0.05224609 0.1785888 0.08251953 0.2116699 0.05224609 0.2116699 0.08251953 0.2116699 0.05224609 0.1785888 0.08251953 0.2116699 0.05224609 0.2116699 0.08251953 0.2460937 0.05224609 0.2460937 0.08251953 0.2460937 0.05224609 0.2116699 0.08251953 0.2460937 0.05224609 0.2460937 0.08251953 0.3391113 0.05224609 0.3391113 0.05224609 0.2460937 0.08251953 0.3391113 0.08203125 0.2460937 0.1123046 0.3391113 0.08203125 0.2460937 0.08251953 0.3391113 0.08203125 0.2460937 0.1123046 0.3391113 0.1123046 0.2460937 0.1425781 0.3391113 0.1123046 0.2460937 0.1123046 0.3391113 0.1123046 0.2460937 0.1425781 0.3391113 0.1425781 0.2460937 0.1728515 0.3391113 0.1425781 0.2460937 0.1425781 0.3391113 0.1425781 0.2460937 0.1728515 0.3391113 0.1728515 0.2460937 0.203125 0.3391113 0.1728515 0.2460937 0.1728515 0.3391113 0.1728515 0.2460937 0.203125 0.3391113 0.203125 0.2460937 0.2333984 0.3391113 0.203125 0.2460937 0.203125 0.3391113 0.203125 0.2460937 0.2333984 0.3391113 0.2333984 0.2460937 0.2636719 0.3391113 0.2333984 0.2460937 0.2333984 0.3391113 0.2333984 0.2460937 0.2636719 0.3391113 0.2636719 0.2460937 0.3022461 0.3391113 0.2636719 0.2460937 0.2636719 0.3391113 0.2636719 0.2460937 0.3022461 0.3391113 0.3022461 0.2460937 0.3325195 0.3391113 0.3022461 0.2460937 0.3022461 0.3391113 0.3022461 0.2460937 0.3325195 0.3391113 0.3325195 0.2460937 0.362793 0.3391113 0.3325195 0.2460937 0.3325195 0.3391113 0.3325195 0.2460937 0.362793 0.3391113 0.362793 0.2460937 0.3930664 0.3391113 0.362793 0.2460937 0.362793 0.3391113 0.362793 0.2460937 0.3930664 0.3391113 0.3930664 0.2460937 0.4228516 0.3391113 0.3930664 0.2460937 0.3930664 0.3391113 0.3930664 0.2460937 0.4228516 0.3391113 0.4233399 0.2460937 0.4448242 0.3391113 0.4233399 0.2460937 0.4228516 0.3391113 0.4233399 0.2460937 0.4448242 0.3391113 0.4448242 0.2460937 0.4746094 0.3391113 0.4448242 0.2460937 0.4448242 0.3391113 0.4448242 0.2460937 0.4746094 0.3391113 0.4750977 0.2460937 0.5053711 0.3391113 0.4750977 0.2460937 0.4746094 0.3391113 0.4750977 0.2460937 0.5053711 0.3391113 0.5053711 0.2460937 0.5358887 0.3391113 0.5053711 0.2460937 0.5053711 0.3391113 0.5053711 0.2460937 0.5358887 0.3391113 0.5358887 0.2460937 0.5661621 0.3391113 0.5358887 0.2460937 0.5358887 0.3391113 0.5358887 0.2460937 0.5661621 0.3391113 0.5661621 0.2460937 0.5964356 0.3391113 0.5661621 0.2460937 0.5661621 0.3391113 0.5661621 0.2460937 0.5964356 0.3391113 0.5964356 0.2460937 0.6264649 0.3391113 0.5964356 0.2460937 0.5964356 0.3391113 0.5964356 0.2460937 0.6264649 0.3391113 0.6264649 0.2460937 0.6567383 0.3391113 0.6264649 0.2460937 0.6264649 0.3391113 0.6264649 0.2460937 0.6567383 0.3391113 0.6567383 0.2460937 0.6867676 0.3391113 0.6567383 0.2460937 0.6567383 0.3391113 0.6567383 0.2460937 0.6867676 0.3391113 0.6870117 0.2460937 0.717041 0.3391113 0.6870117 0.2460937 0.6867676 0.3391113 0.6870117 0.2460937 0.717041 0.3391113 0.7172852 0.2460937 0.7473145 0.3391113 0.7172852 0.2460937 0.717041 0.3391113 0.7172852 0.2460937 0.7473145 0.3391113 0.7473145 0.2460937 0.7774658 0.3391113 0.7473145 0.2460937 0.7473145 0.3391113 0.7473145 0.2460937 0.7774658 0.3391113 0.7775879 0.2460937 0.8076172 0.3391113 0.7775879 0.2460937 0.7774658 0.3391113 0.7775879 0.2460937 0.8076172 0.3391113 0.8078613 0.2460937 0.8378906 0.3391113 0.8078613 0.2460937 0.8076172 0.3391113 0.8078613 0.2460937 0.8378906 0.3391113 0.8381348 0.2460937 0.868042 0.3391113 0.8381348 0.2460937 0.8378906 0.3391113 0.8381348 0.2460937 0.868042 0.3391113 0.8682861 0.2460937 0.8981934 0.3391113 0.8682861 0.2460937 0.868042 0.3391113 0.8682861 0.2460937 0.8981934 0.3391113 0.8984985 0.2460937 0.9284058 0.3391113 0.8984985 0.2460937 0.8981934 0.3391113 0.8984985 0.2460937 0.9284058 0.3391113 0.9287109 0.2460937 0.9585877 0.3391113 0.9287109 0.2460937 0.9284058 0.3391113 0.9287109 0.2460937 0.9585877 0.3391113 0.9589539 0.2460937 0.9284058 0.2116699 0.9585877 0.2460937 0.9585877 0.2116699 0.9284058 0.2116699 0.9585877 0.2460937 0.9284058 0.2116699 0.9585877 0.2116699 0.9284058 0.1785888 0.9585877 0.1785888 0.9284058 0.1785888 0.9585877 0.2116699 0.9284058 0.1785888 0.9585877 0.1785888 0.9284058 0.1452636 0.9585877 0.1452636 0.9284058 0.1452636 0.9585877 0.1785888 0.9284058 0.1452636 0.9585877 0.1452636 0.9284058 0.06240844 0.9585877 0.06240844 0.9585877 0.1452636 0.9284058 0.06240844 0.9284058 0.1452636 0.8981934 0.06240844 0.9284058 0.1452636 0.9284058 0.06240844 0.9284058 0.1452636 0.8981934 0.06240844 0.8981934 0.1452636 0.868042 0.06240844 0.8981934 0.1452636 0.8981934 0.06240844 0.8981934 0.1452636 0.868042 0.06240844 0.868042 0.1452636 0.8378906 0.06240844 0.868042 0.1452636 0.868042 0.06240844 0.868042 0.1452636 0.8378906 0.06240844 0.8378906 0.1452636 0.8076172 0.06240844 0.8378906 0.1452636 0.8378906 0.06240844 0.8378906 0.1452636 0.8076172 0.06240844 0.8076172 0.1452636 0.7774658 0.06240844 0.8076172 0.1452636 0.8076172 0.06240844 0.8076172 0.1452636 0.7774658 0.06240844 0.7774658 0.1452636 0.7473145 0.06240844 0.7774658 0.1452636 0.7774658 0.06240844 0.7774658 0.1452636 0.7473145 0.06240844 0.7473145 0.1452636 0.717041 0.06240844 0.7473145 0.1452636 0.7473145 0.06240844 0.7473145 0.1452636 0.717041 0.06240844 0.717041 0.1452636 0.6867676 0.06240844 0.717041 0.1452636 0.717041 0.06240844 0.717041 0.1452636 0.6867676 0.06240844 0.6867676 0.1452636 0.6567383 0.06240844 0.6867676 0.1452636 0.6867676 0.06240844 0.6867676 0.1452636 0.6567383 0.06240844 0.6567383 0.1452636 0.6264649 0.06240844 0.6567383 0.1452636 0.6567383 0.06240844 0.6567383 0.1452636 0.6264649 0.06240844 0.6264649 0.1452636 0.5964356 0.06240844 0.6264649 0.1452636 0.6264649 0.06240844 0.6264649 0.1452636 0.5964356 0.06240844 0.5964356 0.1452636 0.5661621 0.06240844 0.5964356 0.1452636 0.5964356 0.06240844 0.5964356 0.1452636 0.5661621 0.06240844 0.5661621 0.1452636 0.5358887 0.06240844 0.5661621 0.1452636 0.5661621 0.06240844 0.5661621 0.1452636 0.5358887 0.06240844 0.5358887 0.1452636 0.5053711 0.06240844 0.5358887 0.1452636 0.5358887 0.06240844 0.5358887 0.1452636 0.5053711 0.06240844 0.5053711 0.1452636 0.4746094 0.06240844 0.5053711 0.1452636 0.5053711 0.06240844 0.5053711 0.1452636 0.4746094 0.06240844 0.4746094 0.1452636 0.4448242 0.06240844 0.4746094 0.1452636 0.4746094 0.06240844 0.4746094 0.1452636 0.4448242 0.06240844 0.4448242 0.1452636 0.4228516 0.06240844 0.4448242 0.1452636 0.4448242 0.06240844 0.4448242 0.1452636 0.4228516 0.06240844 0.4228516 0.1452636 0.3930664 0.06240844 0.4228516 0.1452636 0.4228516 0.06240844 0.4228516 0.1452636 0.3930664 0.06240844 0.3930664 0.1452636 0.362793 0.06240844 0.3930664 0.1452636 0.3930664 0.06240844 0.3930664 0.1452636 0.362793 0.06240844 0.362793 0.1452636 0.3325195 0.06240844 0.362793 0.1452636 0.362793 0.06240844 0.362793 0.1452636 0.3325195 0.06240844 0.3325195 0.1452636 0.3022461 0.06240844 0.3325195 0.1452636 0.3325195 0.06240844 0.3325195 0.1452636 0.3022461 0.06240844 0.3022461 0.1452636 0.2636719 0.06240844 0.3022461 0.1452636 0.3022461 0.06240844 0.3022461 0.1452636 0.2636719 0.06240844 0.2636719 0.1452636 0.2333984 0.06240844 0.2636719 0.1452636 0.2636719 0.06240844 0.2636719 0.1452636 0.2333984 0.06240844 0.2333984 0.1452636 0.203125 0.06240844 0.2333984 0.1452636 0.2333984 0.06240844 0.2333984 0.1452636 0.203125 0.06240844 0.203125 0.1452636 0.1728515 0.06240844 0.203125 0.1452636 0.203125 0.06240844 0.203125 0.1452636 0.1728515 0.06240844 0.1728515 0.1452636 0.1425781 0.06240844 0.1728515 0.1452636 0.1728515 0.06240844 0.1728515 0.1452636 0.1425781 0.06240844 0.1425781 0.1452636 0.1123046 0.06240844 0.1425781 0.1452636 0.1425781 0.06240844 0.1425781 0.1452636 0.1123046 0.06240844 0.1123046 0.1452636 0.08251953 0.06240844 0.1123046 0.1452636 0.1123046 0.06240844 0.1123046 0.1452636 0.08251953 0.06240844 0.08251953 0.1452636 0.1123046 0.1785888 0.08251953 0.1452636 0.08251953 0.1785888 0.1123046 0.1785888 0.08251953 0.1452636 0.1123046 0.1785888 0.08251953 0.1785888 0.1123046 0.2116699 0.08251953 0.2116699 0.1123046 0.2116699 0.08251953 0.1785888 0.1123046 0.2116699 0.08251953 0.2116699 0.1123046 0.2460937 0.08251953 0.2460937 0.08251953 0.2116699 0.1123046 0.2460937 0.1123046 0.2116699 0.1425781 0.2460937 0.1123046 0.2116699 0.1123046 0.2460937 0.1123046 0.2116699 0.1425781 0.2460937 0.1425781 0.2116699 0.1728515 0.2460937 0.1425781 0.2116699 0.1425781 0.2460937 0.1425781 0.2116699 0.1728515 0.2460937 0.1728515 0.2116699 0.203125 0.2460937 0.1728515 0.2116699 0.1728515 0.2460937 0.1728515 0.2116699 0.203125 0.2460937 0.203125 0.2116699 0.2333984 0.2460937 0.203125 0.2116699 0.203125 0.2460937 0.203125 0.2116699 0.2333984 0.2460937 0.2333984 0.2116699 0.2636719 0.2460937 0.2333984 0.2116699 0.2333984 0.2460937 0.2333984 0.2116699 0.2636719 0.2460937 0.2636719 0.2116699 0.3022461 0.2460937 0.2636719 0.2116699 0.2636719 0.2460937 0.2636719 0.2116699 0.3022461 0.2460937 0.3022461 0.2116699 0.3325195 0.2460937 0.3022461 0.2116699 0.3022461 0.2460937 0.3022461 0.2116699 0.3325195 0.2460937 0.3325195 0.2116699 0.362793 0.2460937 0.3325195 0.2116699 0.3325195 0.2460937 0.3325195 0.2116699 0.362793 0.2460937 0.362793 0.2116699 0.3930664 0.2460937 0.362793 0.2116699 0.362793 0.2460937 0.362793 0.2116699 0.3930664 0.2460937 0.3930664 0.2116699 0.4228516 0.2460937 0.3930664 0.2116699 0.3930664 0.2460937 0.3930664 0.2116699 0.4228516 0.2460937 0.4228516 0.2116699 0.4448242 0.2460937 0.4228516 0.2116699 0.4228516 0.2460937 0.4228516 0.2116699 0.4448242 0.2460937 0.4448242 0.2116699 0.4746094 0.2460937 0.4448242 0.2116699 0.4448242 0.2460937 0.4448242 0.2116699 0.4746094 0.2460937 0.4746094 0.2116699 0.5053711 0.2460937 0.4746094 0.2116699 0.4746094 0.2460937 0.4746094 0.2116699 0.5053711 0.2460937 0.5053711 0.2116699 0.5358887 0.2460937 0.5053711 0.2116699 0.5053711 0.2460937 0.5053711 0.2116699 0.5358887 0.2460937 0.5358887 0.2116699 0.5661621 0.2460937 0.5358887 0.2116699 0.5358887 0.2460937 0.5358887 0.2116699 0.5661621 0.2460937 0.5661621 0.2116699 0.5964356 0.2460937 0.5661621 0.2116699 0.5661621 0.2460937 0.5661621 0.2116699 0.5964356 0.2460937 0.5964356 0.2116699 0.6264649 0.2460937 0.5964356 0.2116699 0.5964356 0.2460937 0.5964356 0.2116699 0.6264649 0.2460937 0.6264649 0.2116699 0.6567383 0.2460937 0.6264649 0.2116699 0.6264649 0.2460937 0.6264649 0.2116699 0.6567383 0.2460937 0.6567383 0.2116699 0.6867676 0.2460937 0.6567383 0.2116699 0.6567383 0.2460937 0.6567383 0.2116699 0.6867676 0.2460937 0.6867676 0.2116699 0.717041 0.2460937 0.6867676 0.2116699 0.6867676 0.2460937 0.6867676 0.2116699 0.717041 0.2460937 0.717041 0.2116699 0.7473145 0.2460937 0.717041 0.2116699 0.717041 0.2460937 0.717041 0.2116699 0.7473145 0.2460937 0.7473145 0.2116699 0.7774658 0.2460937 0.7473145 0.2116699 0.7473145 0.2460937 0.7473145 0.2116699 0.7774658 0.2460937 0.7774658 0.2116699 0.8076172 0.2460937 0.7774658 0.2116699 0.7774658 0.2460937 0.7774658 0.2116699 0.8076172 0.2460937 0.8076172 0.2116699 0.8378906 0.2460937 0.8076172 0.2116699 0.8076172 0.2460937 0.8076172 0.2116699 0.8378906 0.2460937 0.8378906 0.2116699 0.868042 0.2460937 0.8378906 0.2116699 0.8378906 0.2460937 0.8378906 0.2116699 0.868042 0.2460937 0.868042 0.2116699 0.8981934 0.2460937 0.868042 0.2116699 0.868042 0.2460937 0.868042 0.2116699 0.8981934 0.2460937 0.8981934 0.2116699 0.9284058 0.2460937 0.8981934 0.2116699 0.8981934 0.2460937 0.8981934 0.2116699 0.9284058 0.2460937 0.9284058 0.2116699 0.8981934 0.1785888 0.9284058 0.2116699 0.9284058 0.1785888 0.8981934 0.1785888 0.9284058 0.2116699 0.8981934 0.1785888 0.9284058 0.1785888 0.8981934 0.1452636 0.9284058 0.1452636 0.9284058 0.1785888 0.8981934 0.1452636 0.8981934 0.1785888 0.868042 0.1452636 0.8981934 0.1785888 0.8981934 0.1452636 0.8981934 0.1785888 0.868042 0.1452636 0.868042 0.1785888 0.8378906 0.1452636 0.868042 0.1785888 0.868042 0.1452636 0.868042 0.1785888 0.8378906 0.1452636 0.8378906 0.1785888 0.8076172 0.1452636 0.8378906 0.1785888 0.8378906 0.1452636 0.8378906 0.1785888 0.8076172 0.1452636 0.8076172 0.1785888 0.7774658 0.1452636 0.8076172 0.1785888 0.8076172 0.1452636 0.8076172 0.1785888 0.7774658 0.1452636 0.7774658 0.1785888 0.7473145 0.1452636 0.7774658 0.1785888 0.7774658 0.1452636 0.7774658 0.1785888 0.7473145 0.1452636 0.7473145 0.1785888 0.717041 0.1452636 0.7473145 0.1785888 0.7473145 0.1452636 0.7473145 0.1785888 0.717041 0.1452636 0.717041 0.1785888 0.6867676 0.1452636 0.717041 0.1785888 0.717041 0.1452636 0.717041 0.1785888 0.6867676 0.1452636 0.6867676 0.1785888 0.6567383 0.1452636 0.6867676 0.1785888 0.6867676 0.1452636 0.6867676 0.1785888 0.6567383 0.1452636 0.6567383 0.1785888 0.6264649 0.1452636 0.6567383 0.1785888 0.6567383 0.1452636 0.6567383 0.1785888 0.6264649 0.1452636 0.6264649 0.1785888 0.5964356 0.1452636 0.6264649 0.1785888 0.6264649 0.1452636 0.6264649 0.1785888 0.5964356 0.1452636 0.5964356 0.1785888 0.5661621 0.1452636 0.5964356 0.1785888 0.5964356 0.1452636 0.5964356 0.1785888 0.5661621 0.1452636 0.5661621 0.1785888 0.5358887 0.1452636 0.5661621 0.1785888 0.5661621 0.1452636 0.5661621 0.1785888 0.5358887 0.1452636 0.5358887 0.1785888 0.5053711 0.1452636 0.5358887 0.1785888 0.5358887 0.1452636 0.5358887 0.1785888 0.5053711 0.1452636 0.5053711 0.1785888 0.4746094 0.1452636 0.5053711 0.1785888 0.5053711 0.1452636 0.5053711 0.1785888 0.4746094 0.1452636 0.4746094 0.1785888 0.4448242 0.1452636 0.4746094 0.1785888 0.4746094 0.1452636 0.4746094 0.1785888 0.4448242 0.1452636 0.4448242 0.1785888 0.4228516 0.1452636 0.4448242 0.1785888 0.4448242 0.1452636 0.4448242 0.1785888 0.4228516 0.1452636 0.4228516 0.1785888 0.3930664 0.1452636 0.4228516 0.1785888 0.4228516 0.1452636 0.4228516 0.1785888 0.3930664 0.1452636 0.3930664 0.1785888 0.362793 0.1452636 0.3930664 0.1785888 0.3930664 0.1452636 0.3930664 0.1785888 0.362793 0.1452636 0.362793 0.1785888 0.3325195 0.1452636 0.362793 0.1785888 0.362793 0.1452636 0.362793 0.1785888 0.3325195 0.1452636 0.3325195 0.1785888 0.3022461 0.1452636 0.3325195 0.1785888 0.3325195 0.1452636 0.3325195 0.1785888 0.3022461 0.1452636 0.3022461 0.1785888 0.2636719 0.1452636 0.3022461 0.1785888 0.3022461 0.1452636 0.3022461 0.1785888 0.2636719 0.1452636 0.2636719 0.1785888 0.2333984 0.1452636 0.2636719 0.1785888 0.2636719 0.1452636 0.2636719 0.1785888 0.2333984 0.1452636 0.2333984 0.1785888 0.203125 0.1452636 0.2333984 0.1785888 0.2333984 0.1452636 0.2333984 0.1785888 0.203125 0.1452636 0.203125 0.1785888 0.1728515 0.1452636 0.203125 0.1785888 0.203125 0.1452636 0.203125 0.1785888 0.1728515 0.1452636 0.1728515 0.1785888 0.1425781 0.1452636 0.1728515 0.1785888 0.1728515 0.1452636 0.1728515 0.1785888 0.1425781 0.1452636 0.1425781 0.1785888 0.1123046 0.1452636 0.1425781 0.1785888 0.1425781 0.1452636 0.1425781 0.1785888 0.1123046 0.1452636 0.1123046 0.1785888 0.1425781 0.2116699 0.1123046 0.1785888 0.1123046 0.2116699 0.1123046 0.1785888 0.1425781 0.2116699 0.1425781 0.1785888 0.1728515 0.2116699 0.1425781 0.1785888 0.1425781 0.2116699 0.1425781 0.1785888 0.1728515 0.2116699 0.1728515 0.1785888 0.203125 0.2116699 0.1728515 0.1785888 0.1728515 0.2116699 0.1728515 0.1785888 0.203125 0.2116699 0.203125 0.1785888 0.2333984 0.2116699 0.203125 0.1785888 0.203125 0.2116699 0.203125 0.1785888 0.2333984 0.2116699 0.2333984 0.1785888 0.2636719 0.2116699 0.2333984 0.1785888 0.2333984 0.2116699 0.2333984 0.1785888 0.2636719 0.2116699 0.2636719 0.1785888 0.3022461 0.2116699 0.2636719 0.1785888 0.2636719 0.2116699 0.2636719 0.1785888 0.3022461 0.2116699 0.3022461 0.1785888 0.3325195 0.2116699 0.3022461 0.1785888 0.3022461 0.2116699 0.3022461 0.1785888 0.3325195 0.2116699 0.3325195 0.1785888 0.362793 0.2116699 0.3325195 0.1785888 0.3325195 0.2116699 0.3325195 0.1785888 0.362793 0.2116699 0.362793 0.1785888 0.3930664 0.2116699 0.362793 0.1785888 0.362793 0.2116699 0.362793 0.1785888 0.3930664 0.2116699 0.3930664 0.1785888 0.4228516 0.2116699 0.3930664 0.1785888 0.3930664 0.2116699 0.3930664 0.1785888 0.4228516 0.2116699 0.4228516 0.1785888 0.4448242 0.2116699 0.4228516 0.1785888 0.4228516 0.2116699 0.4228516 0.1785888 0.4448242 0.2116699 0.4448242 0.1785888 0.4746094 0.2116699 0.4448242 0.1785888 0.4448242 0.2116699 0.4448242 0.1785888 0.4746094 0.2116699 0.4746094 0.1785888 0.5053711 0.2116699 0.4746094 0.1785888 0.4746094 0.2116699 0.4746094 0.1785888 0.5053711 0.2116699 0.5053711 0.1785888 0.5358887 0.2116699 0.5053711 0.1785888 0.5053711 0.2116699 0.5053711 0.1785888 0.5358887 0.2116699 0.5358887 0.1785888 0.5661621 0.2116699 0.5358887 0.1785888 0.5358887 0.2116699 0.5358887 0.1785888 0.5661621 0.2116699 0.5661621 0.1785888 0.5964356 0.2116699 0.5661621 0.1785888 0.5661621 0.2116699 0.5661621 0.1785888 0.5964356 0.2116699 0.5964356 0.1785888 0.6264649 0.2116699 0.5964356 0.1785888 0.5964356 0.2116699 0.5964356 0.1785888 0.6264649 0.2116699 0.6264649 0.1785888 0.6567383 0.2116699 0.6264649 0.1785888 0.6264649 0.2116699 0.6264649 0.1785888 0.6567383 0.2116699 0.6567383 0.1785888 0.6867676 0.2116699 0.6567383 0.1785888 0.6567383 0.2116699 0.6567383 0.1785888 0.6867676 0.2116699 0.6867676 0.1785888 0.717041 0.2116699 0.6867676 0.1785888 0.6867676 0.2116699 0.6867676 0.1785888 0.717041 0.2116699 0.717041 0.1785888 0.7473145 0.2116699 0.717041 0.1785888 0.717041 0.2116699 0.717041 0.1785888 0.7473145 0.2116699 0.7473145 0.1785888 0.7774658 0.2116699 0.7473145 0.1785888 0.7473145 0.2116699 0.7473145 0.1785888 0.7774658 0.2116699 0.7774658 0.1785888 0.8076172 0.2116699 0.7774658 0.1785888 0.7774658 0.2116699 0.7774658 0.1785888 0.8076172 0.2116699 0.8076172 0.1785888 0.8378906 0.2116699 0.8076172 0.1785888 0.8076172 0.2116699 0.8076172 0.1785888 0.8378906 0.2116699 0.8378906 0.1785888 0.868042 0.2116699 0.8378906 0.1785888 0.8378906 0.2116699 0.8378906 0.1785888 0.868042 0.2116699 0.868042 0.1785888 0.8981934 0.2116699 0.868042 0.1785888 0.868042 0.2116699 0.868042 0.1785888 0.8981934 0.2116699 0.8981934 0.5610352 0.5505371 0.5678711 0.4194336 0.5849609 0.4204102 0.5678711 0.4194336 0.5610352 0.5505371 0.5512695 0.5351563 0.5512695 0.5351563 0.5610352 0.5505371 0.5478516 0.5400391 0.5541992 0.5561524 0.5478516 0.5400391 0.5610352 0.5505371 0.5478516 0.5400391 0.5541992 0.5561524 0.5415039 0.5424805 0.5415039 0.5588379 0.5415039 0.5424805 0.5541992 0.5561524 0.5415039 0.5424805 0.5415039 0.5588379 0.5356445 0.5400391 0.5288086 0.5561524 0.5356445 0.5400391 0.5415039 0.5588379 0.5356445 0.5400391 0.5288086 0.5561524 0.5322266 0.5351563 0.5224609 0.5505371 0.5322266 0.5351563 0.5288086 0.5561524 0.4987793 0.4204102 0.5322266 0.5351563 0.5224609 0.5505371 0.5322266 0.5351563 0.4987793 0.4204102 0.515625 0.4194336 0.5512695 0.5351563 0.515625 0.4194336 0.5678711 0.4194336 0.515625 0.4194336 0.5512695 0.5351563 0.5322266 0.5351563 0.5478516 0.5400391 0.5322266 0.5351563 0.5512695 0.5351563 0.5322266 0.5351563 0.5478516 0.5400391 0.5356445 0.5400391 0.5415039 0.5424805 0.5356445 0.5400391 0.5478516 0.5400391 0.6010742 0.3647461 0.5791016 0.3789063 0.5849609 0.3647461 0.5932617 0.3837891 0.5791016 0.3789063 0.6010742 0.3647461 0.5791016 0.3789063 0.5932617 0.3837891 0.5634766 0.3891602 0.5712891 0.3979492 0.5634766 0.3891602 0.5932617 0.3837891 0.5634766 0.3891602 0.5712891 0.3979492 0.5419922 0.3930664 0.5419922 0.4033203 0.5419922 0.3930664 0.5712891 0.3979492 0.5419922 0.3930664 0.5419922 0.4033203 0.5205078 0.3891602 0.512207 0.3979492 0.5205078 0.3891602 0.5419922 0.4033203 0.5205078 0.3891602 0.512207 0.3979492 0.5043945 0.3789063 0.4909668 0.3837891 0.5043945 0.3789063 0.512207 0.3979492 0.5043945 0.3789063 0.4909668 0.3837891 0.4987793 0.3647461 0.4829102 0.3647461 0.4987793 0.3647461 0.4909668 0.3837891 0.4987793 0.3647461 0.4829102 0.3647461 0.5043945 0.3505859 0.4909668 0.3452149 0.5043945 0.3505859 0.4829102 0.3647461 0.5043945 0.3505859 0.4909668 0.3452149 0.5205078 0.340332 0.512207 0.3310547 0.5205078 0.340332 0.4909668 0.3452149 0.5205078 0.340332 0.512207 0.3310547 0.5419922 0.3364258 0.5419922 0.3256836 0.5419922 0.3364258 0.512207 0.3310547 0.5419922 0.3364258 0.5419922 0.3256836 0.5634766 0.340332 0.5712891 0.3310547 0.5634766 0.340332 0.5419922 0.3256836 0.5634766 0.340332 0.5712891 0.3310547 0.5791016 0.3505859 0.5932617 0.3452149 0.5791016 0.3505859 0.5712891 0.3310547 0.5791016 0.3505859 0.5932617 0.3452149 0.5849609 0.3647461 0.6010742 0.3647461 0.5849609 0.3647461 0.5932617 0.3452149 0.5712891 0.3754883 0.5849609 0.3647461 0.5791016 0.3789063 0.5761719 0.3642578 0.5849609 0.3647461 0.5712891 0.3754883 0.5849609 0.3647461 0.5761719 0.3642578 0.5791016 0.3505859 0.5712891 0.3530274 0.5791016 0.3505859 0.5761719 0.3642578 0.5791016 0.3505859 0.5712891 0.3530274 0.5634766 0.340332 0.559082 0.3447266 0.5634766 0.340332 0.5712891 0.3530274 0.5634766 0.340332 0.559082 0.3447266 0.5419922 0.3364258 0.5419922 0.3417969 0.5419922 0.3364258 0.559082 0.3447266 0.5419922 0.3364258 0.5419922 0.3417969 0.5205078 0.340332 0.5249024 0.3447266 0.5205078 0.340332 0.5419922 0.3417969 0.5205078 0.340332 0.5249024 0.3447266 0.5043945 0.3505859 0.5126953 0.3530274 0.5043945 0.3505859 0.5249024 0.3447266 0.5043945 0.3505859 0.5126953 0.3530274 0.4987793 0.3647461 0.5078125 0.3642578 0.4987793 0.3647461 0.5126953 0.3530274 0.4987793 0.3647461 0.5078125 0.3642578 0.5043945 0.3789063 0.5126953 0.3754883 0.5043945 0.3789063 0.5078125 0.3642578 0.5043945 0.3789063 0.5126953 0.3754883 0.5205078 0.3891602 0.5249024 0.3837891 0.5205078 0.3891602 0.5126953 0.3754883 0.5205078 0.3891602 0.5249024 0.3837891 0.5419922 0.3930664 0.5419922 0.3867188 0.5419922 0.3930664 0.5249024 0.3837891 0.5419922 0.3930664 0.5419922 0.3867188 0.5634766 0.3891602 0.559082 0.3837891 0.5634766 0.3891602 0.5419922 0.3867188 0.5634766 0.3891602 0.559082 0.3837891 0.5791016 0.3789063 0.5791016 0.3789063 0.559082 0.3837891 0.5712891 0.3754883 0.5566406 0.3696289 0.5712891 0.3754883 0.559082 0.3837891 0.5712891 0.3754883 0.5566406 0.3696289 0.5761719 0.3642578 0.559082 0.3642578 0.5761719 0.3642578 0.5566406 0.3696289 0.5761719 0.3642578 0.559082 0.3642578 0.5712891 0.3530274 0.5566406 0.3583984 0.5712891 0.3530274 0.559082 0.3642578 0.5712891 0.3530274 0.5566406 0.3583984 0.559082 0.3447266 0.550293 0.3544922 0.559082 0.3447266 0.5566406 0.3583984 0.5419922 0.3530274 0.559082 0.3447266 0.550293 0.3544922 0.559082 0.3447266 0.5419922 0.3530274 0.5419922 0.3417969 0.5419922 0.3417969 0.5419922 0.3530274 0.5249024 0.3447266 0.5332031 0.3544922 0.5249024 0.3447266 0.5419922 0.3530274 0.5249024 0.3447266 0.5332031 0.3544922 0.5126953 0.3530274 0.5273438 0.3583984 0.5126953 0.3530274 0.5332031 0.3544922 0.5249024 0.3642578 0.5126953 0.3530274 0.5273438 0.3583984 0.5126953 0.3530274 0.5249024 0.3642578 0.5078125 0.3642578 0.5078125 0.3642578 0.5249024 0.3642578 0.5126953 0.3754883 0.5273438 0.3696289 0.5126953 0.3754883 0.5249024 0.3642578 0.5332031 0.3740234 0.5126953 0.3754883 0.5273438 0.3696289 0.5126953 0.3754883 0.5332031 0.3740234 0.5249024 0.3837891 0.5419922 0.3754883 0.5249024 0.3837891 0.5332031 0.3740234 0.5249024 0.3837891 0.5419922 0.3754883 0.5419922 0.3867188 0.5419922 0.3867188 0.5419922 0.3754883 0.559082 0.3837891 0.550293 0.3740234 0.559082 0.3837891 0.5419922 0.3754883 0.559082 0.3837891 0.550293 0.3740234 0.5566406 0.3696289 0.5419922 0.3642578 0.5566406 0.3696289 0.550293 0.3740234 0.5566406 0.3696289 0.5419922 0.3642578 0.559082 0.3642578 0.559082 0.3642578 0.5419922 0.3642578 0.5566406 0.3583984 0.5566406 0.3583984 0.5419922 0.3642578 0.550293 0.3544922 0.550293 0.3544922 0.5419922 0.3642578 0.5419922 0.3530274 0.5419922 0.3530274 0.5419922 0.3642578 0.5332031 0.3544922 0.5332031 0.3544922 0.5419922 0.3642578 0.5273438 0.3583984 0.5273438 0.3583984 0.5419922 0.3642578 0.5249024 0.3642578 0.5249024 0.3642578 0.5419922 0.3642578 0.5273438 0.3696289 0.5273438 0.3696289 0.5419922 0.3642578 0.5332031 0.3740234 0.5332031 0.3740234 0.5419922 0.3642578 0.5419922 0.3754883 0.550293 0.3740234 0.5419922 0.3754883 0.5419922 0.3642578 0.597168 0.01708984 0.597168 0.04052734 0.597168 0.2792969 0.597168 0.1601562 0.597168 0.1835937 0.597168 0.1362304 0.597168 0.2060546 0.597168 0.2314453 0.597168 0.1835937 1.368164 0.5053711 1.368164 0.4750977 1.368164 0.5053711 1.368164 0.4750977 1.368164 0.5053711 1.368164 0.4750977 1.368164 0.4750977 1.368164 0.4448242 1.368164 0.4750977 1.368164 0.4448242 1.368164 0.4750977 1.368164 0.4448242 1.368164 0.4448242 1.368164 0.4145508 1.368164 0.4448242 1.368164 0.4145508 1.368164 0.4448242 1.368164 0.4145508 1.368164 0.4145508 1.368164 0.3842774 1.368164 0.4145508 1.368164 0.3842774 1.368164 0.4145508 1.368164 0.3842774 1.368164 0.3842774 1.368164 0.3544922 1.368164 0.3842774 1.368164 0.3544922 1.368164 0.3842774 1.368164 0.3544922 1.368164 0.3544922 1.368164 0.3242188 1.368164 0.3544922 1.368164 0.3242188 1.368164 0.3544922 1.368164 0.3242188 1.368164 0.3242188 1.368164 0.2939453 1.368164 0.3242188 1.368164 0.2939453 1.368164 0.3242188 1.368164 0.2939453 1.368164 0.2939453 1.368164 0.2636719 1.368164 0.2939453 1.368164 0.2636719 1.368164 0.2939453 1.368164 0.2636719 1.368164 0.2636719 1.368164 0.2333984 1.368164 0.2636719 1.368164 0.2333984 1.368164 0.2636719 1.368164 0.2333984 1.368164 0.2333984 1.368164 0.203125 1.368164 0.2333984 1.368164 0.203125 1.368164 0.2333984 1.368164 0.203125 1.368164 0.203125 1.368164 0.1728515 1.368164 0.203125 1.368164 0.1728515 1.368164 0.203125 1.368164 0.1728515 1.368164 0.1728515 1.368164 0.1425781 1.368164 0.1728515 1.368164 0.1425781 1.368164 0.1728515 1.368164 0.1425781 1.368164 0.1425781 1.368164 0.1123046 1.368164 0.1425781 1.368164 0.1123046 1.368164 0.1425781 1.368164 0.1123046 1.368164 0.1123046 1.368164 0.08203125 1.368164 0.1123046 1.368164 0.08203125 1.368164 0.1123046 1.368164 0.08203125 1.368164 0.08203125 1.368164 0.05175781 1.368164 0.08203125 1.368164 0.05175781 1.368164 0.08203125 1.368164 0.05175781 1.368164 0.05175781 1.368164 0.02148437 1.368164 0.05175781 1.368164 0.02148437 1.368164 0.05175781 1.368164 0.02148437 1.368164 0.9894562 1.368164 0.959198 1.368164 0.9894562 1.368164 0.959198 1.368164 0.9894562 1.368164 0.959198 1.368164 0.959198 1.368164 0.9289551 1.368164 0.959198 1.368164 0.9289551 1.368164 0.959198 1.368164 0.9289551 1.368164 0.9289551 1.368164 0.8986817 1.368164 0.9289551 1.368164 0.8986817 1.368164 0.9289551 1.368164 0.8986817 1.368164 0.8986817 1.368164 0.8684082 1.368164 0.8986817 1.368164 0.8684082 1.368164 0.8986817 1.368164 0.8684082 1.368164 0.8684082 1.368164 0.8382568 1.368164 0.8684082 1.368164 0.8382568 1.368164 0.8684082 1.368164 0.8382568 1.368164 0.8382568 1.368164 0.8079834 1.368164 0.8382568 1.368164 0.8079834 1.368164 0.8382568 1.368164 0.8079834 1.368164 0.8079834 1.368164 0.77771 1.368164 0.8079834 1.368164 0.77771 1.368164 0.8079834 1.368164 0.77771 1.368164 0.77771 1.368164 0.7475586 1.368164 0.77771 1.368164 0.7475586 1.368164 0.77771 1.368164 0.7475586 1.368164 0.7475586 1.368164 0.7172852 1.368164 0.7475586 1.368164 0.7172852 1.368164 0.7475586 1.368164 0.7172852 1.368164 0.7172852 1.368164 0.6870117 1.368164 0.7172852 1.368164 0.6870117 1.368164 0.7172852 1.368164 0.6870117 1.368164 0.6870117 1.368164 0.6567383 1.368164 0.6870117 1.368164 0.6567383 1.368164 0.6870117 1.368164 0.6567383 1.368164 0.6567383 1.368164 0.6264649 1.368164 0.6567383 1.368164 0.6264649 1.368164 0.6567383 1.368164 0.6264649 1.368164 0.6264649 1.368164 0.5961914 1.368164 0.6264649 1.368164 0.5961914 1.368164 0.6264649 1.368164 0.5961914 1.368164 0.5961914 1.368164 0.565918 1.368164 0.5961914 1.368164 0.565918 1.368164 0.5961914 1.368164 0.565918 1.368164 0.565918 1.368164 0.5356445 1.368164 0.565918 1.368164 0.5356445 1.368164 0.565918 1.368164 0.5356445 1.368164 0.5356445 1.368164 0.5053711 1.368164 0.5356445 1.368164 0.5053711 1.368164 0.5356445 1.368164 0.5053711 0.8520508 0.04833984 0.9545899 0.01904296 0.8520508 0.01904296 0.9545899 0.01904296 0.8520508 0.04833984 0.9545899 0.04833984 0.8520508 0.078125 0.9545899 0.04833984 0.8520508 0.04833984 0.9545899 0.04833984 0.8520508 0.078125 0.9545899 0.078125 0.8520508 0.1079101 0.9545899 0.078125 0.8520508 0.078125 0.9545899 0.078125 0.8520508 0.1079101 0.9545899 0.1079101 0.8520508 0.1376953 0.9545899 0.1079101 0.8520508 0.1079101 0.9545899 0.1079101 0.8520508 0.1376953 0.9545899 0.1376953 0.8520508 0.1669921 0.9545899 0.1376953 0.8520508 0.1376953 0.9545899 0.1376953 0.8520508 0.1669921 0.9545899 0.1669921 0.8520508 0.1967773 0.9545899 0.1669921 0.8520508 0.1669921 0.9545899 0.1669921 0.8520508 0.1967773 0.9545899 0.1967773 0.8520508 0.2265625 0.9545899 0.1967773 0.8520508 0.1967773 0.9545899 0.1967773 0.8520508 0.2265625 0.9545899 0.2265625 0.8520508 0.2563477 0.9545899 0.2265625 0.8520508 0.2265625 0.9545899 0.2265625 0.8520508 0.2563477 0.9545899 0.2563477 0.8520508 0.2856445 0.9545899 0.2563477 0.8520508 0.2563477 0.9545899 0.2563477 0.8520508 0.2856445 0.9545899 0.2856445 0.8520508 0.3154297 0.9545899 0.2856445 0.8520508 0.2856445 0.9545899 0.2856445 0.8520508 0.3154297 0.9545899 0.3154297 0.8520508 0.3452149 0.9545899 0.3154297 0.8520508 0.3154297 0.9545899 0.3154297 0.8520508 0.3452149 0.9545899 0.3452149 0.8520508 0.375 0.9545899 0.3452149 0.8520508 0.3452149 0.9545899 0.3452149 0.8520508 0.375 0.9545899 0.375 0.9545899 0.375 0.8520508 0.375 0.9545899 0.4042969 0.8520508 0.4042969 0.9545899 0.4042969 0.8520508 0.375 0.9545899 0.4042969 0.8520508 0.4042969 0.9545899 0.434082 0.8520508 0.434082 0.9545899 0.434082 0.8520508 0.4042969 0.9545899 0.434082 0.8520508 0.434082 0.9545899 0.4638672 0.8520508 0.4638672 0.9545899 0.4638672 0.8520508 0.434082 0.9545899 0.4638672 0.8520508 0.4638672 0.9545899 0.4936524 0.8520508 0.4936524 0.9545899 0.4936524 0.8520508 0.4638672 0.9545899 0.4936524 0.8520508 0.4936524 0.9545899 0.5231934 0.8520508 0.5231934 0.9545899 0.5231934 0.8520508 0.4936524 0.9545899 0.5231934 0.8520508 0.5231934 0.9545899 0.5527344 0.8520508 0.5527344 0.9545899 0.5527344 0.8520508 0.5231934 0.9545899 0.5527344 0.8520508 0.5527344 0.9545899 0.5825195 0.8520508 0.5825195 0.9545899 0.5825195 0.8520508 0.5527344 0.9545899 0.5825195 0.8520508 0.5825195 0.9545899 0.6123047 0.8520508 0.6123047 0.9545899 0.6123047 0.8520508 0.5825195 0.9545899 0.6123047 0.8520508 0.6123047 0.9545899 0.6418457 0.8520508 0.6418457 0.9545899 0.6418457 0.8520508 0.6123047 0.9545899 0.6418457 0.8520508 0.6418457 0.9545899 0.6716309 0.8520508 0.6716309 0.9545899 0.6716309 0.8520508 0.6418457 0.9545899 0.6716309 0.8520508 0.6716309 0.9545899 0.7011719 0.8520508 0.7011719 0.9545899 0.7011719 0.8520508 0.6716309 0.9545899 0.7011719 0.8520508 0.7011719 0.9545899 0.730957 0.8520508 0.730957 0.9545899 0.730957 0.8520508 0.7011719 0.8100586 0.01904296 0.8520508 0.04833984 0.8520508 0.01904296 0.8100586 0.04833984 0.8520508 0.04833984 0.8100586 0.01904296 0.8520508 0.04833984 0.8100586 0.04833984 0.8520508 0.078125 0.8100586 0.078125 0.8520508 0.078125 0.8100586 0.04833984 0.8520508 0.078125 0.8100586 0.078125 0.8520508 0.1079101 0.8100586 0.1079101 0.8520508 0.1079101 0.8100586 0.078125 0.8520508 0.1079101 0.8100586 0.1079101 0.8520508 0.1376953 0.8100586 0.1376953 0.8520508 0.1376953 0.8100586 0.1079101 0.8520508 0.1376953 0.8100586 0.1376953 0.8520508 0.1669921 0.8100586 0.1669921 0.8520508 0.1669921 0.8100586 0.1376953 0.8520508 0.1669921 0.8100586 0.1669921 0.8520508 0.1967773 0.8100586 0.1967773 0.8520508 0.1967773 0.8100586 0.1669921 0.8520508 0.1967773 0.8100586 0.1967773 0.8520508 0.2265625 0.8100586 0.2265625 0.8520508 0.2265625 0.8100586 0.1967773 0.8520508 0.2265625 0.8100586 0.2265625 0.8520508 0.2563477 0.8100586 0.2563477 0.8520508 0.2563477 0.8100586 0.2265625 0.8520508 0.2563477 0.8100586 0.2563477 0.8520508 0.2856445 0.8100586 0.2856445 0.8520508 0.2856445 0.8100586 0.2563477 0.8520508 0.2856445 0.8100586 0.2856445 0.8520508 0.3154297 0.8100586 0.3154297 0.8520508 0.3154297 0.8100586 0.2856445 0.8520508 0.3154297 0.8100586 0.3154297 0.8520508 0.3452149 0.8100586 0.3452149 0.8520508 0.3452149 0.8100586 0.3154297 0.8520508 0.3452149 0.8100586 0.3452149 0.8520508 0.375 0.8100586 0.375 0.8520508 0.375 0.8100586 0.3452149 0.8100586 0.4042969 0.8520508 0.375 0.8100586 0.375 0.8520508 0.375 0.8100586 0.4042969 0.8520508 0.4042969 0.8100586 0.434082 0.8520508 0.4042969 0.8100586 0.4042969 0.8520508 0.4042969 0.8100586 0.434082 0.8520508 0.434082 0.8100586 0.4638672 0.8520508 0.434082 0.8100586 0.434082 0.8520508 0.434082 0.8100586 0.4638672 0.8520508 0.4638672 0.8100586 0.4936524 0.8520508 0.4638672 0.8100586 0.4638672 0.8520508 0.4638672 0.8100586 0.4936524 0.8520508 0.4936524 0.8100586 0.5231934 0.8520508 0.4936524 0.8100586 0.4936524 0.8520508 0.4936524 0.8100586 0.5231934 0.8520508 0.5231934 0.8100586 0.5527344 0.8520508 0.5231934 0.8100586 0.5231934 0.8520508 0.5231934 0.8100586 0.5527344 0.8520508 0.5527344 0.8100586 0.5825195 0.8520508 0.5527344 0.8100586 0.5527344 0.8520508 0.5527344 0.8100586 0.5825195 0.8520508 0.5825195 0.8100586 0.6123047 0.8520508 0.5825195 0.8100586 0.5825195 0.8520508 0.5825195 0.8100586 0.6123047 0.8520508 0.6123047 0.8100586 0.6418457 0.8520508 0.6123047 0.8100586 0.6123047 0.8520508 0.6123047 0.8100586 0.6418457 0.8520508 0.6418457 0.8100586 0.6716309 0.8520508 0.6418457 0.8100586 0.6418457 0.8520508 0.6418457 0.8100586 0.6716309 0.8520508 0.6716309 0.8100586 0.7011719 0.8520508 0.6716309 0.8100586 0.6716309 0.8520508 0.6716309 0.8100586 0.7011719 0.8520508 0.7011719 0.8100586 0.730957 0.8520508 0.7011719 0.8100586 0.7011719 0.8520508 0.7011719 0.8100586 0.730957 0.8520508 0.730957 0.9545899 0.01904296 0.9921875 0.04833984 0.9921875 0.01904296 0.9545899 0.04833984 0.9921875 0.04833984 0.9545899 0.01904296 0.9921875 0.04833984 0.9545899 0.04833984 0.9921875 0.078125 0.9545899 0.078125 0.9921875 0.078125 0.9545899 0.04833984 0.9921875 0.078125 0.9545899 0.078125 0.9921875 0.1079101 0.9545899 0.1079101 0.9921875 0.1079101 0.9545899 0.078125 0.9921875 0.1079101 0.9545899 0.1079101 0.9921875 0.1376953 0.9545899 0.1376953 0.9921875 0.1376953 0.9545899 0.1079101 0.9921875 0.1376953 0.9545899 0.1376953 0.9921875 0.1669921 0.9545899 0.1669921 0.9921875 0.1669921 0.9545899 0.1376953 0.9921875 0.1669921 0.9545899 0.1669921 0.9921875 0.1967773 0.9545899 0.1967773 0.9921875 0.1967773 0.9545899 0.1669921 0.9921875 0.1967773 0.9545899 0.1967773 0.9921875 0.2265625 0.9545899 0.2265625 0.9921875 0.2265625 0.9545899 0.1967773 0.9921875 0.2265625 0.9545899 0.2265625 0.9921875 0.2563477 0.9545899 0.2563477 0.9921875 0.2563477 0.9545899 0.2265625 0.9921875 0.2563477 0.9545899 0.2563477 0.9921875 0.2856445 0.9545899 0.2856445 0.9921875 0.2856445 0.9545899 0.2563477 0.9921875 0.2856445 0.9545899 0.2856445 0.9921875 0.3154297 0.9545899 0.3154297 0.9921875 0.3154297 0.9545899 0.2856445 0.9921875 0.3154297 0.9545899 0.3154297 0.9921875 0.3452149 0.9545899 0.3452149 0.9921875 0.3452149 0.9545899 0.3154297 0.9921875 0.3452149 0.9545899 0.3452149 0.9921875 0.375 0.9545899 0.375 0.9921875 0.375 0.9545899 0.3452149 0.9545899 0.4042969 0.9921875 0.375 0.9545899 0.375 0.9921875 0.375 0.9545899 0.4042969 0.9921875 0.4042969 0.9545899 0.434082 0.9921875 0.4042969 0.9545899 0.4042969 0.9921875 0.4042969 0.9545899 0.434082 0.9921875 0.434082 0.9545899 0.4638672 0.9921875 0.434082 0.9545899 0.434082 0.9921875 0.434082 0.9545899 0.4638672 0.9921875 0.4638672 0.9545899 0.4936524 0.9921875 0.4638672 0.9545899 0.4638672 0.9921875 0.4638672 0.9545899 0.4936524 0.9921875 0.4936524 0.9545899 0.5231934 0.9921875 0.4936524 0.9545899 0.4936524 0.9921875 0.4936524 0.9545899 0.5231934 0.9921875 0.5231934 0.9545899 0.5527344 0.9921875 0.5231934 0.9545899 0.5231934 0.9921875 0.5231934 0.9545899 0.5527344 0.9921875 0.5527344 0.9545899 0.5825195 0.9921875 0.5527344 0.9545899 0.5527344 0.9921875 0.5527344 0.9545899 0.5825195 0.9921875 0.5825195 0.9545899 0.6123047 0.9921875 0.5825195 0.9545899 0.5825195 0.9921875 0.5825195 0.9545899 0.6123047 0.9921875 0.6123047 0.9545899 0.6418457 0.9921875 0.6123047 0.9545899 0.6123047 0.9921875 0.6123047 0.9545899 0.6418457 0.9921875 0.6418457 0.9545899 0.6716309 0.9921875 0.6418457 0.9545899 0.6418457 0.9921875 0.6418457 0.9545899 0.6716309 0.9921875 0.6716309 0.9545899 0.7011719 0.9921875 0.6716309 0.9545899 0.6716309 0.9921875 0.6716309 0.9545899 0.7011719 0.9921875 0.7011719 0.9545899 0.730957 0.9921875 0.7011719 0.9545899 0.7011719 0.9921875 0.7011719 0.9545899 0.730957 0.9921875 0.730957 0.5253906 0.8027344 0.5253906 0.7783203 0.5180664 0.7905274 0.5253906 0.7783203 0.5253906 0.8027344 0.5478516 0.7668457 0.5478516 0.8140869 0.5478516 0.7668457 0.5253906 0.8027344 0.5478516 0.7668457 0.5478516 0.8140869 0.5830078 0.7570801 0.5830078 0.8238525 0.5830078 0.7570801 0.5478516 0.8140869 0.5830078 0.7570801 0.5830078 0.8238525 0.6289063 0.7495117 0.6289063 0.8314209 0.6289063 0.7495117 0.5830078 0.8238525 0.6357422 0.7905274 0.6289063 0.7495117 0.6289063 0.8314209 0.6494141 0.779419 0.6289063 0.7495117 0.6357422 0.7905274 0.6289063 0.7495117 0.6494141 0.779419 0.6821289 0.7448731 0.6640625 0.7762451 0.6821289 0.7448731 0.6494141 0.779419 0.6821289 0.7724609 0.6821289 0.7448731 0.6640625 0.7762451 0.6821289 0.7448731 0.6821289 0.7724609 0.7392578 0.7431641 0.6875 0.7712402 0.7392578 0.7431641 0.6821289 0.7724609 0.71875 0.7695313 0.7392578 0.7431641 0.6875 0.7712402 0.7392578 0.7683106 0.7392578 0.7431641 0.71875 0.7695313 0.7392578 0.7431641 0.7392578 0.7683106 0.796875 0.7448731 0.7915039 0.7712402 0.796875 0.7448731 0.7392578 0.7683106 0.7944336 0.7719727 0.796875 0.7448731 0.7915039 0.7712402 0.796875 0.7724609 0.796875 0.7448731 0.7944336 0.7719727 0.796875 0.7448731 0.796875 0.7724609 0.8500977 0.7495117 0.8295899 0.779419 0.8500977 0.7495117 0.796875 0.7724609 0.8359375 0.78479 0.8500977 0.7495117 0.8295899 0.779419 0.8432617 0.7905274 0.8500977 0.7495117 0.8359375 0.78479 0.8500977 0.8314209 0.8500977 0.7495117 0.8432617 0.7905274 0.8959961 0.8238525 0.8500977 0.7495117 0.8500977 0.8314209 0.8500977 0.7495117 0.8959961 0.8238525 0.8959961 0.7570801 0.9311524 0.8140869 0.8959961 0.7570801 0.8959961 0.8238525 0.8959961 0.7570801 0.9311524 0.8140869 0.9311524 0.7668457 0.953125 0.8027344 0.9311524 0.7668457 0.9311524 0.8140869 0.9311524 0.7668457 0.953125 0.8027344 0.953125 0.7783203 0.9609375 0.7905274 0.953125 0.7783203 0.953125 0.8027344 0.8295899 0.8016358 0.8500977 0.8314209 0.8432617 0.7905274 0.796875 0.8085938 0.8500977 0.8314209 0.8295899 0.8016358 0.8500977 0.8314209 0.796875 0.8085938 0.796875 0.8360596 0.7915039 0.8096924 0.796875 0.8360596 0.796875 0.8085938 0.7392578 0.8126221 0.796875 0.8360596 0.7915039 0.8096924 0.796875 0.8360596 0.7392578 0.8126221 0.7392578 0.8377686 0.6875 0.8096924 0.7392578 0.8377686 0.7392578 0.8126221 0.7392578 0.8377686 0.6875 0.8096924 0.6821289 0.8360596 0.6821289 0.8085938 0.6821289 0.8360596 0.6875 0.8096924 0.6494141 0.8016358 0.6821289 0.8360596 0.6821289 0.8085938 0.6821289 0.8360596 0.6494141 0.8016358 0.6289063 0.8314209 0.6289063 0.8314209 0.6494141 0.8016358 0.6357422 0.7905274 0.6357422 0.7905274 0.6494141 0.8016358 0.6494141 0.779419 0.6494141 0.779419 0.6494141 0.8016358 0.6640625 0.7762451 0.6640625 0.7762451 0.6494141 0.8016358 0.6821289 0.7724609 0.6821289 0.8085938 0.6821289 0.7724609 0.6494141 0.8016358 0.6875 0.8096924 0.6821289 0.7724609 0.6821289 0.8085938 0.6821289 0.7724609 0.6875 0.8096924 0.6875 0.7712402 0.6875 0.7712402 0.6875 0.8096924 0.71875 0.7695313 0.71875 0.7695313 0.6875 0.8096924 0.7392578 0.7683106 0.7392578 0.8126221 0.7392578 0.7683106 0.6875 0.8096924 0.7915039 0.8096924 0.7392578 0.7683106 0.7392578 0.8126221 0.7392578 0.7683106 0.7915039 0.8096924 0.7915039 0.7712402 0.7915039 0.7712402 0.7915039 0.8096924 0.7944336 0.7719727 0.796875 0.8085938 0.7944336 0.7719727 0.7915039 0.8096924 0.7944336 0.7719727 0.796875 0.8085938 0.796875 0.7724609 0.8295899 0.8016358 0.796875 0.7724609 0.796875 0.8085938 0.796875 0.7724609 0.8295899 0.8016358 0.8295899 0.779419 0.8295899 0.779419 0.8295899 0.8016358 0.8359375 0.78479 0.8432617 0.7905274 0.8359375 0.78479 0.8295899 0.8016358 0.9770508 0.90094 0.9770508 0.9360962 0.9853516 0.9185181 0.9770508 0.9360962 0.9770508 0.90094 0.9526367 0.9525147 0.9526367 0.8845215 0.9526367 0.9525147 0.9770508 0.90094 0.9526367 0.9525147 0.9526367 0.8845215 0.9135742 0.9666138 0.9135742 0.8704834 0.9135742 0.9666138 0.9526367 0.8845215 0.9135742 0.9666138 0.9135742 0.8704834 0.8623047 0.977417 0.8623047 0.8596192 0.8623047 0.977417 0.9135742 0.8704834 0.8623047 0.977417 0.8623047 0.8596192 0.8032227 0.9842072 0.8032227 0.8527832 0.8032227 0.9842072 0.8623047 0.8596192 0.8032227 0.9842072 0.8032227 0.8527832 0.7392578 0.9865265 0.7392578 0.8504639 0.7392578 0.9865265 0.8032227 0.8527832 0.6757813 0.8527832 0.7392578 0.9865265 0.7392578 0.8504639 0.7392578 0.9865265 0.6757813 0.8527832 0.6757813 0.9842072 0.6166992 0.8596192 0.6757813 0.9842072 0.6757813 0.8527832 0.6757813 0.9842072 0.6166992 0.8596192 0.6166992 0.977417 0.5654297 0.8704834 0.6166992 0.977417 0.6166992 0.8596192 0.6166992 0.977417 0.5654297 0.8704834 0.5654297 0.9666138 0.5263672 0.8845215 0.5654297 0.9666138 0.5654297 0.8704834 0.5654297 0.9666138 0.5263672 0.8845215 0.5263672 0.9525147 0.5019531 0.90094 0.5263672 0.9525147 0.5263672 0.8845215 0.5263672 0.9525147 0.5019531 0.90094 0.5019531 0.9360962 0.4934082 0.9185181 0.5019531 0.9360962 0.5019531 0.90094 1.178711 0.02197265 1.145508 0.05224609 1.145508 0.02197265 1.178711 0.05224609 1.145508 0.05224609 1.178711 0.02197265 1.145508 0.05224609 1.178711 0.05224609 1.145508 0.08251953 1.178711 0.08251953 1.145508 0.08251953 1.178711 0.05224609 1.145508 0.08251953 1.178711 0.08251953 1.145508 0.1123046 1.178711 0.1123046 1.145508 0.1123046 1.178711 0.08251953 1.145508 0.1123046 1.178711 0.1123046 1.145508 0.1425781 1.178711 0.1425781 1.145508 0.1425781 1.178711 0.1123046 1.145508 0.1425781 1.178711 0.1425781 1.145508 0.1728515 1.178711 0.1728515 1.145508 0.1728515 1.178711 0.1425781 1.145508 0.1728515 1.178711 0.1728515 1.145508 0.203125 1.178711 0.203125 1.145508 0.203125 1.178711 0.1728515 1.145508 0.203125 1.178711 0.203125 1.145508 0.2333984 1.178711 0.2333984 1.145508 0.2333984 1.178711 0.203125 1.145508 0.2333984 1.178711 0.2333984 1.145508 0.2636719 1.178711 0.2636719 1.145508 0.2636719 1.178711 0.2333984 1.145508 0.2636719 1.178711 0.2636719 1.145508 0.293457 1.178711 0.293457 1.145508 0.293457 1.178711 0.2636719 1.145508 0.293457 1.178711 0.293457 1.145508 0.3237305 1.178711 0.3237305 1.145508 0.3237305 1.178711 0.293457 1.145508 0.3237305 1.178711 0.3237305 1.145508 0.3540039 1.178711 0.3540039 1.145508 0.3540039 1.178711 0.3237305 1.145508 0.3540039 1.178711 0.3540039 1.145508 0.3842774 1.178711 0.3842774 1.145508 0.3842774 1.178711 0.3540039 1.145508 0.3842774 1.178711 0.3842774 1.145508 0.4145508 1.178711 0.4145508 1.145508 0.4145508 1.178711 0.3842774 1.145508 0.4145508 1.178711 0.4145508 1.145508 0.4448242 1.178711 0.4448242 1.145508 0.4448242 1.178711 0.4145508 1.145508 0.4448242 1.178711 0.4448242 1.145508 0.4746094 1.178711 0.4746094 1.145508 0.4746094 1.178711 0.4448242 1.145508 0.4746094 1.178711 0.4746094 1.145508 0.5053711 1.178711 0.5053711 1.145508 0.5053711 1.178711 0.4746094 1.145508 0.5053711 1.178711 0.5053711 1.145508 0.5358887 1.178711 0.5358887 1.145508 0.5358887 1.178711 0.5053711 1.145508 0.5358887 1.178711 0.5358887 1.145508 0.5661621 1.178711 0.5661621 1.145508 0.5661621 1.178711 0.5358887 1.145508 0.5661621 1.178711 0.5661621 1.145508 0.5964356 1.178711 0.5964356 1.145508 0.5964356 1.178711 0.5661621 1.145508 0.5964356 1.178711 0.5964356 1.145508 0.6264649 1.178711 0.6264649 1.145508 0.6264649 1.178711 0.5964356 1.145508 0.6264649 1.178711 0.6264649 1.145508 0.6567383 1.178711 0.6567383 1.145508 0.6567383 1.178711 0.6264649 1.145508 0.6567383 1.178711 0.6567383 1.145508 0.6867676 1.178711 0.6867676 1.145508 0.6867676 1.178711 0.6567383 1.145508 0.6867676 1.178711 0.6867676 1.145508 0.717041 1.178711 0.717041 1.145508 0.717041 1.178711 0.6867676 1.145508 0.717041 1.178711 0.717041 1.145508 0.7473145 1.178711 0.7473145 1.145508 0.7473145 1.178711 0.717041 1.145508 0.7473145 1.178711 0.7473145 1.145508 0.7774658 1.178711 0.7774658 1.145508 0.7774658 1.178711 0.7473145 1.145508 0.7774658 1.178711 0.7774658 1.145508 0.8076172 1.178711 0.8076172 1.145508 0.8076172 1.178711 0.7774658 1.145508 0.8076172 1.178711 0.8076172 1.145508 0.8378906 1.178711 0.8378906 1.145508 0.8378906 1.178711 0.8076172 1.145508 0.8378906 1.178711 0.8378906 1.145508 0.868042 1.178711 0.868042 1.145508 0.868042 1.178711 0.8378906 1.145508 0.868042 1.178711 0.868042 1.145508 0.8981934 1.178711 0.8981934 1.145508 0.8981934 1.178711 0.868042 1.145508 0.8981934 1.178711 0.8981934 1.145508 0.9284058 1.178711 0.9284058 1.145508 0.9284058 1.178711 0.8981934 1.145508 0.9284058 1.178711 0.9284058 1.145508 0.9585877 1.178711 0.9585877 1.145508 0.9585877 1.178711 0.9284058 1.145508 0.9585877 1.178711 0.9585877 1.145508 0.9887924 1.145508 0.9887924 1.178711 0.9585877 1.178711 0.9887924 1.211914 0.9585877 1.178711 0.9887924 1.178711 0.9585877 1.178711 0.9887924 1.211914 0.9585877 1.211914 0.9887924 1.246094 0.9585877 1.211914 0.9887924 1.211914 0.9585877 1.211914 0.9887924 1.246094 0.9585877 1.246094 0.9887924 1.338867 0.9589539 1.246094 0.9887924 1.246094 0.9585877 1.246094 0.9887924 1.338867 0.9589539 1.338867 0.9888992 1.368164 0.959198 1.338867 0.9888992 1.338867 0.9589539 1.338867 0.9888992 1.368164 0.959198 1.368164 0.9894562 1.338867 0.9589539 1.368164 0.9289551 1.368164 0.959198 1.338867 0.9287109 1.368164 0.9289551 1.338867 0.9589539 1.368164 0.9289551 1.338867 0.9287109 1.368164 0.8986817 1.338867 0.8984985 1.368164 0.8986817 1.338867 0.9287109 1.368164 0.8986817 1.338867 0.8984985 1.368164 0.8684082 1.338867 0.8682861 1.368164 0.8684082 1.338867 0.8984985 1.368164 0.8684082 1.338867 0.8682861 1.368164 0.8382568 1.338867 0.8381348 1.368164 0.8382568 1.338867 0.8682861 1.368164 0.8382568 1.338867 0.8381348 1.368164 0.8079834 1.338867 0.8078613 1.368164 0.8079834 1.338867 0.8381348 1.368164 0.8079834 1.338867 0.8078613 1.368164 0.77771 1.338867 0.7775879 1.368164 0.77771 1.338867 0.8078613 1.368164 0.77771 1.338867 0.7775879 1.368164 0.7475586 1.338867 0.7473145 1.368164 0.7475586 1.338867 0.7775879 1.368164 0.7475586 1.338867 0.7473145 1.368164 0.7172852 1.338867 0.7172852 1.368164 0.7172852 1.338867 0.7473145 1.368164 0.7172852 1.338867 0.7172852 1.368164 0.6870117 1.338867 0.6870117 1.368164 0.6870117 1.338867 0.7172852 1.368164 0.6870117 1.338867 0.6870117 1.368164 0.6567383 1.338867 0.6567383 1.368164 0.6567383 1.338867 0.6870117 1.368164 0.6567383 1.338867 0.6567383 1.368164 0.6264649 1.338867 0.6264649 1.368164 0.6264649 1.338867 0.6567383 1.368164 0.6264649 1.338867 0.6264649 1.368164 0.5961914 1.338867 0.5964356 1.368164 0.5961914 1.338867 0.6264649 1.368164 0.5961914 1.338867 0.5964356 1.368164 0.565918 1.338867 0.5661621 1.368164 0.565918 1.338867 0.5964356 1.368164 0.565918 1.338867 0.5661621 1.368164 0.5356445 1.338867 0.5358887 1.368164 0.5356445 1.338867 0.5661621 1.368164 0.5356445 1.338867 0.5358887 1.368164 0.5053711 1.34082 0.5053711 1.368164 0.5053711 1.338867 0.5358887 1.338867 0.5014649 1.368164 0.5053711 1.34082 0.5053711 1.368164 0.5053711 1.338867 0.5014649 1.368164 0.4750977 1.338867 0.4750977 1.368164 0.4750977 1.338867 0.5014649 1.368164 0.4750977 1.338867 0.4750977 1.368164 0.4448242 1.338867 0.4448242 1.368164 0.4448242 1.338867 0.4750977 1.368164 0.4448242 1.338867 0.4448242 1.368164 0.4145508 1.338867 0.4145508 1.368164 0.4145508 1.338867 0.4448242 1.368164 0.4145508 1.338867 0.4145508 1.368164 0.3842774 1.338867 0.3842774 1.368164 0.3842774 1.338867 0.4145508 1.368164 0.3842774 1.338867 0.3842774 1.368164 0.3544922 1.338867 0.3540039 1.368164 0.3544922 1.338867 0.3842774 1.368164 0.3544922 1.338867 0.3540039 1.368164 0.3242188 1.338867 0.3242188 1.368164 0.3242188 1.338867 0.3540039 1.368164 0.3242188 1.338867 0.3242188 1.368164 0.2939453 1.338867 0.2939453 1.368164 0.2939453 1.338867 0.3242188 1.368164 0.2939453 1.338867 0.2939453 1.368164 0.2636719 1.338867 0.2636719 1.368164 0.2636719 1.338867 0.2939453 1.368164 0.2636719 1.338867 0.2636719 1.368164 0.2333984 1.338867 0.2333984 1.368164 0.2333984 1.338867 0.2636719 1.368164 0.2333984 1.338867 0.2333984 1.368164 0.203125 1.338867 0.203125 1.368164 0.203125 1.338867 0.2333984 1.368164 0.203125 1.338867 0.203125 1.368164 0.1728515 1.338867 0.1728515 1.368164 0.1728515 1.338867 0.203125 1.368164 0.1728515 1.338867 0.1728515 1.368164 0.1425781 1.338867 0.1425781 1.368164 0.1425781 1.338867 0.1728515 1.368164 0.1425781 1.338867 0.1425781 1.368164 0.1123046 1.338867 0.1123046 1.368164 0.1123046 1.338867 0.1425781 1.368164 0.1123046 1.338867 0.1123046 1.368164 0.08203125 1.338867 0.08203125 1.368164 0.08203125 1.338867 0.1123046 1.368164 0.08203125 1.338867 0.08203125 1.368164 0.05175781 1.338867 0.05224609 1.368164 0.05175781 1.338867 0.08203125 1.368164 0.05175781 1.338867 0.05224609 1.368164 0.02148437 1.368164 0.02148437 1.338867 0.05224609 1.338867 0.02197265 1.246094 0.05224609 1.338867 0.02197265 1.338867 0.05224609 1.338867 0.02197265 1.246094 0.05224609 1.246094 0.02197265 1.211914 0.05224609 1.246094 0.02197265 1.246094 0.05224609 1.246094 0.02197265 1.211914 0.05224609 1.211914 0.02197265 1.178711 0.05224609 1.211914 0.02197265 1.211914 0.05224609 1.211914 0.02197265 1.178711 0.05224609 1.178711 0.02197265 1.211914 0.05224609 1.178711 0.08251953 1.178711 0.05224609 1.211914 0.08251953 1.178711 0.08251953 1.211914 0.05224609 1.178711 0.08251953 1.211914 0.08251953 1.178711 0.1123046 1.211914 0.1123046 1.178711 0.1123046 1.211914 0.08251953 1.178711 0.1123046 1.211914 0.1123046 1.178711 0.1425781 1.211914 0.1425781 1.178711 0.1425781 1.211914 0.1123046 1.178711 0.1425781 1.211914 0.1425781 1.178711 0.1728515 1.211914 0.1728515 1.178711 0.1728515 1.211914 0.1425781 1.178711 0.1728515 1.211914 0.1728515 1.178711 0.203125 1.211914 0.203125 1.178711 0.203125 1.211914 0.1728515 1.178711 0.203125 1.211914 0.203125 1.178711 0.2333984 1.211914 0.2333984 1.178711 0.2333984 1.211914 0.203125 1.178711 0.2333984 1.211914 0.2333984 1.178711 0.2636719 1.211914 0.2636719 1.178711 0.2636719 1.211914 0.2333984 1.178711 0.2636719 1.211914 0.2636719 1.178711 0.293457 1.211914 0.293457 1.178711 0.293457 1.211914 0.2636719 1.178711 0.293457 1.211914 0.293457 1.178711 0.3237305 1.211914 0.3237305 1.178711 0.3237305 1.211914 0.293457 1.178711 0.3237305 1.211914 0.3237305 1.178711 0.3540039 1.211914 0.3540039 1.178711 0.3540039 1.211914 0.3237305 1.178711 0.3540039 1.211914 0.3540039 1.178711 0.3842774 1.211914 0.3842774 1.178711 0.3842774 1.211914 0.3540039 1.178711 0.3842774 1.211914 0.3842774 1.178711 0.4145508 1.211914 0.4145508 1.178711 0.4145508 1.211914 0.3842774 1.178711 0.4145508 1.211914 0.4145508 1.178711 0.4448242 1.211914 0.4448242 1.178711 0.4448242 1.211914 0.4145508 1.178711 0.4448242 1.211914 0.4448242 1.178711 0.4746094 1.211914 0.4746094 1.178711 0.4746094 1.211914 0.4448242 1.178711 0.4746094 1.211914 0.4746094 1.178711 0.5053711 1.211914 0.5053711 1.178711 0.5053711 1.211914 0.4746094 1.178711 0.5053711 1.211914 0.5053711 1.178711 0.5358887 1.211914 0.5358887 1.178711 0.5358887 1.211914 0.5053711 1.178711 0.5358887 1.211914 0.5358887 1.178711 0.5661621 1.211914 0.5661621 1.178711 0.5661621 1.211914 0.5358887 1.178711 0.5661621 1.211914 0.5661621 1.178711 0.5964356 1.211914 0.5964356 1.178711 0.5964356 1.211914 0.5661621 1.178711 0.5964356 1.211914 0.5964356 1.178711 0.6264649 1.211914 0.6264649 1.178711 0.6264649 1.211914 0.5964356 1.178711 0.6264649 1.211914 0.6264649 1.178711 0.6567383 1.211914 0.6567383 1.178711 0.6567383 1.211914 0.6264649 1.178711 0.6567383 1.211914 0.6567383 1.178711 0.6867676 1.211914 0.6867676 1.178711 0.6867676 1.211914 0.6567383 1.178711 0.6867676 1.211914 0.6867676 1.178711 0.717041 1.211914 0.717041 1.178711 0.717041 1.211914 0.6867676 1.178711 0.717041 1.211914 0.717041 1.178711 0.7473145 1.211914 0.7473145 1.178711 0.7473145 1.211914 0.717041 1.178711 0.7473145 1.211914 0.7473145 1.178711 0.7774658 1.211914 0.7774658 1.178711 0.7774658 1.211914 0.7473145 1.178711 0.7774658 1.211914 0.7774658 1.178711 0.8076172 1.211914 0.8076172 1.178711 0.8076172 1.211914 0.7774658 1.178711 0.8076172 1.211914 0.8076172 1.178711 0.8378906 1.211914 0.8378906 1.178711 0.8378906 1.211914 0.8076172 1.178711 0.8378906 1.211914 0.8378906 1.178711 0.868042 1.211914 0.868042 1.178711 0.868042 1.211914 0.8378906 1.178711 0.868042 1.211914 0.868042 1.178711 0.8981934 1.211914 0.8981934 1.178711 0.8981934 1.211914 0.868042 1.178711 0.8981934 1.211914 0.8981934 1.178711 0.9284058 1.211914 0.9284058 1.178711 0.9284058 1.211914 0.8981934 1.178711 0.9284058 1.211914 0.9284058 1.178711 0.9585877 1.178711 0.9585877 1.211914 0.9284058 1.211914 0.9585877 1.246094 0.9284058 1.211914 0.9585877 1.211914 0.9284058 1.211914 0.9585877 1.246094 0.9284058 1.246094 0.9585877 1.338867 0.9287109 1.246094 0.9585877 1.246094 0.9284058 1.246094 0.9585877 1.338867 0.9287109 1.338867 0.9589539 1.246094 0.9284058 1.338867 0.8984985 1.338867 0.9287109 1.246094 0.8981934 1.338867 0.8984985 1.246094 0.9284058 1.338867 0.8984985 1.246094 0.8981934 1.338867 0.8682861 1.246094 0.868042 1.338867 0.8682861 1.246094 0.8981934 1.338867 0.8682861 1.246094 0.868042 1.338867 0.8381348 1.246094 0.8378906 1.338867 0.8381348 1.246094 0.868042 1.338867 0.8381348 1.246094 0.8378906 1.338867 0.8078613 1.246094 0.8076172 1.338867 0.8078613 1.246094 0.8378906 1.338867 0.8078613 1.246094 0.8076172 1.338867 0.7775879 1.246094 0.7774658 1.338867 0.7775879 1.246094 0.8076172 1.338867 0.7775879 1.246094 0.7774658 1.338867 0.7473145 1.246094 0.7473145 1.338867 0.7473145 1.246094 0.7774658 1.338867 0.7473145 1.246094 0.7473145 1.338867 0.7172852 1.246094 0.717041 1.338867 0.7172852 1.246094 0.7473145 1.338867 0.7172852 1.246094 0.717041 1.338867 0.6870117 1.246094 0.6867676 1.338867 0.6870117 1.246094 0.717041 1.338867 0.6870117 1.246094 0.6867676 1.338867 0.6567383 1.246094 0.6567383 1.338867 0.6567383 1.246094 0.6867676 1.338867 0.6567383 1.246094 0.6567383 1.338867 0.6264649 1.246094 0.6264649 1.338867 0.6264649 1.246094 0.6567383 1.338867 0.6264649 1.246094 0.6264649 1.338867 0.5964356 1.246094 0.5964356 1.338867 0.5964356 1.246094 0.6264649 1.338867 0.5964356 1.246094 0.5964356 1.338867 0.5661621 1.246094 0.5661621 1.338867 0.5661621 1.246094 0.5964356 1.267578 0.5378418 1.338867 0.5661621 1.246094 0.5661621 1.291992 0.5429688 1.338867 0.5661621 1.267578 0.5378418 1.338867 0.5661621 1.291992 0.5429688 1.338867 0.5358887 1.316406 0.5378418 1.338867 0.5358887 1.291992 0.5429688 1.318359 0.5358887 1.338867 0.5358887 1.316406 0.5378418 1.321289 0.5336914 1.338867 0.5358887 1.318359 0.5358887 1.333984 0.5241699 1.338867 0.5358887 1.321289 0.5336914 1.338867 0.5095215 1.338867 0.5358887 1.333984 0.5241699 1.338867 0.5358887 1.338867 0.5095215 1.34082 0.5053711 1.338867 0.5053711 1.34082 0.5053711 1.338867 0.5095215 1.34082 0.5053711 1.338867 0.5053711 1.338867 0.5014649 1.333984 0.4868164 1.338867 0.5014649 1.338867 0.5053711 1.338867 0.5014649 1.333984 0.4868164 1.338867 0.4750977 1.318359 0.4750977 1.338867 0.4750977 1.333984 0.4868164 1.318359 0.4746094 1.338867 0.4750977 1.318359 0.4750977 1.316406 0.4731445 1.338867 0.4750977 1.318359 0.4746094 1.291992 0.4677734 1.338867 0.4750977 1.316406 0.4731445 1.338867 0.4750977 1.291992 0.4677734 1.338867 0.4448242 1.267578 0.4731445 1.338867 0.4448242 1.291992 0.4677734 1.246094 0.4448242 1.338867 0.4448242 1.267578 0.4731445 1.338867 0.4448242 1.246094 0.4448242 1.338867 0.4145508 1.246094 0.4145508 1.338867 0.4145508 1.246094 0.4448242 1.266602 0.3925781 1.338867 0.4145508 1.246094 0.4145508 1.317383 0.3930664 1.338867 0.4145508 1.266602 0.3925781 1.338867 0.4145508 1.317383 0.3930664 1.338867 0.3842774 1.327148 0.3862305 1.338867 0.3842774 1.317383 0.3930664 1.328125 0.3842774 1.338867 0.3842774 1.327148 0.3862305 1.333008 0.3706055 1.338867 0.3842774 1.328125 0.3842774 1.327148 0.3554688 1.338867 0.3842774 1.333008 0.3706055 1.338867 0.3842774 1.327148 0.3554688 1.338867 0.3540039 1.326172 0.3540039 1.338867 0.3540039 1.327148 0.3554688 1.316406 0.3481445 1.338867 0.3540039 1.326172 0.3540039 1.338867 0.3540039 1.316406 0.3481445 1.338867 0.3242188 1.267578 0.3481445 1.338867 0.3242188 1.316406 0.3481445 1.246094 0.3237305 1.338867 0.3242188 1.267578 0.3481445 1.338867 0.3242188 1.246094 0.3237305 1.338867 0.2939453 1.246094 0.293457 1.338867 0.2939453 1.246094 0.3237305 1.338867 0.2939453 1.246094 0.293457 1.338867 0.2636719 1.246094 0.2636719 1.338867 0.2636719 1.246094 0.293457 1.338867 0.2636719 1.246094 0.2636719 1.338867 0.2333984 1.246094 0.2333984 1.338867 0.2333984 1.246094 0.2636719 1.338867 0.2333984 1.246094 0.2333984 1.338867 0.203125 1.246094 0.203125 1.338867 0.203125 1.246094 0.2333984 1.338867 0.203125 1.246094 0.203125 1.338867 0.1728515 1.246094 0.1728515 1.338867 0.1728515 1.246094 0.203125 1.338867 0.1728515 1.246094 0.1728515 1.338867 0.1425781 1.246094 0.1425781 1.338867 0.1425781 1.246094 0.1728515 1.338867 0.1425781 1.246094 0.1425781 1.338867 0.1123046 1.246094 0.1123046 1.338867 0.1123046 1.246094 0.1425781 1.338867 0.1123046 1.246094 0.1123046 1.338867 0.08203125 1.246094 0.08251953 1.338867 0.08203125 1.246094 0.1123046 1.338867 0.08203125 1.246094 0.08251953 1.338867 0.05224609 1.338867 0.05224609 1.246094 0.08251953 1.246094 0.05224609 1.211914 0.08251953 1.246094 0.05224609 1.246094 0.08251953 1.246094 0.05224609 1.211914 0.08251953 1.211914 0.05224609 1.246094 0.08251953 1.211914 0.1123046 1.211914 0.08251953 1.246094 0.1123046 1.211914 0.1123046 1.246094 0.08251953 1.211914 0.1123046 1.246094 0.1123046 1.211914 0.1425781 1.246094 0.1425781 1.211914 0.1425781 1.246094 0.1123046 1.211914 0.1425781 1.246094 0.1425781 1.211914 0.1728515 1.246094 0.1728515 1.211914 0.1728515 1.246094 0.1425781 1.211914 0.1728515 1.246094 0.1728515 1.211914 0.203125 1.246094 0.203125 1.211914 0.203125 1.246094 0.1728515 1.211914 0.203125 1.246094 0.203125 1.211914 0.2333984 1.246094 0.2333984 1.211914 0.2333984 1.246094 0.203125 1.211914 0.2333984 1.246094 0.2333984 1.211914 0.2636719 1.246094 0.2636719 1.211914 0.2636719 1.246094 0.2333984 1.211914 0.2636719 1.246094 0.2636719 1.211914 0.293457 1.246094 0.293457 1.211914 0.293457 1.246094 0.2636719 1.211914 0.293457 1.246094 0.293457 1.211914 0.3237305 1.246094 0.3237305 1.211914 0.3237305 1.246094 0.293457 1.211914 0.3237305 1.246094 0.3237305 1.211914 0.3540039 1.246094 0.3540039 1.211914 0.3540039 1.246094 0.3237305 1.211914 0.3540039 1.246094 0.3540039 1.211914 0.3842774 1.246094 0.3842774 1.211914 0.3842774 1.246094 0.3540039 1.211914 0.3842774 1.246094 0.3842774 1.211914 0.4145508 1.246094 0.4145508 1.211914 0.4145508 1.246094 0.3842774 1.211914 0.4145508 1.246094 0.4145508 1.211914 0.4448242 1.246094 0.4448242 1.211914 0.4448242 1.246094 0.4145508 1.211914 0.4448242 1.246094 0.4448242 1.211914 0.4746094 1.246094 0.4746094 1.211914 0.4746094 1.246094 0.4448242 1.246094 0.4970703 1.211914 0.4746094 1.246094 0.4746094 1.242187 0.5053711 1.211914 0.4746094 1.246094 0.4970703 1.211914 0.4746094 1.242187 0.5053711 1.211914 0.5053711 1.211914 0.5053711 1.242187 0.5053711 1.211914 0.5358887 1.246094 0.5358887 1.211914 0.5358887 1.242187 0.5053711 1.211914 0.5358887 1.246094 0.5358887 1.211914 0.5661621 1.246094 0.5661621 1.211914 0.5661621 1.246094 0.5358887 1.211914 0.5661621 1.246094 0.5661621 1.211914 0.5964356 1.246094 0.5964356 1.211914 0.5964356 1.246094 0.5661621 1.211914 0.5964356 1.246094 0.5964356 1.211914 0.6264649 1.246094 0.6264649 1.211914 0.6264649 1.246094 0.5964356 1.211914 0.6264649 1.246094 0.6264649 1.211914 0.6567383 1.246094 0.6567383 1.211914 0.6567383 1.246094 0.6264649 1.211914 0.6567383 1.246094 0.6567383 1.211914 0.6867676 1.246094 0.6867676 1.211914 0.6867676 1.246094 0.6567383 1.211914 0.6867676 1.246094 0.6867676 1.211914 0.717041 1.246094 0.717041 1.211914 0.717041 1.246094 0.6867676 1.211914 0.717041 1.246094 0.717041 1.211914 0.7473145 1.246094 0.7473145 1.211914 0.7473145 1.246094 0.717041 1.211914 0.7473145 1.246094 0.7473145 1.211914 0.7774658 1.246094 0.7774658 1.211914 0.7774658 1.246094 0.7473145 1.211914 0.7774658 1.246094 0.7774658 1.211914 0.8076172 1.246094 0.8076172 1.211914 0.8076172 1.246094 0.7774658 1.211914 0.8076172 1.246094 0.8076172 1.211914 0.8378906 1.246094 0.8378906 1.211914 0.8378906 1.246094 0.8076172 1.211914 0.8378906 1.246094 0.8378906 1.211914 0.868042 1.246094 0.868042 1.211914 0.868042 1.246094 0.8378906 1.211914 0.868042 1.246094 0.868042 1.211914 0.8981934 1.246094 0.8981934 1.211914 0.8981934 1.246094 0.868042 1.211914 0.8981934 1.246094 0.8981934 1.211914 0.9284058 1.246094 0.9284058 1.211914 0.9284058 1.246094 0.8981934 1.246094 0.5358887 1.267578 0.5378418 1.246094 0.5661621 1.265625 0.5358887 1.267578 0.5378418 1.246094 0.5358887 1.267578 0.5378418 1.265625 0.5358887 1.291992 0.5429688 1.318359 0.5358887 1.291992 0.5429688 1.265625 0.5358887 1.291992 0.5429688 1.318359 0.5358887 1.316406 0.5378418 1.265625 0.5358887 1.321289 0.5336914 1.318359 0.5358887 1.25 0.5241699 1.321289 0.5336914 1.265625 0.5358887 1.321289 0.5336914 1.25 0.5241699 1.333984 0.5241699 1.246094 0.5134277 1.333984 0.5241699 1.25 0.5241699 1.338867 0.5053711 1.333984 0.5241699 1.246094 0.5134277 1.333984 0.5241699 1.338867 0.5053711 1.338867 0.5095215 1.246094 0.5053711 1.338867 0.5053711 1.246094 0.5134277 1.265625 0.4750977 1.338867 0.5053711 1.246094 0.5053711 1.318359 0.4750977 1.338867 0.5053711 1.265625 0.4750977 1.338867 0.5053711 1.318359 0.4750977 1.333984 0.4868164 1.267578 0.4731445 1.318359 0.4750977 1.265625 0.4750977 1.318359 0.4750977 1.267578 0.4731445 1.318359 0.4746094 1.318359 0.4746094 1.267578 0.4731445 1.316406 0.4731445 1.291992 0.4677734 1.316406 0.4731445 1.267578 0.4731445 1.246094 0.4746094 1.267578 0.4731445 1.265625 0.4750977 1.267578 0.4731445 1.246094 0.4746094 1.246094 0.4448242 1.25 0.4868164 1.246094 0.4746094 1.265625 0.4750977 1.246094 0.4746094 1.25 0.4868164 1.246094 0.4970703 1.246094 0.5053711 1.246094 0.4970703 1.25 0.4868164 1.246094 0.4970703 1.246094 0.5053711 1.242187 0.5053711 1.246094 0.5134277 1.242187 0.5053711 1.246094 0.5053711 1.242187 0.5053711 1.246094 0.5134277 1.246094 0.5358887 1.25 0.5241699 1.246094 0.5358887 1.246094 0.5134277 1.246094 0.5358887 1.25 0.5241699 1.265625 0.5358887 1.25 0.4868164 1.265625 0.4750977 1.246094 0.5053711 1.257812 0.3540039 1.246094 0.3237305 1.267578 0.3481445 1.246094 0.3237305 1.257812 0.3540039 1.246094 0.3540039 1.256836 0.3549805 1.246094 0.3540039 1.257812 0.3540039 1.250977 0.3706055 1.246094 0.3540039 1.256836 0.3549805 1.246094 0.3540039 1.250977 0.3706055 1.246094 0.3842774 1.255859 0.3842774 1.246094 0.3842774 1.250977 0.3706055 1.256836 0.3857422 1.246094 0.3842774 1.255859 0.3842774 1.246094 0.3842774 1.256836 0.3857422 1.246094 0.4145508 1.266602 0.3925781 1.246094 0.4145508 1.256836 0.3857422 0.597168 0.0883789 0.597168 0.04052734 0.597168 0.06298828 0.597168 0.04052734 0.597168 0.0883789 0.597168 0.2792969 0.597168 0.1835937 0.597168 0.2792969 0.597168 0.0883789 0.597168 0.2314453 0.597168 0.2792969 0.597168 0.1835937 0.597168 0.2792969 0.597168 0.2314453 0.597168 0.2568359 0.597168 0.0883789 0.597168 0.1362304 0.597168 0.1835937 0.597168 0.1362304 0.597168 0.0883789 0.597168 0.1142578 0.4902344 0.1142578 0.4902344 0.1601562 0.4902344 0.1362304 0.4902344 0.06298828 0.4902344 0.1601562 0.4902344 0.1142578 0.4902344 0.2568359 0.4902344 0.1601562 0.4902344 0.06298828 0.4902344 0.2060546 0.4902344 0.1601562 0.4902344 0.2568359 0.4902344 0.1601562 0.4902344 0.2060546 0.4902344 0.1835937 0.4902344 0.2314453 0.4902344 0.2060546 0.4902344 0.2568359 0.4902344 0.0883789 0.4902344 0.06298828 0.4902344 0.1142578 0.4902344 0.3032227 0.4902344 0.06298828 0.4902344 0.04052734 0.4902344 0.06298828 0.4902344 0.3032227 0.4902344 0.2568359 0.4902344 0.2792969 0.4902344 0.2568359 0.4902344 0.3032227 0.5551758 0.2792969 0.5366211 0.3032227 0.5551758 0.3032227 0.5366211 0.3032227 0.5551758 0.2792969 0.5380859 0.2929688 0.5380859 0.2929688 0.5551758 0.2792969 0.5341797 0.2792969 0.5551758 0.2763672 0.5341797 0.2792969 0.5551758 0.2792969 0.5341797 0.2792969 0.5551758 0.2763672 0.5297852 0.2602539 0.5551758 0.2568359 0.5297852 0.2602539 0.5551758 0.2763672 0.5297852 0.2602539 0.5551758 0.2568359 0.527832 0.2568359 0.5551758 0.2314453 0.527832 0.2568359 0.5551758 0.2568359 0.527832 0.2568359 0.5551758 0.2314453 0.5219727 0.2314453 0.5219727 0.2314453 0.5551758 0.2314453 0.527832 0.2060546 0.5551758 0.2060546 0.527832 0.2060546 0.5551758 0.2314453 0.527832 0.2060546 0.5551758 0.2060546 0.5297852 0.203125 0.5551758 0.1870117 0.5297852 0.203125 0.5551758 0.2060546 0.5297852 0.203125 0.5551758 0.1870117 0.5341797 0.1835937 0.5551758 0.1835937 0.5341797 0.1835937 0.5551758 0.1870117 0.5341797 0.1835937 0.5551758 0.1835937 0.5395508 0.165039 0.5395508 0.165039 0.5551758 0.1835937 0.5390625 0.1601562 0.5551758 0.1601562 0.5390625 0.1601562 0.5551758 0.1835937 0.5390625 0.1601562 0.5551758 0.1601562 0.5395508 0.1547851 0.5395508 0.1547851 0.5551758 0.1601562 0.5341797 0.1362304 0.5551758 0.1362304 0.5341797 0.1362304 0.5551758 0.1601562 0.5341797 0.1362304 0.5551758 0.1362304 0.5297852 0.1171875 0.5551758 0.1333007 0.5297852 0.1171875 0.5551758 0.1362304 0.5551758 0.1142578 0.5297852 0.1171875 0.5551758 0.1333007 0.5297852 0.1171875 0.5551758 0.1142578 0.527832 0.1142578 0.5551758 0.0883789 0.527832 0.1142578 0.5551758 0.1142578 0.527832 0.1142578 0.5551758 0.0883789 0.5219727 0.0883789 0.5219727 0.0883789 0.5551758 0.0883789 0.527832 0.06298828 0.5551758 0.06298828 0.527832 0.06298828 0.5551758 0.0883789 0.527832 0.06298828 0.5551758 0.06298828 0.5297852 0.06005859 0.5551758 0.04394531 0.5297852 0.06005859 0.5551758 0.06298828 0.5551758 0.04052734 0.5297852 0.06005859 0.5551758 0.04394531 0.5297852 0.06005859 0.5551758 0.04052734 0.5341797 0.04052734 0.5551758 0.01708984 0.5341797 0.04052734 0.5551758 0.04052734 0.5341797 0.04052734 0.5551758 0.01708984 0.5380859 0.02734375 0.5366211 0.01708984 0.5380859 0.02734375 0.5551758 0.01708984 0.7822266 0.2333984 0.7856445 0.2695313 0.7856445 0.2568359 0.7553711 0.2333984 0.7856445 0.2695313 0.7822266 0.2333984 0.7553711 0.2695313 0.7856445 0.2695313 0.7553711 0.2333984 0.7856445 0.2695313 0.7553711 0.2695313 0.7856445 0.3051758 0.7553711 0.3051758 0.7856445 0.3051758 0.7553711 0.2695313 0.7553711 0.3413086 0.7856445 0.3051758 0.7553711 0.3051758 0.7856445 0.3051758 0.7553711 0.3413086 0.7856445 0.3413086 0.7856445 0.3413086 0.7553711 0.3413086 0.7856445 0.3540039 0.7553711 0.3769531 0.7856445 0.3540039 0.7553711 0.3413086 0.7856445 0.3540039 0.7553711 0.3769531 0.7822266 0.3769531 0.7822266 0.3769531 0.7553711 0.3769531 0.78125 0.3803711 0.7553711 0.4130859 0.78125 0.3803711 0.7553711 0.3769531 0.78125 0.3803711 0.7553711 0.4130859 0.7817383 0.4130859 0.7553711 0.4492188 0.7817383 0.4130859 0.7553711 0.4130859 0.7817383 0.4130859 0.7553711 0.4492188 0.7822266 0.4492188 0.78125 0.2299804 0.7553711 0.2333984 0.7822266 0.2333984 0.7553711 0.2333984 0.78125 0.2299804 0.7553711 0.1977539 0.7817383 0.1977539 0.7553711 0.1977539 0.78125 0.2299804 0.7822266 0.161621 0.7553711 0.1977539 0.7817383 0.1977539 0.7553711 0.1977539 0.7822266 0.161621 0.7553711 0.161621 0.7822266 0.1591796 0.7553711 0.161621 0.7822266 0.161621 0.7553711 0.161621 0.7822266 0.1591796 0.7553711 0.1259765 0.7856445 0.1259765 0.7553711 0.1259765 0.7822266 0.1591796 0.7553711 0.1259765 0.7856445 0.1259765 0.7553711 0.08984375 0.7856445 0.08984375 0.7553711 0.08984375 0.7856445 0.1259765 0.7856445 0.05419921 0.7553711 0.08984375 0.7856445 0.08984375 0.7553711 0.08984375 0.7856445 0.05419921 0.7553711 0.05419921 0.7822266 0.02099609 0.7553711 0.05419921 0.7856445 0.05419921 0.7553711 0.05419921 0.7822266 0.02099609 0.7553711 0.0180664 0.7822266 0.0180664 0.7553711 0.0180664 0.7822266 0.02099609 0.7856445 0.05419921 0.7856445 0.04199218 0.7822266 0.02099609 0.7856445 0.1376953 0.7856445 0.1259765 0.7822266 0.1591796 0.6220703 0.7358399 0.5371094 0.7358399 0.5795899 0.7414551 0.5371094 0.7358399 0.6220703 0.7358399 0.5058594 0.720459 0.6533203 0.720459 0.5058594 0.720459 0.6220703 0.7358399 0.5058594 0.720459 0.6533203 0.720459 0.4943848 0.6994629 0.6650391 0.6994629 0.4943848 0.6994629 0.6533203 0.720459 0.6533203 0.6784668 0.4943848 0.6994629 0.6650391 0.6994629 0.4943848 0.6994629 0.6533203 0.6784668 0.5058594 0.6784668 0.6220703 0.6630859 0.5058594 0.6784668 0.6533203 0.6784668 0.5058594 0.6784668 0.6220703 0.6630859 0.5371094 0.6630859 0.5795899 0.6574707 0.5371094 0.6630859 0.6220703 0.6630859 0.5317383 0.630127 0.6069336 0.6342774 0.6157227 0.630127 0.5405274 0.6342774 0.6069336 0.6342774 0.5317383 0.630127 0.6069336 0.6342774 0.5405274 0.6342774 0.5737305 0.6386719 0.6069336 0.5776367 0.5322266 0.581543 0.6152344 0.581543 0.5322266 0.581543 0.6069336 0.5776367 0.5405274 0.5776367 0.5737305 0.5732422 0.5405274 0.5776367 0.6069336 0.5776367 0.6489258 0.0180664 0.7553711 0.05419921 0.7553711 0.0180664 0.6489258 0.05419921 0.7553711 0.05419921 0.6489258 0.0180664 0.7553711 0.05419921 0.6489258 0.05419921 0.7553711 0.08984375 0.6489258 0.08984375 0.7553711 0.08984375 0.6489258 0.05419921 0.6489258 0.1259765 0.7553711 0.08984375 0.6489258 0.08984375 0.7553711 0.08984375 0.6489258 0.1259765 0.7553711 0.1259765 0.6489258 0.161621 0.7553711 0.1259765 0.6489258 0.1259765 0.7553711 0.1259765 0.6489258 0.161621 0.7553711 0.161621 0.6489258 0.1977539 0.7553711 0.161621 0.6489258 0.161621 0.7553711 0.161621 0.6489258 0.1977539 0.7553711 0.1977539 0.6489258 0.2333984 0.7553711 0.1977539 0.6489258 0.1977539 0.7553711 0.1977539 0.6489258 0.2333984 0.7553711 0.2333984 0.6489258 0.2695313 0.7553711 0.2333984 0.6489258 0.2333984 0.7553711 0.2333984 0.6489258 0.2695313 0.7553711 0.2695313 0.6489258 0.3051758 0.7553711 0.2695313 0.6489258 0.2695313 0.7553711 0.2695313 0.6489258 0.3051758 0.7553711 0.3051758 0.7553711 0.3051758 0.6489258 0.3051758 0.7553711 0.3413086 0.6489258 0.3413086 0.7553711 0.3413086 0.6489258 0.3051758 0.7553711 0.3413086 0.6489258 0.3413086 0.7553711 0.3769531 0.6489258 0.3769531 0.7553711 0.3769531 0.6489258 0.3413086 0.7553711 0.3769531 0.6489258 0.3769531 0.7553711 0.4130859 0.6489258 0.4130859 0.7553711 0.4130859 0.6489258 0.3769531 0.7553711 0.4130859 0.6489258 0.4130859 0.7553711 0.4492188 0.6489258 0.4492188 0.7553711 0.4492188 0.6489258 0.4130859 0.6186524 0.05419921 0.6489258 0.0180664 0.6186524 0.0180664 0.6489258 0.0180664 0.6186524 0.05419921 0.6489258 0.05419921 0.6186524 0.08984375 0.6489258 0.05419921 0.6186524 0.05419921 0.6489258 0.05419921 0.6186524 0.08984375 0.6489258 0.08984375 0.6489258 0.08984375 0.6186524 0.08984375 0.6489258 0.1259765 0.6186524 0.1259765 0.6489258 0.1259765 0.6186524 0.08984375 0.6489258 0.1259765 0.6186524 0.1259765 0.6489258 0.161621 0.6186524 0.161621 0.6489258 0.161621 0.6186524 0.1259765 0.6489258 0.161621 0.6186524 0.161621 0.6489258 0.1977539 0.6186524 0.1977539 0.6489258 0.1977539 0.6186524 0.161621 0.6489258 0.1977539 0.6186524 0.1977539 0.6489258 0.2333984 0.6186524 0.2333984 0.6489258 0.2333984 0.6186524 0.1977539 0.6489258 0.2333984 0.6186524 0.2333984 0.6489258 0.2695313 0.6186524 0.2695313 0.6489258 0.2695313 0.6186524 0.2333984 0.6489258 0.2695313 0.6186524 0.2695313 0.6489258 0.3051758 0.6186524 0.3051758 0.6489258 0.3051758 0.6186524 0.2695313 0.6186524 0.3413086 0.6489258 0.3051758 0.6186524 0.3051758 0.6489258 0.3051758 0.6186524 0.3413086 0.6489258 0.3413086 0.6186524 0.3769531 0.6489258 0.3413086 0.6186524 0.3413086 0.6489258 0.3413086 0.6186524 0.3769531 0.6489258 0.3769531 0.6186524 0.4130859 0.6489258 0.3769531 0.6186524 0.3769531 0.6489258 0.3769531 0.6186524 0.4130859 0.6489258 0.4130859 0.6186524 0.4492188 0.6489258 0.4130859 0.6186524 0.4130859 0.6489258 0.4130859 0.6186524 0.4492188 0.6489258 0.4492188 0.6308594 0.5073242 0.6357422 0.5009766 0.6357422 0.5073242 0.6308594 0.5039063 0.6357422 0.5009766 0.6308594 0.5073242 0.6357422 0.5009766 0.6308594 0.5039063 0.6347656 0.4951172 0.6303711 0.5002442 0.6347656 0.4951172 0.6308594 0.5039063 0.6347656 0.4951172 0.6303711 0.5002442 0.6337891 0.4892578 0.6298828 0.4970703 0.6337891 0.4892578 0.6303711 0.5002442 0.6337891 0.4892578 0.6298828 0.4970703 0.6328125 0.484375 0.6293945 0.4941406 0.6328125 0.484375 0.6298828 0.4970703 0.6328125 0.484375 0.6293945 0.4941406 0.6308594 0.4804688 0.628418 0.4921875 0.6308594 0.4804688 0.6293945 0.4941406 0.6308594 0.4804688 0.628418 0.4921875 0.6289063 0.4775391 0.6269531 0.4902344 0.6289063 0.4775391 0.628418 0.4921875 0.6289063 0.4775391 0.6269531 0.4902344 0.6269531 0.4755859 0.6259766 0.4892578 0.6269531 0.4755859 0.6269531 0.4902344 0.6269531 0.4755859 0.6259766 0.4892578 0.6245117 0.4746094 0.6245117 0.4887695 0.6245117 0.4746094 0.6259766 0.4892578 0.6245117 0.4746094 0.6245117 0.4887695 0.6225586 0.4755859 0.6235352 0.4892578 0.6225586 0.4755859 0.6245117 0.4887695 0.6225586 0.4755859 0.6235352 0.4892578 0.6206055 0.4775391 0.6225586 0.4902344 0.6206055 0.4775391 0.6235352 0.4892578 0.6206055 0.4775391 0.6225586 0.4902344 0.6186524 0.4804688 0.6210938 0.4921875 0.6186524 0.4804688 0.6225586 0.4902344 0.6186524 0.4804688 0.6210938 0.4921875 0.6166992 0.484375 0.6201172 0.4941406 0.6166992 0.484375 0.6210938 0.4921875 0.6166992 0.484375 0.6201172 0.4941406 0.6157227 0.4892578 0.6196289 0.4970703 0.6157227 0.4892578 0.6201172 0.4941406 0.6157227 0.4892578 0.6196289 0.4970703 0.6142578 0.4951172 0.6191406 0.5002442 0.6142578 0.4951172 0.6196289 0.4970703 0.6142578 0.4951172 0.6191406 0.5002442 0.6137695 0.5009766 0.6186524 0.5039063 0.6137695 0.5009766 0.6191406 0.5002442 0.6137695 0.5009766 0.6186524 0.5039063 0.6137695 0.5073242 0.6186524 0.5073242 0.6137695 0.5073242 0.6186524 0.5039063 0.6137695 0.5073242 0.6186524 0.5073242 0.6137695 0.5136719 0.6186524 0.5109863 0.6137695 0.5136719 0.6186524 0.5073242 0.6137695 0.5136719 0.6186524 0.5109863 0.6142578 0.5197754 0.6191406 0.5144043 0.6142578 0.5197754 0.6186524 0.5109863 0.6142578 0.5197754 0.6191406 0.5144043 0.6157227 0.5253906 0.6196289 0.5175781 0.6157227 0.5253906 0.6191406 0.5144043 0.6157227 0.5253906 0.6196289 0.5175781 0.6166992 0.5305176 0.6201172 0.5205078 0.6166992 0.5305176 0.6196289 0.5175781 0.6166992 0.5305176 0.6201172 0.5205078 0.6186524 0.5344238 0.6210938 0.5227051 0.6186524 0.5344238 0.6201172 0.5205078 0.6186524 0.5344238 0.6210938 0.5227051 0.6206055 0.5373535 0.6225586 0.5244141 0.6206055 0.5373535 0.6210938 0.5227051 0.6206055 0.5373535 0.6225586 0.5244141 0.6225586 0.5393067 0.6235352 0.5253906 0.6225586 0.5393067 0.6225586 0.5244141 0.6225586 0.5393067 0.6235352 0.5253906 0.6245117 0.5400391 0.6245117 0.5258789 0.6245117 0.5400391 0.6235352 0.5253906 0.6245117 0.5400391 0.6245117 0.5258789 0.6269531 0.5393067 0.6259766 0.5253906 0.6269531 0.5393067 0.6245117 0.5258789 0.6269531 0.5393067 0.6259766 0.5253906 0.6289063 0.5373535 0.6269531 0.5244141 0.6289063 0.5373535 0.6259766 0.5253906 0.6289063 0.5373535 0.6269531 0.5244141 0.6308594 0.5344238 0.628418 0.5227051 0.6308594 0.5344238 0.6269531 0.5244141 0.6308594 0.5344238 0.628418 0.5227051 0.6328125 0.5305176 0.6293945 0.5205078 0.6328125 0.5305176 0.628418 0.5227051 0.6328125 0.5305176 0.6293945 0.5205078 0.6337891 0.5253906 0.6298828 0.5175781 0.6337891 0.5253906 0.6293945 0.5205078 0.6337891 0.5253906 0.6298828 0.5175781 0.6347656 0.5197754 0.6303711 0.5144043 0.6347656 0.5197754 0.6298828 0.5175781 0.6347656 0.5197754 0.6303711 0.5144043 0.6357422 0.5136719 0.6308594 0.5109863 0.6357422 0.5136719 0.6303711 0.5144043 0.6357422 0.5136719 0.6308594 0.5109863 0.6357422 0.5073242 0.6357422 0.5073242 0.6308594 0.5109863 0.6308594 0.5073242 0.6245117 0.5073242 0.6308594 0.5073242 0.6308594 0.5109863 0.6308594 0.5073242 0.6245117 0.5073242 0.6308594 0.5039063 0.6308594 0.5039063 0.6245117 0.5073242 0.6303711 0.5002442 0.6303711 0.5002442 0.6245117 0.5073242 0.6298828 0.4970703 0.6298828 0.4970703 0.6245117 0.5073242 0.6293945 0.4941406 0.6293945 0.4941406 0.6245117 0.5073242 0.628418 0.4921875 0.628418 0.4921875 0.6245117 0.5073242 0.6269531 0.4902344 0.6269531 0.4902344 0.6245117 0.5073242 0.6259766 0.4892578 0.6259766 0.4892578 0.6245117 0.5073242 0.6245117 0.4887695 0.6245117 0.4887695 0.6245117 0.5073242 0.6235352 0.4892578 0.6235352 0.4892578 0.6245117 0.5073242 0.6225586 0.4902344 0.6225586 0.4902344 0.6245117 0.5073242 0.6210938 0.4921875 0.6210938 0.4921875 0.6245117 0.5073242 0.6201172 0.4941406 0.6201172 0.4941406 0.6245117 0.5073242 0.6196289 0.4970703 0.6196289 0.4970703 0.6245117 0.5073242 0.6191406 0.5002442 0.6191406 0.5002442 0.6245117 0.5073242 0.6186524 0.5039063 0.6186524 0.5039063 0.6245117 0.5073242 0.6186524 0.5073242 0.6186524 0.5073242 0.6245117 0.5073242 0.6186524 0.5109863 0.6186524 0.5109863 0.6245117 0.5073242 0.6191406 0.5144043 0.6191406 0.5144043 0.6245117 0.5073242 0.6196289 0.5175781 0.6196289 0.5175781 0.6245117 0.5073242 0.6201172 0.5205078 0.6201172 0.5205078 0.6245117 0.5073242 0.6210938 0.5227051 0.6210938 0.5227051 0.6245117 0.5073242 0.6225586 0.5244141 0.6225586 0.5244141 0.6245117 0.5073242 0.6235352 0.5253906 0.6235352 0.5253906 0.6245117 0.5073242 0.6245117 0.5258789 0.6245117 0.5258789 0.6245117 0.5073242 0.6259766 0.5253906 0.6259766 0.5253906 0.6245117 0.5073242 0.6269531 0.5244141 0.6269531 0.5244141 0.6245117 0.5073242 0.628418 0.5227051 0.628418 0.5227051 0.6245117 0.5073242 0.6293945 0.5205078 0.6293945 0.5205078 0.6245117 0.5073242 0.6298828 0.5175781 0.6298828 0.5175781 0.6245117 0.5073242 0.6303711 0.5144043 0.6308594 0.5109863 0.6303711 0.5144043 0.6245117 0.5073242</float_array>
          <technique_common>
            <accessor source="#xsky_obj_timering_mesh-mesh-map-0-array" count="8277" stride="2">
              <param name="S" type="float"/>
              <param name="T" type="float"/>
            </accessor>
          </technique_common>
        </source>
        <source id="xsky_obj_timering_mesh-mesh-map-1">
          <float_array id="xsky_obj_timering_mesh-mesh-map-1-array" count="16554">0 1 0 1 0 1 0 1 0 1 0 1 0 1 0 1 0 1 0 1 0 1 0 1 0 1 0 1 0 1 0 1 0 1 0 1 0 1 0 1 0 1 0 1 0 1 0 1 0 1 0 1 0 1 0 1 0 1 0 1 0 1 0 1 0 1 0 1 0 1 0 1 0 1 0 1 0 1 0 1 0 1 0 1 0 1 0 1 0 1 0 1 0 1 0 1 0 1 0 1 0 1 0 1 0 1 0 1 0 1 0 1 0 1 0 1 0 1 0 1 0 1 0 1 0 1 0 1 0 1 0 1 0 1 0 1 0 1 0 1 0 1 0 1 0 1 0 1 0 1 0 1 0 1 0 1 0 1 0 1 0 1 0 1 0 1 0 1 0 1 0 1 0 1 0 1 0 1 0 1 0 1 0 1 0 1 0 1 0 1 0 1 0 1 0 1 0 1 0 1 0 1 0 1 0 1 0 1 0 1 0 1 0 1 0 1 0 1 0 1 0 1 0 1 0 1 0 1 0 1 0 1 0 1 0 1 0 1 0 1 0 1 0 1 0 1 0 1 0 1 0 1 0 1 0 1 0 1 0 1 0 1 0 1 0 1 0 1 0 1 0 1 0 1 0 1 0 1 0 1 0 1 0 1 0 1 0 1 0 1 0 1 0 1 0 1 0 1 0 1 0 1 0 1 0 1 0 1 0 1 0 1 0 1 0 1 0 1 0 1 0 1 0 1 0 1 0 1 0 1 0 1 0 1 0 1 0 1 0 1 0 1 0 1 0 1 0 1 0 1 0 1 0 1 0 1 0 1 0 1 0 1 0 1 0 1 0 1 0 1 0 1 0 1 0 1 0 1 0 1 0 1 0 1 0 1 0 1 0 1 0 1 0 1 0 1 0 1 0 1 0 1 0 1 0 1 0 1 0 1 0 1 0 1 0 1 0 1 0 1 0 1 0 1 0 1 0 1 0 1 0 1 0 1 0 1 0 1 0 1 0 1 0 1 0 1 0 1 0 1 0 1 0 1 0 1 0 1 0 1 0 1 0 1 0 1 0 1 0 1 0 1 0 1 0 1 0 1 0 1 0 1 0 1 0 1 0 1 0 1 0 1 0 1 0 1 0 1 0 1 0 1 0 1 0 1 0 1 0 1 0 1 0 1 0 1 0 1 0 1 0 1 0 1 0 1 0 1 0 1 0 1 0 1 0 1 0 1 0 1 0 1 0 1 0 1 0 1 0 1 0 1 0 1 0 1 0 1 0 1 0 1 0 1 0 1 0 1 0 1 0 1 0 1 0 1 0 1 0 1 0 1 0 1 0 1 0 1 0 1 0 1 0 1 0 1 0 1 0 1 0 1 0 1 0 1 0 1 0 1 0 1 0 1 0 1 0 1 0 1 0 1 0 1 0 1 0 1 0 1 0 1 0 1 0 1 0 1 0 1 0 1 0 1 0 1 0 1 0 1 0 1 0 1 0 1 0 1 0 1 0 1 0 1 0 1 0 1 0 1 0 1 0 1 0 1 0 1 0 1 0 1 0 1 0 1 0 1 0 1 0 1 0 1 0 1 0 1 0 1 0 1 0 1 0 1 0 1 0 1 0 1 0 1 0 1 0 1 0 1 0 1 0 1 0 1 0 1 0 1 0 1 0 1 0 1 0 1 0 1 0 1 0 1 0 1 0 1 0 1 0 1 0 1 0 1 0 1 0 1 0 1 0 1 0 1 0 1 0 1 0 1 0 1 0 1 0 1 0 1 0 1 0 1 0 1 0 1 0 1 0 1 0 1 0 1 0 1 0 1 0 1 0 1 0 1 0 1 0 1 0 1 0 1 0 1 0 1 0 1 0 1 0 1 0 1 0 1 0 1 0 1 0 1 0 1 0 1 0 1 0 1 0 1 0 1 0 1 0 1 0 1 0 1 0 1 0 1 0 1 0 1 0 1 0 1 0 1 0 1 0 1 0 1 0 1 0 1 0 1 0 1 0 1 0 1 0 1 0 1 0 1 0 1 0 1 0 1 0 1 0 1 0 1 0 1 0 1 0 1 0 1 0 1 0 1 0 1 0 1 0 1 0 1 0 1 0 1 0 1 0 1 0 1 0 1 0 1 0 1 0 1 0 1 0 1 0 1 0 1 0 1 0 1 0 1 0 1 0 1 0 1 0 1 0 1 0 1 0 1 0 1 0 1 0 1 0 1 0 1 0 1 0 1 0 1 0 1 0 1 0 1 0 1 0 1 0 1 0 1 0 1 0 1 0 1 0 1 0 1 0 1 0 1 0 1 0 1 0 1 0 1 0 1 0 1 0 1 0 1 0 1 0 1 0 1 0 1 0 1 0 1 0 1 0 1 0 1 0 1 0 1 0 1 0 1 0 1 0 1 0 1 0 1 0 1 0 1 0 1 0 1 0 1 0 1 0 1 0 1 0 1 0 1 0 1 0 1 0 1 0 1 0 1 0 1 0 1 0 1 0 1 0 1 0 1 0 1 0 1 0 1 0 1 0 1 0 1 0 1 0 1 0 1 0 1 0 1 0 1 0 1 0 1 0 1 0 1 0 1 0 1 0 1 0 1 0 1 0 1 0 1 0 1 0 1 0 1 0 1 0 1 0 1 0 1 0 1 0 1 0 1 0 1 0 1 0 1 0 1 0 1 0 1 0 1 0 1 0 1 0 1 0 1 0 1 0 1 0 1 0 1 0 1 0 1 0 1 0 1 0 1 0 1 0 1 0 1 0 1 0 1 0 1 0 1 0 1 0 1 0 1 0 1 0 1 0 1 0 1 0 1 0 1 0 1 0 1 0 1 0 1 0 1 0 1 0 1 0 1 0 1 0 1 0 1 0 1 0 1 0 1 0 1 0 1 0 1 0 1 0 1 0 1 0 1 0 1 0 1 0 1 0 1 0 1 0 1 0 1 0 1 0 1 0 1 0 1 0 1 0 1 0 1 0 1 0 1 0 1 0 1 0 1 0 1 0 1 0 1 0 1 0 1 0 1 0 1 0 1 0 1 0 1 0 1 0 1 0 1 0 1 0 1 0 1 0 1 0 1 0 1 0 1 0 1 0 1 0 1 0 1 0 1 0 1 0 1 0 1 0 1 0 1 0 1 0 1 0 1 0 1 0 1 0 1 0 1 0 1 0 1 0 1 0 1 0 1 0 1 0 1 0 1 0 1 0 1 0 1 0 1 0 1 0 1 0 1 0 1 0 1 0 1 0 1 0 1 0 1 0 1 0 1 0 1 0 1 0 1 0 1 0 1 0 1 0 1 0 1 0 1 0 1 0 1 0 1 0 1 0 1 0 1 0 1 0 1 0 1 0 1 0 1 0 1 0 1 0 1 0 1 0 1 0 1 0 1 0 1 0 1 0 1 0 1 0 1 0 1 0 1 0 1 0 1 0 1 0 1 0 1 0 1 0 1 0 1 0 1 0 1 0 1 0 1 0 1 0 1 0 1 0 1 0 1 0 1 0 1 0 1 0 1 0 1 0 1 0 1 0 1 0 1 0 1 0 1 0 1 0 1 0 1 0 1 0 1 0 1 0 1 0 1 0 1 0 1 0 1 0 1 0 1 0 1 0 1 0 1 0 1 0 1 0 1 0 1 0 1 0 1 0 1 0 1 0 1 0 1 0 1 0 1 0 1 0 1 0 1 0 1 0 1 0 1 0 1 0 1 0 1 0 1 0 1 0 1 0 1 0 1 0 1 0 1 0 1 0 1 0 1 0 1 0 1 0 1 0 1 0 1 0 1 0 1 0 1 0 1 0 1 0 1 0 1 0 1 0 1 0 1 0 1 0 1 0 1 0 1 0 1 0 1 0 1 0 1 0 1 0 1 0 1 0 1 0 1 0 1 0 1 0 1 0 1 0 1 0 1 0 1 0 1 0 1 0 1 0 1 0 1 0 1 0 1 0 1 0 1 0 1 0 1 0 1 0 1 0 1 0 1 0 1 0 1 0 1 0 1 0 1 0 1 0 1 0 1 0 1 0 1 0 1 0 1 0 1 0 1 0 1 0 1 0 1 0 1 0 1 0 1 0 1 0 1 0 1 0 1 0 1 0 1 0 1 0 1 0 1 0 1 0 1 0 1 0 1 0 1 0 1 0 1 0 1 0 1 0 1 0 1 0 1 0 1 0 1 0 1 0 1 0 1 0 1 0 1 0 1 0 1 0 1 0 1 0 1 0 1 0 1 0 1 0 1 0 1 0 1 0 1 0 1 0 1 0 1 0 1 0 1 0 1 0 1 0 1 0 1 0 1 0 1 0 1 0 1 0 1 0 1 0 1 0 1 0 1 0 1 0 1 0 1 0 1 0 1 0 1 0 1 0 1 0 1 0 1 0 1 0 1 0 1 0 1 0 1 0 1 0 1 0 1 0 1 0 1 0 1 0 1 0 1 0 1 0 1 0 1 0 1 0 1 0 1 0 1 0 1 0 1 0 1 0 1 0 1 0 1 0 1 0 1 0 1 0 1 0 1 0 1 0 1 0 1 0 1 0 1 0 1 0 1 0 1 0 1 0 1 0 1 0 1 0 1 0 1 0 1 0 1 0 1 0 1 0 1 0 1 0 1 0 1 0 1 0 1 0 1 0 1 0 1 0 1 0 1 0 1 0 1 0 1 0 1 0 1 0 1 0 1 0 1 0 1 0 1 0 1 0 1 0 1 0 1 0 1 0 1 0 1 0 1 0 1 0 1 0 1 0 1 0 1 0 1 0 1 0 1 0 1 0 1 0 1 0 1 0 1 0 1 0 1 0 1 0 1 0 1 0 1 0 1 0 1 0 1 0 1 0 1 0 1 0 1 0 1 0 1 0 1 0 1 0 1 0 1 0 1 0 1 0 1 0 1 0 1 0 1 0 1 0 1 0 1 0 1 0 1 0 1 0 1 0 1 0 1 0 1 0 1 0 1 0 1 0 1 0 1 0 1 0 1 0 1 0 1 0 1 0 1 0 1 0 1 0 1 0 1 0 1 0 1 0 1 0 1 0 1 0 1 0 1 0 1 0 1 0 1 0 1 0 1 0 1 0 1 0 1 0 1 0 1 0 1 0 1 0 1 0 1 0 1 0 1 0 1 0 1 0 1 0 1 0 1 0 1 0 1 0 1 0 1 0 1 0 1 0 1 0 1 0 1 0 1 0 1 0 1 0 1 0 1 0 1 0 1 0 1 0 1 0 1 0 1 0 1 0 1 0 1 0 1 0 1 0 1 0 1 0 1 0 1 0 1 0 1 0 1 0 1 0 1 0 1 0 1 0 1 0 1 0 1 0 1 0 1 0 1 0 1 0 1 0 1 0 1 0 1 0 1 0 1 0 1 0 1 0 1 0 1 0 1 0 1 0 1 0 1 0 1 0 1 0 1 0 1 0 1 0 1 0 1 0 1 0 1 0 1 0 1 0 1 0 1 0 1 0 1 0 1 0 1 0 1 0 1 0 1 0 1 0 1 0 1 0 1 0 1 0 1 0 1 0 1 0 1 0 1 0 1 0 1 0 1 0 1 0 1 0 1 0 1 0 1 0 1 0 1 0 1 0 1 0 1 0 1 0 1 0 1 0 1 0 1 0 1 0 1 0 1 0 1 0 1 0 1 0 1 0 1 0 1 0 1 0 1 0 1 0 1 0 1 0 1 0 1 0 1 0 1 0 1 0 1 0 1 0 1 0 1 0 1 0 1 0 1 0 1 0 1 0 1 0 1 0 1 0 1 0 1 0 1 0 1 0 1 0 1 0 1 0 1 0 1 0 1 0 1 0 1 0 1 0 1 0 1 0 1 0 1 0 1 0 1 0 1 0 1 0 1 0 1 0 1 0 1 0 1 0 1 0 1 0 1 0 1 0 1 0 1 0 1 0 1 0 1 0 1 0 1 0 1 0 1 0 1 0 1 0 1 0 1 0 1 0 1 0 1 0 1 0 1 0 1 0 1 0 1 0 1 0 1 0 1 0 1 0 1 0 1 0 1 0 1 0 1 0 1 0 1 0 1 0 1 0 1 0 1 0 1 0 1 0 1 0 1 0 1 0 1 0 1 0 1 0 1 0 1 0 1 0 1 0 1 0 1 0 1 0 1 0 1 0 1 0 1 0 1 0 1 0 1 0 1 0 1 0 1 0 1 0 1 0 1 0 1 0 1 0 1 0 1 0 1 0 1 0 1 0 1 0 1 0 1 0 1 0 1 0 1 0 1 0 1 0 1 0 1 0 1 0 1 0 1 0 1 0 1 0 1 0 1 0 1 0 1 0 1 0 1 0 1 0 1 0 1 0 1 0 1 0 1 0 1 0 1 0 1 0 1 0 1 0 1 0 1 0 1 0 1 0 1 0 1 0 1 0 1 0 1 0 1 0 1 0 1 0 1 0 1 0 1 0 1 0 1 0 1 0 1 0 1 0 1 0 1 0 1 0 1 0 1 0 1 0 1 0 1 0 1 0 1 0 1 0 1 0 1 0 1 0 1 0 1 0 1 0 1 0 1 0 1 0 1 0 1 0 1 0 1 0 1 0 1 0 1 0 1 0 1 0 1 0 1 0 1 0 1 0 1 0 1 0 1 0 1 0 1 0 1 0 1 0 1 0 1 0 1 0 1 0 1 0 1 0 1 0 1 0 1 0 1 0 1 0 1 0 1 0 1 0 1 0 1 0 1 0 1 0 1 0 1 0 1 0 1 0 1 0 1 0 1 0 1 0 1 0 1 0 1 0 1 0 1 0 1 0 1 0 1 0 1 0 1 0 1 0 1 0 1 0 1 0 1 0 1 0 1 0 1 0 1 0 1 0 1 0 1 0 1 0 1 0 1 0 1 0 1 0 1 0 1 0 1 0 1 0 1 0 1 0 1 0 1 0 1 0 1 0 1 0 1 0 1 0 1 0 1 0 1 0 1 0 1 0 1 0 1 0 1 0 1 0 1 0 1 0 1 0 1 0 1 0 1 0 1 0 1 0 1 0 1 0 1 0 1 0 1 0 1 0 1 0 1 0 1 0 1 0 1 0 1 0 1 0 1 0 1 0 1 0 1 0 1 0 1 0 1 0 1 0 1 0 1 0 1 0 1 0 1 0 1 0 1 0 1 0 1 0 1 0 1 0 1 0 1 0 1 0 1 0 1 0 1 0 1 0 1 0 1 0 1 0 1 0 1 0 1 0 1 0 1 0 1 0 1 0 1 0 1 0 1 0 1 0 1 0 1 0 1 0 1 0 1 0 1 0 1 0 1 0 1 0 1 0 1 0 1 0 1 0 1 0 1 0 1 0 1 0 1 0 1 0 1 0 1 0 1 0 1 0 1 0 1 0 1 0 1 0 1 0 1 0 1 0 1 0 1 0 1 0 1 0 1 0 1 0 1 0 1 0 1 0 1 0 1 0 1 0 1 0 1 0 1 0 1 0 1 0 1 0 1 0 1 0 1 0 1 0 1 0 1 0 1 0 1 0 1 0 1 0 1 0 1 0 1 0 1 0 1 0 1 0 1 0 1 0 1 0 1 0 1 0 1 0 1 0 1 0 1 0 1 0 1 0 1 0 1 0 1 0 1 0 1 0 1 0 1 0 1 0 1 0 1 0 1 0 1 0 1 0 1 0 1 0 1 0 1 0 1 0 1 0 1 0 1 0 1 0 1 0 1 0 1 0 1 0 1 0 1 0 1 0 1 0 1 0 1 0 1 0 1 0 1 0 1 0 1 0 1 0 1 0 1 0 1 0 1 0 1 0 1 0 1 0 1 0 1 0 1 0 1 0 1 0 1 0 1 0 1 0 1 0 1 0 1 0 1 0 1 0 1 0 1 0 1 0 1 0 1 0 1 0 1 0 1 0 1 0 1 0 1 0 1 0 1 0 1 0 1 0 1 0 1 0 1 0 1 0 1 0 1 0 1 0 1 0 1 0 1 0 1 0 1 0 1 0 1 0 1 0 1 0 1 0 1 0 1 0 1 0 1 0 1 0 1 0 1 0 1 0 1 0 1 0 1 0 1 0 1 0 1 0 1 0 1 0 1 0 1 0 1 0 1 0 1 0 1 0 1 0 1 0 1 0 1 0 1 0 1 0 1 0 1 0 1 0 1 0 1 0 1 0 1 0 1 0 1 0 1 0 1 0 1 0 1 0 1 0 1 0 1 0 1 0 1 0 1 0 1 0 1 0 1 0 1 0 1 0 1 0 1 0 1 0 1 0 1 0 1 0 1 0 1 0 1 0 1 0 1 0 1 0 1 0 1 0 1 0 1 0 1 0 1 0 1 0 1 0 1 0 1 0 1 0 1 0 1 0 1 0 1 0 1 0 1 0 1 0 1 0 1 0 1 0 1 0 1 0 1 0 1 0 1 0 1 0 1 0 1 0 1 0 1 0 1 0 1 0 1 0 1 0 1 0 1 0 1 0 1 0 1 0 1 0 1 0 1 0 1 0 1 0 1 0 1 0 1 0 1 0 1 0 1 0 1 0 1 0 1 0 1 0 1 0 1 0 1 0 1 0 1 0 1 0 1 0 1 0 1 0 1 0 1 0 1 0 1 0 1 0 1 0 1 0 1 0 1 0 1 0 1 0 1 0 1 0 1 0 1 0 1 0 1 0 1 0 1 0 1 0 1 0 1 0 1 0 1 0 1 0 1 0 1 0 1 0 1 0 1 0 1 0 1 0 1 0 1 0 1 0 1 0 1 0 1 0 1 0 1 0 1 0 1 0 1 0 1 0 1 0 1 0 1 0 1 0 1 0 1 0 1 0 1 0 1 0 1 0 1 0 1 0 1 0 1 0 1 0 1 0 1 0 1 0 1 0 1 0 1 0 1 0 1 0 1 0 1 0 1 0 1 0 1 0 1 0 1 0 1 0 1 0 1 0 1 0 1 0 1 0 1 0 1 0 1 0 1 0 1 0 1 0 1 0 1 0 1 0 1 0 1 0 1 0 1 0 1 0 1 0 1 0 1 0 1 0 1 0 1 0 1 0 1 0 1 0 1 0 1 0 1 0 1 0 1 0 1 0 1 0 1 0 1 0 1 0 1 0 1 0 1 0 1 0 1 0 1 0 1 0 1 0 1 0 1 0 1 0 1 0 1 0 1 0 1 0 1 0 1 0 1 0 1 0 1 0 1 0 1 0 1 0 1 0 1 0 1 0 1 0 1 0 1 0 1 0 1 0 1 0 1 0 1 0 1 0 1 0 1 0 1 0 1 0 1 0 1 0 1 0 1 0 1 0 1 0 1 0 1 0 1 0 1 0 1 0 1 0 1 0 1 0 1 0 1 0 1 0 1 0 1 0 1 0 1 0 1 0 1 0 1 0 1 0 1 0 1 0 1 0 1 0 1 0 1 0 1 0 1 0 1 0 1 0 1 0 1 0 1 0 1 0 1 0 1 0 1 0 1 0 1 0 1 0 1 0 1 0 1 0 1 0 1 0 1 0 1 0 1 0 1 0 1 0 1 0 1 0 1 0 1 0 1 0 1 0 1 0 1 0 1 0 1 0 1 0 1 0 1 0 1 0 1 0 1 0 1 0 1 0 1 0 1 0 1 0 1 0 1 0 1 0 1 0 1 0 1 0 1 0 1 0 1 0 1 0 1 0 1 0 1 0 1 0 1 0 1 0 1 0 1 0 1 0 1 0 1 0 1 0 1 0 1 0 1 0 1 0 1 0 1 0 1 0 1 0 1 0 1 0 1 0 1 0 1 0 1 0 1 0 1 0 1 0 1 0 1 0 1 0 1 0 1 0 1 0 1 0 1 0 1 0 1 0 1 0 1 0 1 0 1 0 1 0 1 0 1 0 1 0 1 0 1 0 1 0 1 0 1 0 1 0 1 0 1 0 1 0 1 0 1 0 1 0 1 0 1 0 1 0 1 0 1 0 1 0 1 0 1 0 1 0 1 0 1 0 1 0 1 0 1 0 1 0 1 0 1 0 1 0 1 0 1 0 1 0 1 0 1 0 1 0 1 0 1 0 1 0 1 0 1 0 1 0 1 0 1 0 1 0 1 0 1 0 1 0 1 0 1 0 1 0 1 0 1 0 1 0 1 0 1 0 1 0 1 0 1 0 1 0 1 0 1 0 1 0 1 0 1 0 1 0 1 0 1 0 1 0 1 0 1 0 1 0 1 0 1 0 1 0 1 0 1 0 1 0 1 0 1 0 1 0 1 0 1 0 1 0 1 0 1 0 1 0 1 0 1 0 1 0 1 0 1 0 1 0 1 0 1 0 1 0 1 0 1 0 1 0 1 0 1 0 1 0 1 0 1 0 1 0 1 0 1 0 1 0 1 0 1 0 1 0 1 0 1 0 1 0 1 0 1 0 1 0 1 0 1 0 1 0 1 0 1 0 1 0 1 0 1 0 1 0 1 0 1 0 1 0 1 0 1 0 1 0 1 0 1 0 1 0 1 0 1 0 1 0 1 0 1 0 1 0 1 0 1 0 1 0 1 0 1 0 1 0 1 0 1 0 1 0 1 0 1 0 1 0 1 0 1 0 1 0 1 0 1 0 1 0 1 0 1 0 1 0 1 0 1 0 1 0 1 0 1 0 1 0 1 0 1 0 1 0 1 0 1 0 1 0 1 0 1 0 1 0 1 0 1 0 1 0 1 0 1 0 1 0 1 0 1 0 1 0 1 0 1 0 1 0 1 0 1 0 1 0 1 0 1 0 1 0 1 0 1 0 1 0 1 0 1 0 1 0 1 0 1 0 1 0 1 0 1 0 1 0 1 0 1 0 1 0 1 0 1 0 1 0 1 0 1 0 1 0 1 0 1 0 1 0 1 0 1 0 1 0 1 0 1 0 1 0 1 0 1 0 1 0 1 0 1 0 1 0 1 0 1 0 1 0 1 0 1 0 1 0 1 0 1 0 1 0 1 0 1 0 1 0 1 0 1 0 1 0 1 0 1 0 1 0 1 0 1 0 1 0 1 0 1 0 1 0 1 0 1 0 1 0 1 0 1 0 1 0 1 0 1 0 1 0 1 0 1 0 1 0 1 0 1 0 1 0 1 0 1 0 1 0 1 0 1 0 1 0 1 0 1 0 1 0 1 0 1 0 1 0 1 0 1 0 1 0 1 0 1 0 1 0 1 0 1 0 1 0 1 0 1 0 1 0 1 0 1 0 1 0 1 0 1 0 1 0 1 0 1 0 1 0 1 0 1 0 1 0 1 0 1 0 1 0 1 0 1 0 1 0 1 0 1 0 1 0 1 0 1 0 1 0 1 0 1 0 1 0 1 0 1 0 1 0 1 0 1 0 1 0 1 0 1 0 1 0 1 0 1 0 1 0 1 0 1 0 1 0 1 0 1 0 1 0 1 0 1 0 1 0 1 0 1 0 1 0 1 0 1 0 1 0 1 0 1 0 1 0 1 0 1 0 1 0 1 0 1 0 1 0 1 0 1 0 1 0 1 0 1 0 1 0 1 0 1 0 1 0 1 0 1 0 1 0 1 0 1 0 1 0 1 0 1 0 1 0 1 0 1 0 1 0 1 0 1 0 1 0 1 0 1 0 1 0 1 0 1 0 1 0 1 0 1 0 1 0 1 0 1 0 1 0 1 0 1 0 1 0 1 0 1 0 1 0 1 0 1 0 1 0 1 0 1 0 1 0 1 0 1 0 1 0 1 0 1 0 1 0 1 0 1 0 1 0 1 0 1 0 1 0 1 0 1 0 1 0 1 0 1 0 1 0 1 0 1 0 1 0 1 0 1 0 1 0 1 0 1 0 1 0 1 0 1 0 1 0 1 0 1 0 1 0 1 0 1 0 1 0 1 0 1 0 1 0 1 0 1 0 1 0 1 0 1 0 1 0 1 0 1 0 1 0 1 0 1 0 1 0 1 0 1 0 1 0 1 0 1 0 1 0 1 0 1 0 1 0 1 0 1 0 1 0 1 0 1 0 1 0 1 0 1 0 1 0 1 0 1 0 1 0 1 0 1 0 1 0 1 0 1 0 1 0 1 0 1 0 1 0 1 0 1 0 1 0 1 0 1 0 1 0 1 0 1 0 1 0 1 0 1 0 1 0 1 0 1 0 1 0 1 0 1 0 1 0 1 0 1 0 1 0 1 0 1 0 1 0 1 0 1 0 1 0 1 0 1 0 1 0 1 0 1 0 1 0 1 0 1 0 1 0 1 0 1 0 1 0 1 0 1 0 1 0 1 0 1 0 1 0 1 0 1 0 1 0 1 0 1 0 1 0 1 0 1 0 1 0 1 0 1 0 1 0 1 0 1 0 1 0 1 0 1 0 1 0 1 0 1 0 1 0 1 0 1 0 1 0 1 0 1 0 1 0 1 0 1 0 1 0 1 0 1 0 1 0 1 0 1 0 1 0 1 0 1 0 1 0 1 0 1 0 1 0 1 0 1 0 1 0 1 0 1 0 1 0 1 0 1 0 1 0 1 0 1 0 1 0 1 0 1 0 1 0 1 0 1 0 1 0 1 0 1 0 1 0 1 0 1 0 1 0 1 0 1 0 1 0 1 0 1 0 1 0 1 0 1 0 1 0 1 0 1 0 1 0 1 0 1 0 1 0 1 0 1 0 1 0 1 0 1 0 1 0 1 0 1 0 1 0 1 0 1 0 1 0 1 0 1 0 1 0 1 0 1 0 1 0 1 0 1 0 1 0 1 0 1 0 1 0 1 0 1 0 1 0 1 0 1 0 1 0 1 0 1 0 1 0 1 0 1 0 1 0 1 0 1 0 1 0 1 0 1 0 1 0 1 0 1 0 1 0 1 0 1 0 1 0 1 0 1 0 1 0 1 0 1 0 1 0 1 0 1 0 1 0 1 0 1 0 1 0 1 0 1 0 1 0 1 0 1 0 1 0 1 0 1 0 1 0 1 0 1 0 1 0 1 0 1 0 1 0 1 0 1 0 1 0 1 0 1 0 1 0 1 0 1 0 1 0 1 0 1 0 1 0 1 0 1 0 1 0 1 0 1 0 1 0 1 0 1 0 1 0 1 0 1 0 1 0 1 0 1 0 1 0 1 0 1 0 1 0 1 0 1 0 1 0 1 0 1 0 1 0 1 0 1 0 1 0 1 0 1 0 1 0 1 0 1 0 1 0 1 0 1 0 1 0 1 0 1 0 1 0 1 0 1 0 1 0 1 0 1 0 1 0 1 0 1 0 1 0 1 0 1 0 1 0 1 0 1 0 1 0 1 0 1 0 1 0 1 0 1 0 1 0 1 0 1 0 1 0 1 0 1 0 1 0 1 0 1 0 1 0 1 0 1 0 1 0 1 0 1 0 1 0 1 0 1 0 1 0 1 0 1 0 1 0 1 0 1 0 1 0 1 0 1 0 1 0 1 0 1 0 1 0 1 0 1 0 1 0 1 0 1 0 1 0 1 0 1 0 1 0 1 0 1 0 1 0 1 0 1 0 1 0 1 0 1 0 1 0 1 0 1 0 1 0 1 0 1 0 1 0 1 0 1 0 1 0 1 0 1 0 1 0 1 0 1 0 1 0 1 0 1 0 1 0 1 0 1 0 1 0 1 0 1 0 1 0 1 0 1 0 1 0 1 0 1 0 1 0 1 0 1 0 1 0 1 0 1 0 1 0 1 0 1 0 1 0 1 0 1 0 1 0 1 0 1 0 1 0 1 0 1 0 1 0 1 0 1 0 1 0 1 0 1 0 1 0 1 0 1 0 1 0 1 0 1 0 1 0 1 0 1 0 1 0 1 0 1 0 1 0 1 0 1 0 1 0 1 0 1 0 1 0 1 0 1 0 1 0 1 0 1 0 1 0 1 0 1 0 1 0 1 0 1 0 1 0 1 0 1 0 1 0 1 0 1 0 1 0 1 0 1 0 1 0 1 0 1 0 1 0 1 0 1 0 1 0 1 0 1 0 1 0 1 0 1 0 1 0 1 0 1 0 1 0 1 0 1 0 1 0 1 0 1 0 1 0 1 0 1 0 1 0 1 0 1 0 1 0 1 0 1 0 1 0 1 0 1 0 1 0 1 0 1 0 1 0 1 0 1 0 1 0 1 0 1 0 1 0 1 0 1 0 1 0 1 0 1 0 1 0 1 0 1 0 1 0 1 0 1 0 1 0 1 0 1 0 1 0 1 0 1 0 1 0 1 0 1 0 1 0 1 0 1 0 1 0 1 0 1 0 1 0 1 0 1 0 1 0 1 0 1 0 1 0 1 0 1 0 1 0 1 0 1 0 1 0 1 0 1 0 1 0 1 0 1 0 1 0 1 0 1 0 1 0 1 0 1 0 1 0 1 0 1 0 1 0 1 0 1 0 1 0 1 0 1 0 1 0 1 0 1 0 1 0 1 0 1 0 1 0 1 0 1 0 1 0 1 0 1 0 1 0 1 0 1 0 1 0 1 0 1 0 1 0 1 0 1 0 1 0 1 0 1 0 1 0 1 0 1 0 1 0 1 0 1 0 1 0 1 0 1 0 1 0 1 0 1 0 1 0 1 0 1 0 1 0 1 0 1 0 1 0 1 0 1 0 1 0 1 0 1 0 1 0 1 0 1 0 1 0 1 0 1 0 1 0 1 0 1 0 1 0 1 0 1 0 1 0 1 0 1 0 1 0 1 0 1 0 1 0 1 0 1 0 1 0 1 0 1 0 1 0 1 0 1 0 1 0 1 0 1 0 1 0 1 0 1 0 1 0 1 0 1 0 1 0 1 0 1 0 1 0 1 0 1 0 1 0 1 0 1 0 1 0 1 0 1 0 1 0 1 0 1 0 1 0 1 0 1 0 1 0 1 0 1 0 1 0 1 0 1 0 1 0 1 0 1 0 1 0 1 0 1 0 1 0 1 0 1 0 1 0 1 0 1 0 1 0 1 0 1 0 1 0 1 0 1 0 1 0 1 0 1 0 1 0 1 0 1 0 1 0 1 0 1 0 1 0 1 0 1 0 1 0 1 0 1 0 1 0 1 0 1 0 1 0 1 0 1 0 1 0 1 0 1 0 1 0 1 0 1 0 1 0 1 0 1 0 1 0 1 0 1 0 1 0 1 0 1 0 1 0 1 0 1 0 1 0 1 0 1 0 1 0 1 0 1 0 1 0 1 0 1 0 1 0 1 0 1 0 1 0 1 0 1 0 1 0 1 0 1 0 1 0 1 0 1 0 1 0 1 0 1 0 1 0 1 0 1 0 1 0 1 0 1 0 1 0 1 0 1 0 1 0 1 0 1 0 1 0 1 0 1 0 1 0 1 0 1 0 1 0 1 0 1 0 1 0 1 0 1 0 1 0 1 0 1 0 1 0 1 0 1 0 1 0 1 0 1 0 1 0 1 0 1 0 1 0 1 0 1 0 1 0 1 0 1 0 1 0 1 0 1 0 1 0 1 0 1 0 1 0 1 0 1 0 1 0 1 0 1 0 1 0 1 0 1 0 1 0 1 0 1 0 1 0 1 0 1 0 1 0 1 0 1 0 1 0 1 0 1 0 1 0 1 0 1 0 1 0 1 0 1 0 1 0 1 0 1 0 1 0 1 0 1 0 1 0 1 0 1 0 1 0 1 0 1 0 1 0 1 0 1 0 1 0 1 0 1 0 1 0 1 0 1 0 1 0 1 0 1 0 1 0 1 0 1 0 1 0 1 0 1 0 1 0 1 0 1 0 1 0 1 0 1 0 1 0 1 0 1 0 1 0 1 0 1 0 1 0 1 0 1 0 1 0 1 0 1 0 1 0 1 0 1 0 1 0 1 0 1 0 1 0 1 0 1 0 1 0 1 0 1 0 1 0 1 0 1 0 1 0 1 0 1 0 1 0 1 0 1 0 1 0 1 0 1 0 1 0 1 0 1 0 1 0 1 0 1 0 1 0 1 0 1 0 1 0 1 0 1 0 1 0 1 0 1 0 1 0 1 0 1 0 1 0 1 0 1 0 1 0 1 0 1 0 1 0 1 0 1 0 1 0 1 0 1 0 1 0 1 0 1 0 1 0 1 0 1 0 1 0 1 0 1 0 1 0 1 0 1 0 1 0 1 0 1 0 1 0 1 0 1 0 1 0 1 0 1 0 1 0 1 0 1 0 1 0 1 0 1 0 1 0 1 0 1 0 1 0 1 0 1 0 1 0 1 0 1 0 1 0 1 0 1 0 1 0 1 0 1 0 1 0 1 0 1 0 1 0 1 0 1 0 1 0 1 0 1 0 1 0 1 0 1 0 1 0 1 0 1 0 1 0 1 0 1 0 1 0 1 0 1 0 1 0 1 0 1 0 1 0 1 0 1 0 1 0 1 0 1 0 1 0 1 0 1 0 1 0 1 0 1 0 1 0 1 0 1 0 1 0 1 0 1 0 1 0 1 0 1 0 1 0 1 0 1 0 1 0 1 0 1 0 1 0 1 0 1 0 1 0 1 0 1 0 1 0 1 0 1 0 1 0 1 0 1 0 1 0 1 0 1 0 1 0 1 0 1 0 1 0 1 0 1 0 1 0 1 0 1 0 1 0 1 0 1 0 1 0 1 0 1 0 1 0 1 0 1 0 1 0 1 0 1 0 1 0 1 0 1 0 1 0 1 0 1 0 1 0 1 0 1 0 1 0 1 0 1 0 1 0 1 0 1 0 1 0 1 0 1 0 1 0 1 0 1 0 1 0 1 0 1 0 1 0 1 0 1 0 1 0 1 0 1 0 1 0 1 0 1 0 1 0 1 0 1 0 1 0 1 0 1 0 1 0 1 0 1 0 1 0 1 0 1 0 1 0 1 0 1 0 1 0 1 0 1 0 1 0 1 0 1 0 1 0 1 0 1 0 1 0 1 0 1 0 1 0 1 0 1 0 1 0 1 0 1 0 1 0 1 0 1 0 1 0 1 0 1 0 1 0 1 0 1 0 1 0 1 0 1 0 1 0 1 0 1 0 1 0 1 0 1 0 1 0 1 0 1 0 1 0 1 0 1 0 1 0 1 0 1 0 1 0 1 0 1 0 1 0 1 0 1 0 1 0 1 0 1 0 1 0 1 0 1 0 1 0 1 0 1 0 1 0 1 0 1 0 1 0 1 0 1 0 1 0 1 0 1 0 1 0 1 0 1 0 1 0 1 0 1 0 1 0 1 0 1 0 1 0 1 0 1 0 1 0 1 0 1 0 1 0 1 0 1 0 1 0 1 0 1 0 1 0 1 0 1 0 1 0 1 0 1 0 1 0 1 0 1 0 1 0 1 0 1 0 1 0 1 0 1 0 1 0 1 0 1 0 1 0 1 0 1 0 1 0 1 0 1 0 1 0 1 0 1 0 1 0 1 0 1 0 1 0 1 0 1 0 1 0 1 0 1 0 1 0 1 0 1 0 1 0 1 0 1 0 1 0 1 0 1 0 1 0 1 0 1 0 1 0 1 0 1 0 1 0 1 0 1 0 1 0 1 0 1 0 1 0 1 0 1 0 1 0 1 0 1 0 1 0 1 0 1 0 1 0 1 0 1 0 1 0 1 0 1 0 1 0 1 0 1 0 1 0 1 0 1 0 1 0 1 0 1 0 1 0 1 0 1 0 1 0 1 0 1 0 1 0 1 0 1 0 1 0 1 0 1 0 1 0 1 0 1 0 1 0 1 0 1 0 1 0 1 0 1 0 1 0 1 0 1 0 1 0 1 0 1 0 1 0 1 0 1 0 1 0 1 0 1 0 1 0 1 0 1 0 1 0 1 0 1 0 1 0 1 0 1 0 1 0 1 0 1 0 1 0 1 0 1 0 1 0 1 0 1 0 1 0 1 0 1 0 1 0 1 0 1 0 1 0 1 0 1 0 1 0 1 0 1 0 1 0 1 0 1 0 1 0 1 0 1 0 1 0 1 0 1 0 1 0 1 0 1 0 1 0 1 0 1 0 1 0 1 0 1 0 1 0 1 0 1 0 1 0 1 0 1 0 1 0 1 0 1 0 1 0 1 0 1 0 1 0 1 0 1 0 1 0 1 0 1 0 1 0 1 0 1 0 1 0 1 0 1 0 1 0 1 0 1 0 1 0 1 0 1 0 1 0 1 0 1 0 1 0 1 0 1 0 1 0 1 0 1 0 1 0 1 0 1 0 1 0 1 0 1 0 1 0 1 0 1 0 1 0 1 0 1 0 1 0 1 0 1 0 1 0 1 0 1 0 1 0 1 0 1 0 1 0 1 0 1 0 1 0 1 0 1 0 1 0 1 0 1 0 1 0 1 0 1 0 1 0 1 0 1 0 1 0 1 0 1 0 1 0 1 0 1 0 1 0 1 0 1 0 1 0 1 0 1 0 1 0 1 0 1 0 1 0 1 0 1 0 1 0 1 0 1 0 1 0 1 0 1 0 1 0 1 0 1 0 1 0 1 0 1 0 1 0 1 0 1 0 1 0 1 0 1 0 1 0 1 0 1 0 1 0 1 0 1 0 1 0 1 0 1 0 1 0 1 0 1 0 1 0 1 0 1 0 1 0 1 0 1 0 1 0 1 0 1 0 1 0 1 0 1 0 1 0 1 0 1 0 1 0 1 0 1 0 1 0 1 0 1 0 1 0 1 0 1 0 1 0 1 0 1 0 1 0 1 0 1 0 1 0 1 0 1 0 1 0 1 0 1 0 1 0 1 0 1 0 1 0 1 0 1 0 1 0 1 0 1 0 1 0 1 0 1 0 1 0 1 0 1 0 1 0 1 0 1 0 1 0 1 0 1 0 1 0 1 0 1 0 1 0 1 0 1 0 1 0 1 0 1 0 1 0 1 0 1 0 1 0 1 0 1 0 1 0 1 0 1 0 1 0 1 0 1 0 1 0 1 0 1 0 1 0 1 0 1 0 1 0 1 0 1 0 1 0 1 0 1 0 1 0 1 0 1 0 1 0 1 0 1 0 1 0 1 0 1 0 1 0 1 0 1 0 1 0 1 0 1 0 1 0 1 0 1 0 1 0 1 0 1 0 1 0 1 0 1 0 1 0 1 0 1 0 1 0 1 0 1 0 1 0 1 0 1 0 1 0 1 0 1 0 1 0 1 0 1 0 1 0 1 0 1 0 1 0 1 0 1 0 1 0 1 0 1 0 1 0 1 0 1 0 1 0 1 0 1 0 1 0 1 0 1 0 1 0 1 0 1 0 1 0 1 0 1 0 1 0 1 0 1 0 1 0 1 0 1 0 1 0 1 0 1 0 1 0 1 0 1 0 1 0 1 0 1 0 1 0 1 0 1 0 1 0 1 0 1 0 1 0 1 0 1 0 1 0 1 0 1 0 1 0 1 0 1 0 1 0 1 0 1 0 1 0 1 0 1 0 1 0 1 0 1 0 1 0 1 0 1 0 1 0 1 0 1 0 1 0 1 0 1 0 1 0 1 0 1 0 1 0 1 0 1 0 1 0 1 0 1 0 1 0 1 0 1 0 1 0 1 0 1 0 1 0 1 0 1 0 1 0 1 0 1 0 1 0 1 0 1 0 1 0 1 0 1 0 1 0 1 0 1 0 1 0 1 0 1 0 1 0 1 0 1 0 1 0 1 0 1 0 1 0 1 0 1 0 1 0 1 0 1 0 1 0 1 0 1 0 1 0 1 0 1 0 1 0 1 0 1 0 1 0 1 0 1 0 1 0 1 0 1 0 1 0 1 0 1 0 1 0 1 0 1 0 1 0 1 0 1 0 1 0 1 0 1 0 1 0 1 0 1 0 1 0 1 0 1 0 1 0 1 0 1 0 1 0 1 0 1 0 1 0 1 0 1 0 1 0 1 0 1 0 1 0 1 0 1 0 1 0 1 0 1 0 1 0 1 0 1 0 1 0 1 0 1 0 1 0 1 0 1 0 1 0 1 0 1 0 1 0 1 0 1 0 1 0 1 0 1 0 1 0 1 0 1 0 1 0 1 0 1 0 1 0 1 0 1 0 1 0 1 0 1 0 1 0 1 0 1 0 1 0 1 0 1 0 1 0 1 0 1 0 1 0 1 0 1 0 1 0 1 0 1 0 1 0 1 0 1 0 1 0 1 0 1 0 1 0 1 0 1 0 1 0 1 0 1 0 1 0 1 0 1 0 1 0 1 0 1 0 1 0 1 0 1 0 1 0 1 0 1 0 1 0 1 0 1 0 1 0 1 0 1 0 1 0 1 0 1 0 1 0 1 0 1 0 1 0 1 0 1 0 1 0 1 0 1 0 1 0 1 0 1 0 1 0 1 0 1 0 1 0 1 0 1 0 1 0 1 0 1 0 1 0 1 0 1 0 1 0 1 0 1 0 1 0 1 0 1 0 1 0 1 0 1 0 1 0 1 0 1 0 1 0 1 0 1 0 1 0 1 0 1 0 1 0 1 0 1 0 1 0 1 0 1 0 1 0 1 0 1 0 1 0 1 0 1 0 1 0 1 0 1 0 1 0 1 0 1 0 1 0 1 0 1 0 1 0 1 0 1 0 1 0 1 0 1 0 1 0 1 0 1 0 1 0 1 0 1 0 1 0 1 0 1 0 1 0 1 0 1 0 1 0 1 0 1 0 1 0 1 0 1 0 1 0 1 0 1 0 1 0 1 0 1 0 1 0 1 0 1 0 1 0 1 0 1 0 1 0 1 0 1 0 1 0 1 0 1 0 1 0 1 0 1 0 1 0 1 0 1 0 1 0 1 0 1 0 1 0 1 0 1 0 1 0 1 0 1 0 1 0 1 0 1 0 1 0 1 0 1 0 1 0 1 0 1 0 1 0 1 0 1 0 1 0 1 0 1 0 1 0 1 0 1 0 1 0 1 0 1 0 1 0 1 0 1 0 1 0 1 0 1 0 1 0 1 0 1 0 1 0 1 0 1 0 1 0 1 0 1 0 1 0 1 0 1 0 1 0 1 0 1 0 1 0 1 0 1 0 1 0 1 0 1 0 1 0 1 0 1 0 1 0 1 0 1 0 1 0 1 0 1 0 1 0 1 0 1 0 1 0 1 0 1 0 1 0 1 0 1 0 1 0 1 0 1 0 1 0 1 0 1 0 1 0 1 0 1 0 1 0 1 0 1 0 1 0 1 0 1 0 1 0 1 0 1 0 1 0 1 0 1 0 1 0 1 0 1 0 1 0 1 0 1 0 1 0 1 0 1 0 1 0 1 0 1 0 1 0 1 0 1 0 1 0 1 0 1 0 1 0 1 0 1 0 1 0 1 0 1 0 1 0 1 0 1 0 1 0 1 0 1 0 1 0 1 0 1 0 1 0 1 0 1 0 1 0 1 0 1 0 1 0 1 0 1 0 1 0 1 0 1 0 1 0 1 0 1 0 1 0 1 0 1 0 1 0 1 0 1 0 1 0 1 0 1 0 1 0 1 0 1 0 1 0 1 0 1 0 1 0 1 0 1 0 1 0 1 0 1 0 1 0 1 0 1 0 1 0 1 0 1 0 1 0 1 0 1 0 1 0 1 0 1 0 1 0 1 0 1 0 1 0 1 0 1 0 1 0 1 0 1 0 1 0 1 0 1 0 1 0 1 0 1 0 1 0 1 0 1 0 1 0 1 0 1 0 1 0 1 0 1 0 1 0 1 0 1 0 1 0 1 0 1 0 1 0 1 0 1 0 1 0 1 0 1 0 1 0 1 0 1 0 1 0 1 0 1 0 1 0 1 0 1 0 1 0 1 0 1 0 1 0 1 0 1 0 1 0 1 0 1 0 1 0 1 0 1 0 1 0 1 0 1 0 1 0 1 0 1 0 1 0 1 0 1 0 1 0 1 0 1 0 1 0 1 0 1 0 1 0 1 0 1 0 1 0 1 0 1 0 1 0 1 0 1 0 1 0 1 0 1 0 1 0 1 0 1 0 1 0 1 0 1 0 1 0 1 0 1 0 1 0 1 0 1 0 1 0 1 0 1 0 1 0 1 0 1 0 1 0 1 0 1 0 1 0 1 0 1 0 1 0 1 0 1 0 1 0 1 0 1 0 1 0 1 0 1 0 1 0 1 0 1 0 1 0 1 0 1 0 1 0 1 0 1 0 1 0 1 0 1 0 1 0 1 0 1 0 1 0 1 0 1 0 1 0 1 0 1 0 1 0 1 0 1 0 1 0 1 0 1 0 1 0 1 0 1 0 1 0 1 0 1 0 1 0 1 0 1 0 1 0 1 0 1 0 1 0 1 0 1 0 1 0 1 0 1 0 1 0 1 0 1 0 1 0 1 0 1 0 1 0 1 0 1 0 1 0 1 0 1 0 1 0 1 0 1 0 1 0 1 0 1 0 1 0 1 0 1 0 1 0 1 0 1 0 1 0 1 0 1 0 1 0 1 0 1 0 1 0 1 0 1 0 1 0 1 0 1 0 1 0 1 0 1 0 1 0 1 0 1 0 1 0 1 0 1 0 1 0 1 0 1 0 1 0 1 0 1 0 1 0 1 0 1 0 1 0 1 0 1 0 1 0 1 0 1 0 1 0 1 0 1 0 1 0 1 0 1 0 1 0 1 0 1 0 1 0 1 0 1 0 1 0 1 0 1 0 1 0 1 0 1 0 1 0 1 0 1 0 1 0 1 0 1 0 1 0 1 0 1 0 1 0 1 0 1 0 1 0 1 0 1 0 1 0 1 0 1 0 1 0 1 0 1 0 1 0 1 0 1 0 1 0 1 0 1 0 1 0 1 0 1 0 1 0 1 0 1 0 1 0 1 0 1 0 1 0 1 0 1 0 1 0 1 0 1 0 1 0 1 0 1 0 1 0 1 0 1 0 1 0 1 0 1 0 1 0 1 0 1 0 1 0 1 0 1 0 1 0 1 0 1 0 1 0 1 0 1 0 1 0 1 0 1 0 1 0 1 0 1 0 1 0 1 0 1 0 1 0 1 0 1 0 1 0 1 0 1 0 1 0 1 0 1 0 1 0 1 0 1 0 1 0 1 0 1 0 1 0 1 0 1 0 1 0 1 0 1 0 1 0 1 0 1 0 1 0 1 0 1 0 1 0 1 0 1 0 1 0 1 0 1 0 1 0 1 0 1 0 1 0 1 0 1 0 1 0 1 0 1 0 1 0 1 0 1 0 1 0 1 0 1 0 1 0 1 0 1 0 1 0 1 0 1 0 1 0 1 0 1 0 1 0 1 0 1 0 1 0 1 0 1 0 1 0 1 0 1 0 1 0 1 0 1 0 1 0 1 0 1 0 1 0 1 0 1 0 1 0 1 0 1 0 1 0 1 0 1 0 1 0 1 0 1 0 1 0 1 0 1 0 1 0 1 0 1 0 1 0 1 0 1 0 1 0 1 0 1 0 1 0 1 0 1 0 1 0 1 0 1 0 1 0 1 0 1 0 1 0 1 0 1 0 1 0 1 0 1 0 1 0 1 0 1 0 1 0 1 0 1 0 1 0 1 0 1 0 1 0 1 0 1 0 1 0 1 0 1 0 1 0 1 0 1 0 1 0 1 0 1 0 1 0 1 0 1 0 1 0 1 0 1 0 1 0 1 0 1 0 1 0 1 0 1 0 1 0 1 0 1 0 1 0 1 0 1 0 1 0 1 0 1 0 1 0 1 0 1 0 1 0 1 0 1 0 1 0 1 0 1 0 1 0 1 0 1 0 1 0 1 0 1 0 1 0 1 0 1 0 1 0 1 0 1 0 1 0 1 0 1 0 1 0 1 0 1 0 1 0 1 0 1 0 1 0 1 0 1 0 1 0 1 0 1 0 1 0 1 0 1 0 1 0 1 0 1 0 1 0 1 0 1 0 1 0 1 0 1 0 1 0 1 0 1 0 1 0 1 0 1 0 1 0 1 0 1 0 1 0 1 0 1 0 1 0 1 0 1 0 1 0 1 0 1 0 1 0 1 0 1 0 1 0 1 0 1 0 1 0 1 0 1 0 1 0 1 0 1 0 1 0 1 0 1 0 1 0 1 0 1 0 1 0 1 0 1 0 1 0 1 0 1 0 1 0 1 0 1 0 1 0 1 0 1 0 1 0 1 0 1 0 1 0 1 0 1 0 1 0 1 0 1 0 1 0 1 0 1 0 1 0 1 0 1 0 1 0 1 0 1 0 1 0 1 0 1 0 1 0 1 0 1 0 1 0 1 0 1 0 1 0 1 0 1 0 1 0 1 0 1 0 1 0 1 0 1 0 1 0 1 0 1 0 1 0 1 0 1 0 1 0 1 0 1 0 1 0 1 0 1 0 1 0 1 0 1 0 1 0 1 0 1 0 1 0 1 0 1 0 1 0 1 0 1 0 1 0 1 0 1 0 1 0 1 0 1 0 1 0 1 0 1 0 1 0 1 0 1 0 1 0 1 0 1 0 1 0 1 0 1 0 1 0 1 0 1 0 1 0 1 0 1 0 1 0 1 0 1 0 1 0 1 0 1 0 1 0 1 0 1 0 1 0 1 0 1 0 1 0 1 0 1 0 1 0 1 0 1 0 1 0 1 0 1 0 1 0 1 0 1 0 1 0 1 0 1 0 1 0 1 0 1 0 1 0 1 0 1 0 1 0 1 0 1 0 1 0 1 0 1 0 1 0 1 0 1 0 1 0 1 0 1 0 1 0 1 0 1 0 1 0 1 0 1 0 1 0 1 0 1 0 1 0 1 0 1 0 1 0 1 0 1 0 1 0 1 0 1 0 1 0 1 0 1 0 1 0 1 0 1 0 1 0 1 0 1 0 1 0 1 0 1 0 1 0 1 0 1 0 1 0 1 0 1 0 1 0 1 0 1 0 1 0 1 0 1 0 1 0 1 0 1 0 1 0 1 0 1 0 1 0 1 0 1 0 1 0 1 0 1 0 1 0 1 0 1 0 1 0 1 0 1 0 1 0 1 0 1 0 1 0 1 0 1 0 1 0 1 0 1 0 1 0 1 0 1 0 1 0 1 0 1 0 1 0 1 0 1 0 1 0 1 0 1 0 1 0 1 0 1 0 1 0 1 0 1 0 1 0 1 0 1 0 1 0 1 0 1 0 1 0 1 0 1 0 1 0 1 0 1 0 1 0 1 0 1 0 1 0 1 0 1 0 1 0 1 0 1 0 1 0 1 0 1 0 1 0 1 0 1 0 1 0 1 0 1 0 1 0 1 0 1 0 1 0 1 0 1 0 1 0 1 0 1 0 1 0 1 0 1 0 1 0 1 0 1 0 1 0 1 0 1 0 1 0 1 0 1 0 1 0 1 0 1 0 1 0 1 0 1 0 1 0 1 0 1 0 1 0 1 0 1 0 1 0 1 0 1 0 1 0 1 0 1 0 1 0 1 0 1 0 1 0 1 0 1 0 1 0 1 0 1 0 1 0 1 0 1 0 1 0 1 0 1 0 1 0 1 0 1 0 1 0 1 0 1 0 1 0 1 0 1 0 1 0 1 0 1 0 1 0 1 0 1 0 1 0 1 0 1 0 1 0 1 0 1 0 1 0 1 0 1 0 1 0 1 0 1 0 1 0 1 0 1 0 1 0 1 0 1 0 1 0 1 0 1 0 1 0 1 0 1 0 1 0 1 0 1 0 1 0 1 0 1 0 1 0 1 0 1 0 1 0 1 0 1 0 1 0 1 0 1 0 1 0 1 0 1 0 1 0 1 0 1 0 1 0 1 0 1 0 1 0 1 0 1 0 1 0 1 0 1 0 1 0 1 0 1 0 1 0 1 0 1 0 1 0 1 0 1 0 1 0 1 0 1 0 1 0 1 0 1 0 1 0 1 0 1 0 1 0 1 0 1 0 1 0 1 0 1 0 1 0 1 0 1 0 1 0 1 0 1 0 1 0 1 0 1 0 1 0 1 0 1 0 1 0 1 0 1 0 1 0 1 0 1 0 1 0 1 0 1 0 1 0 1 0 1 0 1 0 1 0 1 0 1 0 1 0 1 0 1 0 1 0 1 0 1 0 1 0 1 0 1 0 1 0 1 0 1 0 1 0 1 0 1 0 1 0 1 0 1 0 1 0 1 0 1 0 1 0 1 0 1 0 1 0 1 0 1 0 1 0 1 0 1 0 1 0 1 0 1 0 1 0 1 0 1 0 1 0 1 0 1 0 1 0 1 0 1 0 1 0 1 0 1 0 1 0 1 0 1 0 1 0 1 0 1 0 1 0 1 0 1 0 1 0 1 0 1 0 1 0 1 0 1 0 1 0 1 0 1 0 1 0 1 0 1 0 1 0 1 0 1 0 1 0 1 0 1 0 1 0 1 0 1 0 1 0 1 0 1 0 1 0 1 0 1 0 1 0 1 0 1 0 1 0 1 0 1 0 1 0 1 0 1 0 1 0 1 0 1 0 1 0 1 0 1 0 1 0 1 0 1 0 1 0 1 0 1 0 1 0 1 0 1 0 1 0 1 0 1 0 1 0 1 0 1 0 1 0 1 0 1 0 1 0 1 0 1 0 1 0 1 0 1 0 1 0 1 0 1 0 1 0 1 0 1 0 1 0 1 0 1 0 1 0 1 0 1 0 1 0 1 0 1 0 1 0 1 0 1 0 1 0 1 0 1 0 1 0 1 0 1 0 1 0 1 0 1 0 1 0 1 0 1 0 1 0 1 0 1 0 1 0 1 0 1 0 1 0 1 0 1 0 1 0 1 0 1 0 1 0 1 0 1 0 1 0 1 0 1 0 1 0 1 0 1 0 1 0 1 0 1 0 1 0 1 0 1 0 1 0 1 0 1 0 1 0 1 0 1 0 1 0 1 0 1 0 1 0 1 0 1 0 1 0 1 0 1 0 1 0 1 0 1 0 1 0 1 0 1 0 1 0 1 0 1 0 1 0 1 0 1 0 1 0 1 0 1 0 1 0 1 0 1 0 1 0 1 0 1 0 1 0 1 0 1 0 1 0 1 0 1 0 1 0 1 0 1 0 1 0 1 0 1 0 1 0 1 0 1 0 1 0 1 0 1 0 1 0 1 0 1 0 1 0 1 0 1 0 1 0 1 0 1 0 1 0 1 0 1 0 1 0 1 0 1 0 1 0 1 0 1 0 1 0 1 0 1 0 1 0 1 0 1 0 1 0 1 0 1 0 1 0 1 0 1 0 1 0 1 0 1 0 1 0 1 0 1 0 1 0 1 0 1 0 1 0 1 0 1 0 1 0 1 0 1 0 1 0 1 0 1 0 1 0 1 0 1 0 1 0 1 0 1 0 1 0 1 0 1 0 1 0 1 0 1 0 1 0 1 0 1 0 1 0 1 0 1 0 1 0 1 0 1 0 1 0 1 0 1 0 1 0 1 0 1 0 1 0 1 0 1 0 1 0 1 0 1 0 1 0 1 0 1 0 1 0 1 0 1 0 1 0 1 0 1 0 1 0 1 0 1 0 1 0 1 0 1 0 1 0 1 0 1 0 1 0 1 0 1 0 1 0 1 0 1 0 1 0 1 0 1 0 1 0 1 0 1 0 1 0 1 0 1 0 1 0 1 0 1 0 1 0 1 0 1 0 1 0 1 0 1 0 1 0 1 0 1 0 1 0 1 0 1 0 1 0 1 0 1 0 1 0 1 0 1 0 1 0 1 0 1 0 1 0 1 0 1 0 1 0 1 0 1 0 1 0 1 0 1 0 1 0 1 0 1 0 1 0 1 0 1 0 1 0 1 0 1 0 1 0 1 0 1 0 1 0 1 0 1 0 1 0 1 0 1 0 1 0 1 0 1 0 1 0 1 0 1 0 1 0 1 0 1 0 1 0 1 0 1 0 1 0 1 0 1 0 1 0 1 0 1 0 1 0 1 0 1 0 1 0 1 0 1 0 1 0 1 0 1 0 1 0 1 0 1 0 1 0 1 0 1 0 1 0 1 0 1 0 1 0 1 0 1 0 1 0 1 0 1 0 1 0 1 0 1 0 1 0 1 0 1 0 1 0 1 0 1 0 1 0 1 0 1 0 1 0 1 0 1 0 1 0 1 0 1 0 1 0 1 0 1 0 1 0 1 0 1 0 1 0 1 0 1 0 1 0 1 0 1 0 1 0 1 0 1 0 1 0 1 0 1 0 1 0 1 0 1 0 1 0 1 0 1 0 1 0 1 0 1 0 1 0 1 0 1 0 1 0 1 0 1 0 1 0 1 0 1 0 1 0 1 0 1 0 1 0 1 0 1 0 1 0 1 0 1 0 1 0 1 0 1 0 1 0 1 0 1 0 1 0 1 0 1 0 1 0 1 0 1 0 1 0 1 0 1 0 1 0 1 0 1 0 1 0 1 0 1 0 1 0 1 0 1 0 1 0 1 0 1 0 1 0 1 0 1 0 1 0 1 0 1 0 1 0 1 0 1 0 1 0 1 0 1 0 1 0 1 0 1 0 1 0 1 0 1 0 1 0 1 0 1 0 1 0 1 0 1 0 1 0 1 0 1 0 1 0 1 0 1 0 1 0 1 0 1 0 1 0 1 0 1 0 1 0 1 0 1 0 1 0 1 0 1 0 1 0 1 0 1 0 1 0 1 0 1 0 1 0 1 0 1 0 1 0 1 0 1 0 1 0 1 0 1 0 1 0 1 0 1 0 1 0 1 0 1 0 1 0 1 0 1 0 1 0 1 0 1 0 1 0 1 0 1 0 1 0 1 0 1 0 1 0 1 0 1 0 1 0 1 0 1 0 1 0 1 0 1 0 1 0 1 0 1 0 1 0 1 0 1 0 1 0 1 0 1 0 1 0 1 0 1 0 1 0 1 0 1 0 1 0 1 0 1 0 1 0 1 0 1 0 1 0 1 0 1 0 1 0 1 0 1 0 1 0 1 0 1 0 1 0 1 0 1 0 1 0 1 0 1 0 1 0 1 0 1 0 1 0 1 0 1 0 1 0 1 0 1 0 1 0 1 0 1 0 1 0 1 0 1 0 1 0 1 0 1 0 1 0 1 0 1 0 1 0 1 0 1 0 1 0 1 0 1 0 1 0 1 0 1 0 1 0 1 0 1 0 1 0 1 0 1 0 1 0 1 0 1 0 1 0 1 0 1 0 1 0 1 0 1 0 1 0 1 0 1 0 1 0 1 0 1 0 1 0 1 0 1 0 1 0 1 0 1 0 1 0 1 0 1 0 1 0 1 0 1 0 1 0 1 0 1 0 1 0 1 0 1 0 1 0 1 0 1 0 1 0 1 0 1 0 1 0 1 0 1 0 1 0 1 0 1 0 1 0 1 0 1 0 1 0 1 0 1 0 1 0 1 0 1 0 1 0 1 0 1 0 1 0 1 0 1 0 1 0 1 0 1 0 1 0 1 0 1 0 1 0 1 0 1 0 1 0 1 0 1 0 1 0 1 0 1 0 1 0 1 0 1 0 1 0 1 0 1 0 1 0 1 0 1 0 1 0 1 0 1 0 1 0 1 0 1 0 1 0 1 0 1 0 1 0 1 0 1 0 1 0 1 0 1 0 1 0 1 0 1 0 1 0 1 0 1 0 1 0 1 0 1 0 1 0 1 0 1 0 1 0 1 0 1 0 1 0 1 0 1 0 1 0 1 0 1 0 1 0 1 0 1 0 1 0 1 0 1 0 1 0 1 0 1 0 1 0 1 0 1 0 1 0 1 0 1 0 1 0 1 0 1 0 1 0 1 0 1 0 1 0 1 0 1 0 1 0 1 0 1 0 1 0 1 0 1 0 1 0 1 0 1 0 1 0 1 0 1 0 1 0 1 0 1 0 1 0 1 0 1 0 1 0 1 0 1 0 1 0 1 0 1 0 1 0 1 0 1 0 1 0 1 0 1 0 1 0 1 0 1 0 1 0 1 0 1 0 1 0 1 0 1 0 1 0 1 0 1 0 1 0 1 0 1 0 1 0 1 0 1 0 1 0 1 0 1 0 1 0 1 0 1 0 1 0 1 0 1 0 1 0 1 0 1 0 1 0 1 0 1 0 1 0 1 0 1 0 1 0 1 0 1 0 1 0 1 0 1 0 1 0 1 0 1 0 1 0 1 0 1 0 1 0 1 0 1 0 1 0 1 0 1 0 1 0 1 0 1 0 1 0 1 0 1 0 1 0 1 0 1 0 1 0 1 0 1 0 1 0 1 0 1 0 1 0 1 0 1 0 1 0 1 0 1 0 1 0 1 0 1 0 1 0 1 0 1 0 1 0 1 0 1 0 1 0 1 0 1 0 1 0 1 0 1 0 1 0 1 0 1 0 1 0 1 0 1 0 1 0 1 0 1 0 1 0 1 0 1 0 1 0 1 0 1 0 1 0 1 0 1 0 1 0 1 0 1 0 1 0 1 0 1 0 1 0 1 0 1 0 1 0 1 0 1 0 1 0 1 0 1 0 1 0 1 0 1 0 1 0 1 0 1 0 1 0 1 0 1 0 1 0 1 0 1 0 1 0 1 0 1 0 1 0 1 0 1 0 1 0 1 0 1 0 1 0 1 0 1 0 1 0 1 0 1 0 1 0 1 0 1 0 1 0 1 0 1 0 1 0 1 0 1 0 1 0 1 0 1 0 1 0 1 0 1 0 1 0 1 0 1 0 1 0 1 0 1 0 1 0 1 0 1 0 1 0 1 0 1 0 1 0 1 0 1 0 1 0 1 0 1 0 1 0 1 0 1 0 1 0 1 0 1 0 1 0 1 0 1 0 1 0 1 0 1 0 1 0 1 0 1 0 1 0 1 0 1 0 1 0 1 0 1 0 1 0 1 0 1 0 1 0 1 0 1 0 1 0 1 0 1 0 1 0 1 0 1 0 1 0 1 0 1 0 1 0 1 0 1 0 1 0 1 0 1 0 1 0 1 0 1 0 1 0 1 0 1 0 1 0 1 0 1 0 1 0 1 0 1 0 1 0 1 0 1 0 1 0 1 0 1 0 1 0 1 0 1 0 1 0 1 0 1 0 1 0 1 0 1 0 1 0 1 0 1 0 1 0 1 0 1 0 1 0 1 0 1 0 1 0 1 0 1 0 1 0 1 0 1 0 1 0 1 0 1 0 1 0 1 0 1 0 1 0 1 0 1 0 1 0 1 0 1 0 1 0 1 0 1 0 1 0 1 0 1 0 1 0 1 0 1 0 1 0 1 0 1 0 1 0 1 0 1 0 1 0 1 0 1 0 1 0 1 0 1 0 1 0 1 0 1 0 1 0 1 0 1 0 1 0 1 0 1 0 1 0 1 0 1 0 1 0 1 0 1 0 1 0 1 0 1 0 1 0 1 0 1 0 1 0 1 0 1 0 1 0 1 0 1 0 1 0 1 0 1 0 1 0 1 0 1 0 1 0 1 0 1 0 1 0 1 0 1 0 1 0 1 0 1 0 1 0 1 0 1 0 1 0 1 0 1 0 1 0 1 0 1 0 1 0 1 0 1 0 1 0 1 0 1 0 1 0 1 0 1 0 1 0 1 0 1 0 1 0 1 0 1 0 1 0 1 0 1 0 1 0 1 0 1 0 1 0 1 0 1 0 1 0 1 0 1 0 1 0 1 0 1 0 1 0 1 0 1 0 1 0 1 0 1 0 1 0 1 0 1 0 1 0 1 0 1 0 1 0 1 0 1 0 1 0 1 0 1 0 1 0 1 0 1 0 1 0 1 0 1 0 1 0 1 0 1 0 1 0 1 0 1 0 1 0 1 0 1 0 1 0 1 0 1 0 1 0 1 0 1 0 1 0 1 0 1 0 1 0 1 0 1 0 1 0 1 0 1 0 1 0 1 0 1 0 1 0 1 0 1 0 1 0 1 0 1 0 1 0 1 0 1 0 1 0 1 0 1 0 1 0 1 0 1 0 1 0 1 0 1 0 1 0 1 0 1 0 1 0 1 0 1 0 1 0 1 0 1 0 1 0 1 0 1 0 1 0 1 0 1 0 1 0 1 0 1 0 1 0 1 0 1 0 1 0 1 0 1 0 1 0 1 0 1 0 1 0 1 0 1 0 1 0 1 0 1 0 1 0 1 0 1 0 1 0 1 0 1 0 1 0 1 0 1 0 1 0 1 0 1 0 1 0 1 0 1 0 1 0 1 0 1 0 1 0 1 0 1 0 1 0 1 0 1 0 1 0 1 0 1 0 1 0 1 0 1 0 1 0 1 0 1 0 1 0 1 0 1 0 1 0 1 0 1 0 1 0 1 0 1 0 1 0 1 0 1 0 1 0 1 0 1 0 1 0 1 0 1 0 1 0 1 0 1 0 1 0 1 0 1 0 1 0 1 0 1 0 1 0 1 0 1 0 1 0 1 0 1 0 1 0 1 0 1 0 1 0 1 0 1 0 1 0 1 0 1 0 1 0 1 0 1 0 1 0 1 0 1 0 1 0 1 0 1 0 1 0 1 0 1 0 1 0 1 0 1 0 1 0 1 0 1 0 1 0 1 0 1 0 1 0 1 0 1 0 1 0 1 0 1 0 1 0 1 0 1 0 1 0 1 0 1 0 1 0 1 0 1 0 1 0 1 0 1 0 1 0 1 0 1 0 1 0 1 0 1 0 1 0 1 0 1 0 1 0 1 0 1 0 1 0 1 0 1 0 1 0 1 0 1 0 1 0 1 0 1 0 1 0 1 0 1 0 1 0 1 0 1 0 1 0 1 0 1 0 1 0 1 0 1 0 1 0 1 0 1 0 1 0 1 0 1 0 1 0 1 0 1 0 1 0 1 0 1 0 1 0 1 0 1 0 1 0 1 0 1 0 1 0 1 0 1 0 1 0 1 0 1 0 1 0 1 0 1 0 1 0 1 0 1 0 1 0 1 0 1 0 1 0 1 0 1 0 1 0 1 0 1 0 1 0 1 0 1 0 1 0 1 0 1 0 1 0 1 0 1 0 1 0 1 0 1 0 1 0 1 0 1 0 1 0 1 0 1 0 1 0 1 0 1 0 1 0 1 0 1 0 1 0 1 0 1 0 1 0 1 0 1 0 1 0 1 0 1 0 1 0 1 0 1 0 1 0 1 0 1 0 1 0 1 0 1 0 1 0 1 0 1 0 1 0 1 0 1 0 1 0 1 0 1 0 1 0 1 0 1 0 1 0 1 0 1 0 1 0 1 0 1 0 1 0 1 0 1 0 1 0 1 0 1 0 1 0 1 0 1 0 1 0 1 0 1 0 1 0 1 0 1 0 1 0 1 0 1 0 1 0 1 0 1 0 1 0 1 0 1 0 1 0 1 0 1 0 1 0 1 0 1 0 1 0 1 0 1 0 1 0 1 0 1 0 1 0 1 0 1 0 1 0 1 0 1 0 1 0 1 0 1 0 1 0 1 0 1 0 1 0 1 0 1 0 1 0 1 0 1 0 1 0 1 0 1 0 1 0 1 0 1 0 1 0 1 0 1 0 1 0 1 0 1 0 1 0 1 0 1 0 1 0 1 0 1 0 1 0 1 0 1 0 1 0 1 0 1 0 1 0 1 0 1 0 1 0 1 0 1 0 1 0 1 0 1 0 1 0 1 0 1 0 1 0 1 0 1 0 1 0 1 0 1 0 1 0 1 0 1 0 1 0 1 0 1 0 1 0 1 0 1 0 1 0 1 0 1 0 1 0 1 0 1 0 1 0 1 0 1 0 1 0 1 0 1 0 1 0 1 0 1 0 1 0 1 0 1 0 1 0 1 0 1 0 1 0 1 0 1 0 1 0 1 0 1 0 1 0 1 0 1 0 1 0 1 0 1 0 1 0 1 0 1 0 1 0 1 0 1 0 1 0 1 0 1 0 1 0 1 0 1 0 1 0 1 0 1 0 1 0 1 0 1 0 1 0 1 0 1 0 1 0 1 0 1 0 1 0 1 0 1 0 1 0 1 0 1 0 1 0 1 0 1 0 1 0 1 0 1 0 1 0 1 0 1 0 1 0 1 0 1 0 1 0 1 0 1 0 1 0 1 0 1 0 1 0 1 0 1 0 1 0 1 0 1 0 1 0 1 0 1 0 1 0 1 0 1 0 1 0 1 0 1 0 1 0 1 0 1 0 1 0 1 0 1 0 1 0 1 0 1 0 1 0 1 0 1 0 1 0 1 0 1 0 1 0 1 0 1 0 1 0 1 0 1 0 1 0 1 0 1 0 1 0 1 0 1 0 1 0 1 0 1 0 1 0 1 0 1 0 1 0 1 0 1 0 1 0 1 0 1 0 1 0 1 0 1 0 1 0 1 0 1 0 1 0 1 0 1 0 1 0 1 0 1 0 1 0 1 0 1 0 1 0 1 0 1 0 1 0 1 0 1 0 1 0 1 0 1 0 1 0 1 0 1 0 1 0 1 0 1 0 1 0 1 0 1 0 1 0 1 0 1 0 1 0 1 0 1 0 1 0 1 0 1 0 1 0 1 0 1 0 1 0 1 0 1 0 1 0 1 0 1 0 1 0 1 0 1 0 1 0 1 0 1 0 1 0 1 0 1 0 1 0 1 0 1 0 1 0 1 0 1 0 1 0 1 0 1 0 1 0 1 0 1 0 1 0 1 0 1 0 1 0 1 0 1 0 1 0 1 0 1 0 1 0 1 0 1 0 1 0 1 0 1 0 1 0 1 0 1 0 1 0 1 0 1 0 1 0 1 0 1 0 1 0 1 0 1 0 1 0 1 0 1 0 1 0 1 0 1 0 1 0 1 0 1 0 1 0 1 0 1 0 1 0 1 0 1 0 1 0 1 0 1 0 1 0 1 0 1 0 1 0 1 0 1 0 1 0 1 0 1 0 1 0 1 0 1 0 1 0 1 0 1 0 1 0 1 0 1 0 1 0 1 0 1 0 1 0 1 0 1 0 1 0 1 0 1 0 1 0 1 0 1 0 1 0 1 0 1 0 1 0 1 0 1 0 1 0 1 0 1 0 1 0 1 0 1 0 1 0 1 0 1 0 1 0 1 0 1 0 1 0 1 0 1 0 1 0 1 0 1 0 1 0 1 0 1 0 1 0 1 0 1 0 1 0 1 0 1 0 1 0 1 0 1 0 1 0 1 0 1 0 1 0 1 0 1 0 1 0 1 0 1 0 1 0 1 0 1 0 1 0 1 0 1 0 1 0 1 0 1 0 1 0 1 0 1 0 1 0 1 0 1 0 1 0 1 0 1 0 1 0 1 0 1 0 1 0 1 0 1 0 1 0 1 0 1 0 1 0 1 0 1 0 1 0 1 0 1 0 1 0 1 0 1 0 1 0 1 0 1 0 1 0 1 0 1 0 1 0 1 0 1 0 1 0 1 0 1 0 1 0 1 0 1 0 1 0 1 0 1 0 1 0 1 0 1 0 1 0 1 0 1 0 1 0 1 0 1 0 1 0 1 0 1 0 1 0 1 0 1 0 1 0 1 0 1 0 1 0 1 0 1 0 1 0 1 0 1 0 1 0 1 0 1 0 1 0 1 0 1 0 1 0 1 0 1 0 1 0 1 0 1 0 1 0 1 0 1 0 1 0 1 0 1 0 1 0 1 0 1 0 1 0 1 0 1 0 1 0 1 0 1 0 1 0 1 0 1 0 1 0 1 0 1 0 1 0 1 0 1 0 1 0 1 0 1 0 1 0 1 0 1 0 1 0 1 0 1 0 1 0 1 0 1 0 1 0 1 0 1 0 1 0 1 0 1 0 1 0 1 0 1 0 1 0 1 0 1 0 1 0 1 0 1 0 1 0 1 0 1 0 1 0 1 0 1 0 1 0 1 0 1 0 1 0 1 0 1 0 1 0 1 0 1 0 1 0 1 0 1 0 1 0 1 0 1 0 1 0 1 0 1 0 1 0 1 0 1 0 1 0 1 0 1 0 1 0 1 0 1 0 1 0 1 0 1 0 1 0 1 0 1 0 1 0 1 0 1 0 1 0 1 0 1 0 1 0 1 0 1 0 1 0 1 0 1 0 1 0 1 0 1 0 1 0 1 0 1 0 1 0 1 0 1 0 1 0 1 0 1 0 1 0 1 0 1 0 1 0 1 0 1 0 1 0 1 0 1 0 1 0 1 0 1 0 1 0 1 0 1 0 1 0 1 0 1 0 1 0 1 0 1 0 1 0 1 0 1 0 1 0 1 0 1 0 1 0 1 0 1 0 1 0 1 0 1 0 1 0 1 0 1 0 1 0 1 0 1 0 1 0 1 0 1 0 1 0 1 0 1 0 1 0 1 0 1 0 1 0 1 0 1 0 1 0 1 0 1 0 1 0 1 0 1 0 1 0 1 0 1 0 1 0 1 0 1 0 1 0 1 0 1 0 1 0 1 0 1 0 1 0 1 0 1 0 1 0 1 0 1 0 1 0 1 0 1 0 1 0 1 0 1 0 1 0 1 0 1 0 1 0 1 0 1 0 1 0 1 0 1 0 1 0 1 0 1 0 1 0 1 0 1 0 1 0 1 0 1 0 1 0 1 0 1 0 1 0 1 0 1 0 1 0 1 0 1 0 1 0 1 0 1 0 1 0 1 0 1 0 1 0 1 0 1 0 1 0 1 0 1 0 1 0 1 0 1 0 1 0 1 0 1 0 1 0 1 0 1 0 1 0 1 0 1 0 1 0 1 0 1 0 1 0 1 0 1 0 1 0 1 0 1 0 1 0 1 0 1 0 1 0 1 0 1 0 1 0 1 0 1 0 1 0 1 0 1 0 1 0 1 0 1 0 1 0 1 0 1 0 1 0 1 0 1 0 1 0 1 0 1 0 1 0 1 0 1 0 1 0 1 0 1 0 1 0 1 0 1 0 1 0 1 0 1 0 1 0 1 0 1 0 1 0 1 0 1 0 1 0 1 0 1 0 1 0 1 0 1 0 1 0 1 0 1 0 1 0 1 0 1 0 1 0 1 0 1 0 1 0 1 0 1 0 1 0 1 0 1 0 1 0 1 0 1 0 1 0 1 0 1 0 1 0 1 0 1 0 1 0 1 0 1 0 1 0 1 0 1 0 1 0 1 0 1 0 1 0 1 0 1 0 1 0 1 0 1 0 1 0 1 0 1 0 1 0 1 0 1 0 1 0 1 0 1 0 1 0 1 0 1 0 1 0 1 0 1 0 1 0 1 0 1 0 1 0 1 0 1 0 1 0 1 0 1 0 1 0 1 0 1 0 1 0 1 0 1 0 1 0 1 0 1 0 1 0 1 0 1 0 1 0 1 0 1 0 1 0 1 0 1 0 1 0 1 0 1 0 1 0 1 0 1 0 1 0 1 0 1 0 1 0 1 0 1 0 1 0 1 0 1 0 1 0 1 0 1 0 1 0 1 0 1 0 1 0 1 0 1 0 1 0 1 0 1 0 1 0 1 0 1 0 1 0 1 0 1 0 1 0 1 0 1 0 1 0 1 0 1</float_array>
          <technique_common>
            <accessor source="#xsky_obj_timering_mesh-mesh-map-1-array" count="8277" stride="2">
              <param name="S" type="float"/>
              <param name="T" type="float"/>
            </accessor>
          </technique_common>
        </source>
        <source id="xsky_obj_timering_mesh-mesh-colors-Col" name="Col">
          <float_array id="xsky_obj_timering_mesh-mesh-colors-Col-array" count="33108">1 1 1 1 1 1 1 1 1 1 1 1 1 1 1 1 1 1 1 1 1 1 1 1 1 1 1 1 1 1 1 1 1 1 1 1 1 1 1 1 1 1 1 1 1 1 1 1 1 1 1 1 1 1 1 1 1 1 1 1 1 1 1 1 1 1 1 1 1 1 1 1 1 1 1 1 1 1 1 1 1 1 1 1 1 1 1 1 1 1 1 1 1 1 1 1 1 1 1 1 1 1 1 1 1 1 1 1 1 1 1 1 1 1 1 1 1 1 1 1 1 1 1 1 1 1 1 1 1 1 1 1 1 1 1 1 1 1 1 1 1 1 1 1 1 1 1 1 1 1 1 1 1 1 1 1 1 1 1 1 1 1 1 1 1 1 1 1 1 1 1 1 1 1 1 1 1 1 1 1 1 1 1 1 1 1 1 1 1 1 1 1 1 1 1 1 1 1 1 1 1 1 1 1 1 1 1 1 1 1 1 1 1 1 1 1 1 1 1 1 1 1 1 1 1 1 1 1 1 1 1 1 1 1 1 1 1 1 1 1 1 1 1 1 1 1 1 1 1 1 1 1 1 1 1 1 1 1 1 1 1 1 1 1 1 1 1 1 1 1 1 1 1 1 1 1 1 1 1 1 1 1 1 1 1 1 1 1 1 1 1 1 1 1 1 1 1 1 1 1 1 1 1 1 1 1 1 1 1 1 1 1 1 1 1 1 1 1 1 1 1 1 1 1 1 1 1 1 1 1 1 1 1 1 1 1 1 1 1 1 1 1 1 1 1 1 1 1 1 1 1 1 1 1 1 1 1 1 1 1 1 1 1 1 1 1 1 1 1 1 1 1 1 1 1 1 1 1 1 1 1 1 1 1 1 1 1 1 1 1 1 1 1 1 1 1 1 1 1 1 1 1 1 1 1 1 1 1 1 1 1 1 1 1 1 1 1 1 1 1 1 1 1 1 1 1 1 1 1 1 1 1 1 1 1 1 1 1 1 1 1 1 1 1 1 1 1 1 1 1 1 1 1 1 1 1 1 1 1 1 1 1 1 1 1 1 1 1 1 1 1 1 1 1 1 1 1 1 1 1 1 1 1 1 1 1 1 1 1 1 1 1 1 1 1 1 1 1 1 1 1 1 1 1 1 1 1 1 1 1 1 1 1 1 1 1 1 1 1 1 1 1 1 1 1 1 1 1 1 1 1 1 1 1 1 1 1 1 1 1 1 1 1 1 1 1 1 1 1 1 1 1 1 1 1 1 1 1 1 1 1 1 1 1 1 1 1 1 1 1 1 1 1 1 1 1 1 1 1 1 1 1 1 1 1 1 1 1 1 1 1 1 1 1 1 1 1 1 1 1 1 1 1 1 1 1 1 1 1 1 1 1 1 1 1 1 1 1 1 1 1 1 1 1 1 1 1 1 1 1 1 1 1 1 1 1 1 1 1 1 1 1 1 1 1 1 1 1 1 1 1 1 1 1 1 1 1 1 1 1 1 1 1 1 1 1 1 1 1 1 1 1 1 1 1 1 1 1 1 1 1 1 1 1 1 1 1 1 1 1 1 1 1 1 1 1 1 1 1 1 1 1 1 1 1 1 1 1 1 1 1 1 1 1 1 1 1 1 1 1 1 1 1 1 1 1 1 1 1 1 1 1 1 1 1 1 1 1 1 1 1 1 1 1 1 1 1 1 1 1 1 1 1 1 1 1 1 1 1 1 1 1 1 1 1 1 1 1 1 1 1 1 1 1 1 1 1 1 1 1 1 1 1 1 1 1 1 1 1 1 1 1 1 1 1 1 1 1 1 1 1 1 1 1 1 1 1 1 1 1 1 1 1 1 1 1 1 1 1 1 1 1 1 1 1 1 1 1 1 1 1 1 1 1 1 1 1 1 1 1 1 1 1 1 1 1 1 1 1 1 1 1 1 1 1 1 1 1 1 1 1 1 1 1 1 1 1 1 1 1 1 1 1 1 1 1 1 1 1 1 1 1 1 1 1 1 1 1 1 1 1 1 1 1 1 1 1 1 1 1 1 1 1 1 1 1 1 1 1 1 1 1 1 1 1 1 1 1 1 1 1 1 1 1 1 1 1 1 1 1 1 1 1 1 1 1 1 1 1 1 1 1 1 1 1 1 1 1 1 1 1 1 1 1 1 1 1 1 1 1 1 1 1 1 1 1 1 1 1 1 1 1 1 1 1 1 1 1 1 1 1 1 1 1 1 1 1 1 1 1 1 1 1 1 1 1 1 1 1 1 1 1 1 1 1 1 1 1 1 1 1 1 1 1 1 1 1 1 1 1 1 1 1 1 1 1 1 1 1 1 1 1 1 1 1 1 1 1 1 1 1 1 1 1 1 1 1 1 1 1 1 1 1 1 1 1 1 1 1 1 1 1 1 1 1 1 1 1 1 1 1 1 1 1 1 1 1 1 1 1 1 1 1 1 1 1 1 1 1 1 1 1 1 1 1 1 1 1 1 1 1 1 1 1 1 1 1 1 1 1 1 1 1 1 1 1 1 1 1 1 1 1 1 1 1 1 1 1 1 1 1 1 1 1 1 1 1 1 1 1 1 1 1 1 1 1 1 1 1 1 1 1 1 1 1 1 1 1 1 1 1 1 1 1 1 1 1 1 1 1 1 1 1 1 1 1 1 1 1 1 1 1 1 1 1 1 1 1 1 1 1 1 1 1 1 1 1 1 1 1 1 1 1 1 1 1 1 1 1 1 1 1 1 1 1 1 1 1 1 1 1 1 1 1 1 1 1 1 1 1 1 1 1 1 1 1 1 1 1 1 1 1 1 1 1 1 1 1 1 1 1 1 1 1 1 1 1 1 1 1 1 1 1 1 1 1 1 1 1 1 1 1 1 1 1 1 1 1 1 1 1 1 1 1 1 1 1 1 1 1 1 1 1 1 1 1 1 1 1 1 1 1 1 1 1 1 1 1 1 1 1 1 1 1 1 1 1 1 1 1 1 1 1 1 1 1 1 1 1 1 1 1 1 1 1 1 1 1 1 1 1 1 1 1 1 1 1 1 1 1 1 1 1 1 1 1 1 1 1 1 1 1 1 1 1 1 1 1 1 1 1 1 1 1 1 1 1 1 1 1 1 1 1 1 1 1 1 1 1 1 1 1 1 1 1 1 1 1 1 1 1 1 1 1 1 1 1 1 1 1 1 1 1 1 1 1 1 1 1 1 1 1 1 1 1 1 1 1 1 1 1 1 1 1 1 1 1 1 1 1 1 1 1 1 1 1 1 1 1 1 1 1 1 1 1 1 1 1 1 1 1 1 1 1 1 1 1 1 1 1 1 1 1 1 1 1 1 1 1 1 1 1 1 1 1 1 1 1 1 1 1 1 1 1 1 1 1 1 1 1 1 1 1 1 1 1 1 1 1 1 1 1 1 1 1 1 1 1 1 1 1 1 1 1 1 1 1 1 1 1 1 1 1 1 1 1 1 1 1 1 1 1 1 1 1 1 1 1 1 1 1 1 1 1 1 1 1 1 1 1 1 1 1 1 1 1 1 1 1 1 1 1 1 1 1 1 1 1 1 1 1 1 1 1 1 1 1 1 1 1 1 1 1 1 1 1 1 1 1 1 1 1 1 1 1 1 1 1 1 1 1 1 1 1 1 1 1 1 1 1 1 1 1 1 1 1 1 1 1 1 1 1 1 1 1 1 1 1 1 1 1 1 1 1 1 1 1 1 1 1 1 1 1 1 1 1 1 1 1 1 1 1 1 1 1 1 1 1 1 1 1 1 1 1 1 1 1 1 1 1 1 1 1 1 1 1 1 1 1 1 1 1 1 1 1 1 1 1 1 1 1 1 1 1 1 1 1 1 1 1 1 1 1 1 1 1 1 1 1 1 1 1 1 1 1 1 1 1 1 1 1 1 1 1 1 1 1 1 1 1 1 1 1 1 1 1 1 1 1 1 1 1 1 1 1 1 1 1 1 1 1 1 1 1 1 1 1 1 1 1 1 1 1 1 1 1 1 1 1 1 1 1 1 1 1 1 1 1 1 1 1 1 1 1 1 1 1 1 1 1 1 1 1 1 1 1 1 1 1 1 1 1 1 1 1 1 1 1 1 1 1 1 1 1 1 1 1 1 1 1 1 1 1 1 1 1 1 1 1 1 1 1 1 1 1 1 1 1 1 1 1 1 1 1 1 1 1 1 1 1 1 1 1 1 1 1 1 1 1 1 1 1 1 1 1 1 1 1 1 1 1 1 1 1 1 1 1 1 1 1 1 1 1 1 1 1 1 1 1 1 1 1 1 1 1 1 1 1 1 1 1 1 1 1 1 1 1 1 1 1 1 1 1 1 1 1 1 1 1 1 1 1 1 1 1 1 1 1 1 1 1 1 1 1 1 1 1 1 1 1 1 1 1 1 1 1 1 1 1 1 1 1 1 1 1 1 1 1 1 1 1 1 1 1 1 1 1 1 1 1 1 1 1 1 1 1 1 1 1 1 1 1 1 1 1 1 1 1 1 1 1 1 1 1 1 1 1 1 1 1 1 1 1 1 1 1 1 1 1 1 1 1 1 1 1 1 1 1 1 1 1 1 1 1 1 1 1 1 1 1 1 1 1 1 1 1 1 1 1 1 1 1 1 1 1 1 1 1 1 1 1 1 1 1 1 1 1 1 1 1 1 1 1 1 1 1 1 1 1 1 1 1 1 1 1 1 1 1 1 1 1 1 1 1 1 1 1 1 1 1 1 1 1 1 1 1 1 1 1 1 1 1 1 1 1 1 1 1 1 1 1 1 1 1 1 1 1 1 1 1 1 1 1 1 1 1 1 1 1 1 1 1 1 1 1 1 1 1 1 1 1 1 1 1 1 1 1 1 1 1 1 1 1 1 1 1 1 1 1 1 1 1 1 1 1 1 1 1 1 1 1 1 1 1 1 1 1 1 1 1 1 1 1 1 1 1 1 1 1 1 1 1 1 1 1 1 1 1 1 1 1 1 1 1 1 1 1 1 1 1 1 1 1 1 1 1 1 1 1 1 1 1 1 1 1 1 1 1 1 1 1 1 1 1 1 1 1 1 1 1 1 1 1 1 1 1 1 1 1 1 1 1 1 1 1 1 1 1 1 1 1 1 1 1 1 1 1 1 1 1 1 1 1 1 1 1 1 1 1 1 1 1 1 1 1 1 1 1 1 1 1 1 1 1 1 1 1 1 1 1 1 1 1 1 1 1 1 1 1 1 1 1 1 1 1 1 1 1 1 1 1 1 1 1 1 1 1 1 1 1 1 1 1 1 1 1 1 1 1 1 1 1 1 1 1 1 1 1 1 1 1 1 1 1 1 1 1 1 1 1 1 1 1 1 1 1 1 1 1 1 1 1 1 1 1 1 1 1 1 1 1 1 1 1 1 1 1 1 1 1 1 1 1 1 1 1 1 1 1 1 1 1 1 1 1 1 1 1 1 1 1 1 1 1 1 1 1 1 1 1 1 1 1 1 1 1 1 1 1 1 1 1 1 1 1 1 1 1 1 1 1 1 1 1 1 1 1 1 1 1 1 1 1 1 1 1 1 1 1 1 1 1 1 1 1 1 1 1 1 1 1 1 1 1 1 1 1 1 1 1 1 1 1 1 1 1 1 1 1 1 1 1 1 1 1 1 1 1 1 1 1 1 1 1 1 1 1 1 1 1 1 1 1 1 1 1 1 1 1 1 1 1 1 1 1 1 1 1 1 1 1 1 1 1 1 1 1 1 1 1 1 1 1 1 1 1 1 1 1 1 1 1 1 1 1 1 1 1 1 1 1 1 1 1 1 1 1 1 1 1 1 1 1 1 1 1 1 1 1 1 1 1 1 1 1 1 1 1 1 1 1 1 1 1 1 1 1 1 1 1 1 1 1 1 1 1 1 1 1 1 1 1 1 1 1 1 1 1 1 1 1 1 1 1 1 1 1 1 1 1 1 1 1 1 1 1 1 1 1 1 1 1 1 1 1 1 1 1 1 1 1 1 1 1 1 1 1 1 1 1 1 1 1 1 1 1 1 1 1 1 1 1 1 1 1 1 1 1 1 1 1 1 1 1 1 1 1 1 1 1 1 1 1 1 1 1 1 1 1 1 1 1 1 1 1 1 1 1 1 1 1 1 1 1 1 1 1 1 1 1 1 1 1 1 1 1 1 1 1 1 1 1 1 1 1 1 1 1 1 1 1 1 1 1 1 1 1 1 1 1 1 1 1 1 1 1 1 1 1 1 1 1 1 1 1 1 1 1 1 1 1 1 1 1 1 1 1 1 1 1 1 1 1 1 1 1 1 1 1 1 1 1 1 1 1 1 1 1 1 1 1 1 1 1 1 1 1 1 1 1 1 1 1 1 1 1 1 1 1 1 1 1 1 1 1 1 1 1 1 1 1 1 1 1 1 1 1 1 1 1 1 1 1 1 1 1 1 1 1 1 1 1 1 1 1 1 1 1 1 1 1 1 1 1 1 1 1 1 1 1 1 1 1 1 1 1 1 1 1 1 1 1 1 1 1 1 1 1 1 1 1 1 1 1 1 1 1 1 1 1 1 1 1 1 1 1 1 1 1 1 1 1 1 1 1 1 1 1 1 1 1 1 1 1 1 1 1 1 1 1 1 1 1 1 1 1 1 1 1 1 1 1 1 1 1 1 1 1 1 1 1 1 1 1 1 1 1 1 1 1 1 1 1 1 1 1 1 1 1 1 1 1 1 1 1 1 1 1 1 1 1 1 1 1 1 1 1 1 1 1 1 1 1 1 1 1 1 1 1 1 1 1 1 1 1 1 1 1 1 1 1 1 1 1 1 1 1 1 1 1 1 1 1 1 1 1 1 1 1 1 1 1 1 1 1 1 1 1 1 1 1 1 1 1 1 1 1 1 1 1 1 1 1 1 1 1 1 1 1 1 1 1 1 1 1 1 1 1 1 1 1 1 1 1 1 1 1 1 1 1 1 1 1 1 1 1 1 1 1 1 1 1 1 1 1 1 1 1 1 1 1 1 1 1 1 1 1 1 1 1 1 1 1 1 1 1 1 1 1 1 1 1 1 1 1 1 1 1 1 1 1 1 1 1 1 1 1 1 1 1 1 1 1 1 1 1 1 1 1 1 1 1 1 1 1 1 1 1 1 1 1 1 1 1 1 1 1 1 1 1 1 1 1 1 1 1 1 1 1 1 1 1 1 1 1 1 1 1 1 1 1 1 1 1 1 1 1 1 1 1 1 1 1 1 1 1 1 1 1 1 1 1 1 1 1 1 1 1 1 1 1 1 1 1 1 1 1 1 1 1 1 1 1 1 1 1 1 1 1 1 1 1 1 1 1 1 1 1 1 1 1 1 1 1 1 1 1 1 1 1 1 1 1 1 1 1 1 1 1 1 1 1 1 1 1 1 1 1 1 1 1 1 1 1 1 1 1 1 1 1 1 1 1 1 1 1 1 1 1 1 1 1 1 1 1 1 1 1 1 1 1 1 1 1 1 1 1 1 1 1 1 1 1 1 1 1 1 1 1 1 1 1 1 1 1 1 1 1 1 1 1 1 1 1 1 1 1 1 1 1 1 1 1 1 1 1 1 1 1 1 1 1 1 1 1 1 1 1 1 1 1 1 1 1 1 1 1 1 1 1 1 1 1 1 1 1 1 1 1 1 1 1 1 1 1 1 1 1 1 1 1 1 1 1 1 1 1 1 1 1 1 1 1 1 1 1 1 1 1 1 1 1 1 1 1 1 1 1 1 1 1 1 1 1 1 1 1 1 1 1 1 1 1 1 1 1 1 1 1 1 1 1 1 1 1 1 1 1 1 1 1 1 1 1 1 1 1 1 1 1 1 1 1 1 1 1 1 1 1 1 1 1 1 1 1 1 1 1 1 1 1 1 1 1 1 1 1 1 1 1 1 1 1 1 1 1 1 1 1 1 1 1 1 1 1 1 1 1 1 1 1 1 1 1 1 1 1 1 1 1 1 1 1 1 1 1 1 1 1 1 1 1 1 1 1 1 1 1 1 1 1 1 1 1 1 1 1 1 1 1 1 1 1 1 1 1 1 1 1 1 1 1 1 1 1 1 1 1 1 1 1 1 1 1 1 1 1 1 1 1 1 1 1 1 1 1 1 1 1 1 1 1 1 1 1 1 1 1 1 1 1 1 1 1 1 1 1 1 1 1 1 1 1 1 1 1 1 1 1 1 1 1 1 1 1 1 1 1 1 1 1 1 1 1 1 1 1 1 1 1 1 1 1 1 1 1 1 1 1 1 1 1 1 1 1 1 1 1 1 1 1 1 1 1 1 1 1 1 1 1 1 1 1 1 1 1 1 1 1 1 1 1 1 1 1 1 1 1 1 1 1 1 1 1 1 1 1 1 1 1 1 1 1 1 1 1 1 1 1 1 1 1 1 1 1 1 1 1 1 1 1 1 1 1 1 1 1 1 1 1 1 1 1 1 1 1 1 1 1 1 1 1 1 1 1 1 1 1 1 1 1 1 1 1 1 1 1 1 1 1 1 1 1 1 1 1 1 1 1 1 1 1 1 1 1 1 1 1 1 1 1 1 1 1 1 1 1 1 1 1 1 1 1 1 1 1 1 1 1 1 1 1 1 1 1 1 1 1 1 1 1 1 1 1 1 1 1 1 1 1 1 1 1 1 1 1 1 1 1 1 1 1 1 1 1 1 1 1 1 1 1 1 1 1 1 1 1 1 1 1 1 1 1 1 1 1 1 1 1 1 1 1 1 1 1 1 1 1 1 1 1 1 1 1 1 1 1 1 1 1 1 1 1 1 1 1 1 1 1 1 1 1 1 1 1 1 1 1 1 1 1 1 1 1 1 1 1 1 1 1 1 1 1 1 1 1 1 1 1 1 1 1 1 1 1 1 1 1 1 1 1 1 1 1 1 1 1 1 1 1 1 1 1 1 1 1 1 1 1 1 1 1 1 1 1 1 1 1 1 1 1 1 1 1 1 1 1 1 1 1 1 1 1 1 1 1 1 1 1 1 1 1 1 1 1 1 1 1 1 1 1 1 1 1 1 1 1 1 1 1 1 1 1 1 1 1 1 1 1 1 1 1 1 1 1 1 1 1 1 1 1 1 1 1 1 1 1 1 1 1 1 1 1 1 1 1 1 1 1 1 1 1 1 1 1 1 1 1 1 1 1 1 1 1 1 1 1 1 1 1 1 1 1 1 1 1 1 1 1 1 1 1 1 1 1 1 1 1 1 1 1 1 1 1 1 1 1 1 1 1 1 1 1 1 1 1 1 1 1 1 1 1 1 1 1 1 1 1 1 1 1 1 1 1 1 1 1 1 1 1 1 1 1 1 1 1 1 1 1 1 1 1 1 1 1 1 1 1 1 1 1 1 1 1 1 1 1 1 1 1 1 1 1 1 1 1 1 1 1 1 1 1 1 1 1 1 1 1 1 1 1 1 1 1 1 1 1 1 1 1 1 1 1 1 1 1 1 1 1 1 1 1 1 1 1 1 1 1 1 1 1 1 1 1 1 1 1 1 1 1 1 1 1 1 1 1 1 1 1 1 1 1 1 1 1 1 1 1 1 1 1 1 1 1 1 1 1 1 1 1 1 1 1 1 1 1 1 1 1 1 1 1 1 1 1 1 1 1 1 1 1 1 1 1 1 1 1 1 1 1 1 1 1 1 1 1 1 1 1 1 1 1 1 1 1 1 1 1 1 1 1 1 1 1 1 1 1 1 1 1 1 1 1 1 1 1 1 1 1 1 1 1 1 1 1 1 1 1 1 1 1 1 1 1 1 1 1 1 1 1 1 1 1 1 1 1 1 1 1 1 1 1 1 1 1 1 1 1 1 1 1 1 1 1 1 1 1 1 1 1 1 1 1 1 1 1 1 1 1 1 1 1 1 1 1 1 1 1 1 1 1 1 1 1 1 1 1 1 1 1 1 1 1 1 1 1 1 1 1 1 1 1 1 1 1 1 1 1 1 1 1 1 1 1 1 1 1 1 1 1 1 1 1 1 1 1 1 1 1 1 1 1 1 1 1 1 1 1 1 1 1 1 1 1 1 1 1 1 1 1 1 1 1 1 1 1 1 1 1 1 1 1 1 1 1 1 1 1 1 1 1 1 1 1 1 1 1 1 1 1 1 1 1 1 1 1 1 1 1 1 1 1 1 1 1 1 1 1 1 1 1 1 1 1 1 1 1 1 1 1 1 1 1 1 1 1 1 1 1 1 1 1 1 1 1 1 1 1 1 1 1 1 1 1 1 1 1 1 1 1 1 1 1 1 1 1 1 1 1 1 1 1 1 1 1 1 1 1 1 1 1 1 1 1 1 1 1 1 1 1 1 1 1 1 1 1 1 1 1 1 1 1 1 1 1 1 1 1 1 1 1 1 1 1 1 1 1 1 1 1 1 1 1 1 1 1 1 1 1 1 1 1 1 1 1 1 1 1 1 1 1 1 1 1 1 1 1 1 1 1 1 1 1 1 1 1 1 1 1 1 1 1 1 1 1 1 1 1 1 1 1 1 1 1 1 1 1 1 1 1 1 1 1 1 1 1 1 1 1 1 1 1 1 1 1 1 1 1 1 1 1 1 1 1 1 1 1 1 1 1 1 1 1 1 1 1 1 1 1 1 1 1 1 1 1 1 1 1 1 1 1 1 1 1 1 1 1 1 1 1 1 1 1 1 1 1 1 1 1 1 1 1 1 1 1 1 1 1 1 1 1 1 1 1 1 1 1 1 1 1 1 1 1 1 1 1 1 1 1 1 1 1 1 1 1 1 1 1 1 1 1 1 1 1 1 1 1 1 1 1 1 1 1 1 1 1 1 1 1 1 1 1 1 1 1 1 1 1 1 1 1 1 1 1 1 1 1 1 1 1 1 1 1 1 1 1 1 1 1 1 1 1 1 1 1 1 1 1 1 1 1 1 1 1 1 1 1 1 1 1 1 1 1 1 1 1 1 1 1 1 1 1 1 1 1 1 1 1 1 1 1 1 1 1 1 1 1 1 1 1 1 1 1 1 1 1 1 1 1 1 1 1 1 1 1 1 1 1 1 1 1 1 1 1 1 1 1 1 1 1 1 1 1 1 1 1 1 1 1 1 1 1 1 1 1 1 1 1 1 1 1 1 1 1 1 1 1 1 1 1 1 1 1 1 1 1 1 1 1 1 1 1 1 1 1 1 1 1 1 1 1 1 1 1 1 1 1 1 1 1 1 1 1 1 1 1 1 1 1 1 1 1 1 1 1 1 1 1 1 1 1 1 1 1 1 1 1 1 1 1 1 1 1 1 1 1 1 1 1 1 1 1 1 1 1 1 1 1 1 1 1 1 1 1 1 1 1 1 1 1 1 1 1 1 1 1 1 1 1 1 1 1 1 1 1 1 1 1 1 1 1 1 1 1 1 1 1 1 1 1 1 1 1 1 1 1 1 1 1 1 1 1 1 1 1 1 1 1 1 1 1 1 1 1 1 1 1 1 1 1 1 1 1 1 1 1 1 1 1 1 1 1 1 1 1 1 1 1 1 1 1 1 1 1 1 1 1 1 1 1 1 1 1 1 1 1 1 1 1 1 1 1 1 1 1 1 1 1 1 1 1 1 1 1 1 1 1 1 1 1 1 1 1 1 1 1 1 1 1 1 1 1 1 1 1 1 1 1 1 1 1 1 1 1 1 1 1 1 1 1 1 1 1 1 1 1 1 1 1 1 1 1 1 1 1 1 1 1 1 1 1 1 1 1 1 1 1 1 1 1 1 1 1 1 1 1 1 1 1 1 1 1 1 1 1 1 1 1 1 1 1 1 1 1 1 1 1 1 1 1 1 1 1 1 1 1 1 1 1 1 1 1 1 1 1 1 1 1 1 1 1 1 1 1 1 1 1 1 1 1 1 1 1 1 1 1 1 1 1 1 1 1 1 1 1 1 1 1 1 1 1 1 1 1 1 1 1 1 1 1 1 1 1 1 1 1 1 1 1 1 1 1 1 1 1 1 1 1 1 1 1 1 1 1 1 1 1 1 1 1 1 1 1 1 1 1 1 1 1 1 1 1 1 1 1 1 1 1 1 1 1 1 1 1 1 1 1 1 1 1 1 1 1 1 1 1 1 1 1 1 1 1 1 1 1 1 1 1 1 1 1 1 1 1 1 1 1 1 1 1 1 1 1 1 1 1 1 1 1 1 1 1 1 1 1 1 1 1 1 1 1 1 1 1 1 1 1 1 1 1 1 1 1 1 1 1 1 1 1 1 1 1 1 1 1 1 1 1 1 1 1 1 1 1 1 1 1 1 1 1 1 1 1 1 1 1 1 1 1 1 1 1 1 1 1 1 1 1 1 1 1 1 1 1 1 1 1 1 1 1 1 1 1 1 1 1 1 1 1 1 1 1 1 1 1 1 1 1 1 1 1 1 1 1 1 1 1 1 1 1 1 1 1 1 1 1 1 1 1 1 1 1 1 1 1 1 1 1 1 1 1 1 1 1 1 1 1 1 1 1 1 1 1 1 1 1 1 1 1 1 1 1 1 1 1 1 1 1 1 1 1 1 1 1 1 1 1 1 1 1 1 1 1 1 1 1 1 1 1 1 1 1 1 1 1 1 1 1 1 1 1 1 1 1 1 1 1 1 1 1 1 1 1 1 1 1 1 1 1 1 1 1 1 1 1 1 1 1 1 1 1 1 1 1 1 1 1 1 1 1 1 1 1 1 1 1 1 1 1 1 1 1 1 1 1 1 1 1 1 1 1 1 1 1 1 1 1 1 1 1 1 1 1 1 1 1 1 1 1 1 1 1 1 1 1 1 1 1 1 1 1 1 1 1 1 1 1 1 1 1 1 1 1 1 1 1 1 1 1 1 1 1 1 1 1 1 1 1 1 1 1 1 1 1 1 1 1 1 1 1 1 1 1 1 1 1 1 1 1 1 1 1 1 1 1 1 1 1 1 1 1 1 1 1 1 1 1 1 1 1 1 1 1 1 1 1 1 1 1 1 1 1 1 1 1 1 1 1 1 1 1 1 1 1 1 1 1 1 1 1 1 1 1 1 1 1 1 1 1 1 1 1 1 1 1 1 1 1 1 1 1 1 1 1 1 1 1 1 1 1 1 1 1 1 1 1 1 1 1 1 1 1 1 1 1 1 1 1 1 1 1 1 1 1 1 1 1 1 1 1 1 1 1 1 1 1 1 1 1 1 1 1 1 1 1 1 1 1 1 1 1 1 1 1 1 1 1 1 1 1 1 1 1 1 1 1 1 1 1 1 1 1 1 1 1 1 1 1 1 1 1 1 1 1 1 1 1 1 1 1 1 1 1 1 1 1 1 1 1 1 1 1 1 1 1 1 1 1 1 1 1 1 1 1 1 1 1 1 1 1 1 1 1 1 1 1 1 1 1 1 1 1 1 1 1 1 1 1 1 1 1 1 1 1 1 1 1 1 1 1 1 1 1 1 1 1 1 1 1 1 1 1 1 1 1 1 1 1 1 1 1 1 1 1 1 1 1 1 1 1 1 1 1 1 1 1 1 1 1 1 1 1 1 1 1 1 1 1 1 1 1 1 1 1 1 1 1 1 1 1 1 1 1 1 1 1 1 1 1 1 1 1 1 1 1 1 1 1 1 1 1 1 1 1 1 1 1 1 1 1 1 1 1 1 1 1 1 1 1 1 1 1 1 1 1 1 1 1 1 1 1 1 1 1 1 1 1 1 1 1 1 1 1 1 1 1 1 1 1 1 1 1 1 1 1 1 1 1 1 1 1 1 1 1 1 1 1 1 1 1 1 1 1 1 1 1 1 1 1 1 1 1 1 1 1 1 1 1 1 1 1 1 1 1 1 1 1 1 1 1 1 1 1 1 1 1 1 1 1 1 1 1 1 1 1 1 1 1 1 1 1 1 1 1 1 1 1 1 1 1 1 1 1 1 1 1 1 1 1 1 1 1 1 1 1 1 1 1 1 1 1 1 1 1 1 1 1 1 1 1 1 1 1 1 1 1 1 1 1 1 1 1 1 1 1 1 1 1 1 1 1 1 1 1 1 1 1 1 1 1 1 1 1 1 1 1 1 1 1 1 1 1 1 1 1 1 1 1 1 1 1 1 1 1 1 1 1 1 1 1 1 1 1 1 1 1 1 1 1 1 1 1 1 1 1 1 1 1 1 1 1 1 1 1 1 1 1 1 1 1 1 1 1 1 1 1 1 1 1 1 1 1 1 1 1 1 1 1 1 1 1 1 1 1 1 1 1 1 1 1 1 1 1 1 1 1 1 1 1 1 1 1 1 1 1 1 1 1 1 1 1 1 1 1 1 1 1 1 1 1 1 1 1 1 1 1 1 1 1 1 1 1 1 1 1 1 1 1 1 1 1 1 1 1 1 1 1 1 1 1 1 1 1 1 1 1 1 1 1 1 1 1 1 1 1 1 1 1 1 1 1 1 1 1 1 1 1 1 1 1 1 1 1 1 1 1 1 1 1 1 1 1 1 1 1 1 1 1 1 1 1 1 1 1 1 1 1 1 1 1 1 1 1 1 1 1 1 1 1 1 1 1 1 1 1 1 1 1 1 1 1 1 1 1 1 1 1 1 1 1 1 1 1 1 1 1 1 1 1 1 1 1 1 1 1 1 1 1 1 1 1 1 1 1 1 1 1 1 1 1 1 1 1 1 1 1 1 1 1 1 1 1 1 1 1 1 1 1 1 1 1 1 1 1 1 1 1 1 1 1 1 1 1 1 1 1 1 1 1 1 1 1 1 1 1 1 1 1 1 1 1 1 1 1 1 1 1 1 1 1 1 1 1 1 1 1 1 1 1 1 1 1 1 1 1 1 1 1 1 1 1 1 1 1 1 1 1 1 1 1 1 1 1 1 1 1 1 1 1 1 1 1 1 1 1 1 1 1 1 1 1 1 1 1 1 1 1 1 1 1 1 1 1 1 1 1 1 1 1 1 1 1 1 1 1 1 1 1 1 1 1 1 1 1 1 1 1 1 1 1 1 1 1 1 1 1 1 1 1 1 1 1 1 1 1 1 1 1 1 1 1 1 1 1 1 1 1 1 1 1 1 1 1 1 1 1 1 1 1 1 1 1 1 1 1 1 1 1 1 1 1 1 1 1 1 1 1 1 1 1 1 1 1 1 1 1 1 1 1 1 1 1 1 1 1 1 1 1 1 1 1 1 1 1 1 1 1 1 1 1 1 1 1 1 1 1 1 1 1 1 1 1 1 1 1 1 1 1 1 1 1 1 1 1 1 1 1 1 1 1 1 1 1 1 1 1 1 1 1 1 1 1 1 1 1 1 1 1 1 1 1 1 1 1 1 1 1 1 1 1 1 1 1 1 1 1 1 1 1 1 1 1 1 1 1 1 1 1 1 1 1 1 1 1 1 1 1 1 1 1 1 1 1 1 1 1 1 1 1 1 1 1 1 1 1 1 1 1 1 1 1 1 1 1 1 1 1 1 1 1 1 1 1 1 1 1 1 1 1 1 1 1 1 1 1 1 1 1 1 1 1 1 1 1 1 1 1 1 1 1 1 1 1 1 1 1 1 1 1 1 1 1 1 1 1 1 1 1 1 1 1 1 1 1 1 1 1 1 1 1 1 1 1 1 1 1 1 1 1 1 1 1 1 1 1 1 1 1 1 1 1 1 1 1 1 1 1 1 1 1 1 1 1 1 1 1 1 1 1 1 1 1 1 1 1 1 1 1 1 1 1 1 1 1 1 1 1 1 1 1 1 1 1 1 1 1 1 1 1 1 1 1 1 1 1 1 1 1 1 1 1 1 1 1 1 1 1 1 1 1 1 1 1 1 1 1 1 1 1 1 1 1 1 1 1 1 1 1 1 1 1 1 1 1 1 1 1 1 1 1 1 1 1 1 1 1 1 1 1 1 1 1 1 1 1 1 1 1 1 1 1 1 1 1 1 1 1 1 1 1 1 1 1 1 1 1 1 1 1 1 1 1 1 1 1 1 1 1 1 1 1 1 1 1 1 1 1 1 1 1 1 1 1 1 1 1 1 1 1 1 1 1 1 1 1 1 1 1 1 1 1 1 1 1 1 1 1 1 1 1 1 1 1 1 1 1 1 1 1 1 1 1 1 1 1 1 1 1 1 1 1 1 1 1 1 1 1 1 1 1 1 1 1 1 1 1 1 1 1 1 1 1 1 1 1 1 1 1 1 1 1 1 1 1 1 1 1 1 1 1 1 1 1 1 1 1 1 1 1 1 1 1 1 1 1 1 1 1 1 1 1 1 1 1 1 1 1 1 1 1 1 1 1 1 1 1 1 1 1 1 1 1 1 1 1 1 1 1 1 1 1 1 1 1 1 1 1 1 1 1 1 1 1 1 1 1 1 1 1 1 1 1 1 1 1 1 1 1 1 1 1 1 1 1 1 1 1 1 1 1 1 1 1 1 1 1 1 1 1 1 1 1 1 1 1 1 1 1 1 1 1 1 1 1 1 1 1 1 1 1 1 1 1 1 1 1 1 1 1 1 1 1 1 1 1 1 1 1 1 1 1 1 1 1 1 1 1 1 1 1 1 1 1 1 1 1 1 1 1 1 1 1 1 1 1 1 1 1 1 1 1 1 1 1 1 1 1 1 1 1 1 1 1 1 1 1 1 1 1 1 1 1 1 1 1 1 1 1 1 1 1 1 1 1 1 1 1 1 1 1 1 1 1 1 1 1 1 1 1 1 1 1 1 1 1 1 1 1 1 1 1 1 1 1 1 1 1 1 1 1 1 1 1 1 1 1 1 1 1 1 1 1 1 1 1 1 1 1 1 1 1 1 1 1 1 1 1 1 1 1 1 1 1 1 1 1 1 1 1 1 1 1 1 1 1 1 1 1 1 1 1 1 1 1 1 1 1 1 1 1 1 1 1 1 1 1 1 1 1 1 1 1 1 1 1 1 1 1 1 1 1 1 1 1 1 1 1 1 1 1 1 1 1 1 1 1 1 1 1 1 1 1 1 1 1 1 1 1 1 1 1 1 1 1 1 1 1 1 1 1 1 1 1 1 1 1 1 1 1 1 1 1 1 1 1 1 1 1 1 1 1 1 1 1 1 1 1 1 1 1 1 1 1 1 1 1 1 1 1 1 1 1 1 1 1 1 1 1 1 1 1 1 1 1 1 1 1 1 1 1 1 1 1 1 1 1 1 1 1 1 1 1 1 1 1 1 1 1 1 1 1 1 1 1 1 1 1 1 1 1 1 1 1 1 1 1 1 1 1 1 1 1 1 1 1 1 1 1 1 1 1 1 1 1 1 1 1 1 1 1 1 1 1 1 1 1 1 1 1 1 1 1 1 1 1 1 1 1 1 1 1 1 1 1 1 1 1 1 1 1 1 1 1 1 1 1 1 1 1 1 1 1 1 1 1 1 1 1 1 1 1 1 1 1 1 1 1 1 1 1 1 1 1 1 1 1 1 1 1 1 1 1 1 1 1 1 1 1 1 1 1 1 1 1 1 1 1 1 1 1 1 1 1 1 1 1 1 1 1 1 1 1 1 1 1 1 1 1 1 1 1 1 1 1 1 1 1 1 1 1 1 1 1 1 1 1 1 1 1 1 1 1 1 1 1 1 1 1 1 1 1 1 1 1 1 1 1 1 1 1 1 1 1 1 1 1 1 1 1 1 1 1 1 1 1 1 1 1 1 1 1 1 1 1 1 1 1 1 1 1 1 1 1 1 1 1 1 1 1 1 1 1 1 1 1 1 1 1 1 1 1 1 1 1 1 1 1 1 1 1 1 1 1 1 1 1 1 1 1 1 1 1 1 1 1 1 1 1 1 1 1 1 1 1 1 1 1 1 1 1 1 1 1 1 1 1 1 1 1 1 1 1 1 1 1 1 1 1 1 1 1 1 1 1 1 1 1 1 1 1 1 1 1 1 1 1 1 1 1 1 1 1 1 1 1 1 1 1 1 1 1 1 1 1 1 1 1 1 1 1 1 1 1 1 1 1 1 1 1 1 1 1 1 1 1 1 1 1 1 1 1 1 1 1 1 1 1 1 1 1 1 1 1 1 1 1 1 1 1 1 1 1 1 1 1 1 1 1 1 1 1 1 1 1 1 1 1 1 1 1 1 1 1 1 1 1 1 1 1 1 1 1 1 1 1 1 1 1 1 1 1 1 1 1 1 1 1 1 1 1 1 1 1 1 1 1 1 1 1 1 1 1 1 1 1 1 1 1 1 1 1 1 1 1 1 1 1 1 1 1 1 1 1 1 1 1 1 1 1 1 1 1 1 1 1 1 1 1 1 1 1 1 1 1 1 1 1 1 1 1 1 1 1 1 1 1 1 1 1 1 1 1 1 1 1 1 1 1 1 1 1 1 1 1 1 1 1 1 1 1 1 1 1 1 1 1 1 1 1 1 1 1 1 1 1 1 1 1 1 1 1 1 1 1 1 1 1 1 1 1 1 1 1 1 1 1 1 1 1 1 1 1 1 1 1 1 1 1 1 1 1 1 1 1 1 1 1 1 1 1 1 1 1 1 1 1 1 1 1 1 1 1 1 1 1 1 1 1 1 1 1 1 1 1 1 1 1 1 1 1 1 1 1 1 1 1 1 1 1 1 1 1 1 1 1 1 1 1 1 1 1 1 1 1 1 1 1 1 1 1 1 1 1 1 1 1 1 1 1 1 1 1 1 1 1 1 1 1 1 1 1 1 1 1 1 1 1 1 1 1 1 1 1 1 1 1 1 1 1 1 1 1 1 1 1 1 1 1 1 1 1 1 1 1 1 1 1 1 1 1 1 1 1 1 1 1 1 1 1 1 1 1 1 1 1 1 1 1 1 1 1 1 1 1 1 1 1 1 1 1 1 1 1 1 1 1 1 1 1 1 1 1 1 1 1 1 1 1 1 1 1 1 1 1 1 1 1 1 1 1 1 1 1 1 1 1 1 1 1 1 1 1 1 1 1 1 1 1 1 1 1 1 1 1 1 1 1 1 1 1 1 1 1 1 1 1 1 1 1 1 1 1 1 1 1 1 1 1 1 1 1 1 1 1 1 1 1 1 1 1 1 1 1 1 1 1 1 1 1 1 1 1 1 1 1 1 1 1 1 1 1 1 1 1 1 1 1 1 1 1 1 1 1 1 1 1 1 1 1 1 1 1 1 1 1 1 1 1 1 1 1 1 1 1 1 1 1 1 1 1 1 1 1 1 1 1 1 1 1 1 1 1 1 1 1 1 1 1 1 1 1 1 1 1 1 1 1 1 1 1 1 1 1 1 1 1 1 1 1 1 1 1 1 1 1 1 1 1 1 1 1 1 1 1 1 1 1 1 1 1 1 1 1 1 1 1 1 1 1 1 1 1 1 1 1 1 1 1 1 1 1 1 1 1 1 1 1 1 1 1 1 1 1 1 1 1 1 1 1 1 1 1 1 1 1 1 1 1 1 1 1 1 1 1 1 1 1 1 1 1 1 1 1 1 1 1 1 1 1 1 1 1 1 1 1 1 1 1 1 1 1 1 1 1 1 1 1 1 1 1 1 1 1 1 1 1 1 1 1 1 1 1 1 1 1 1 1 1 1 1 1 1 1 1 1 1 1 1 1 1 1 1 1 1 1 1 1 1 1 1 1 1 1 1 1 1 1 1 1 1 1 1 1 1 1 1 1 1 1 1 1 1 1 1 1 1 1 1 1 1 1 1 1 1 1 1 1 1 1 1 1 1 1 1 1 1 1 1 1 1 1 1 1 1 1 1 1 1 1 1 1 1 1 1 1 1 1 1 1 1 1 1 1 1 1 1 1 1 1 1 1 1 1 1 1 1 1 1 1 1 1 1 1 1 1 1 1 1 1 1 1 1 1 1 1 1 1 1 1 1 1 1 1 1 1 1 1 1 1 1 1 1 1 1 1 1 1 1 1 1 1 1 1 1 1 1 1 1 1 1 1 1 1 1 1 1 1 1 1 1 1 1 1 1 1 1 1 1 1 1 1 1 1 1 1 1 1 1 1 1 1 1 1 1 1 1 1 1 1 1 1 1 1 1 1 1 1 1 1 1 1 1 1 1 1 1 1 1 1 1 1 1 1 1 1 1 1 1 1 1 1 1 1 1 1 1 1 1 1 1 1 1 1 1 1 1 1 1 1 1 1 1 1 1 1 1 1 1 1 1 1 1 1 1 1 1 1 1 1 1 1 1 1 1 1 1 1 1 1 1 1 1 1 1 1 1 1 1 1 1 1 1 1 1 1 1 1 1 1 1 1 1 1 1 1 1 1 1 1 1 1 1 1 1 1 1 1 1 1 1 1 1 1 1 1 1 1 1 1 1 1 1 1 1 1 1 1 1 1 1 1 1 1 1 1 1 1 1 1 1 1 1 1 1 1 1 1 1 1 1 1 1 1 1 1 1 1 1 1 1 1 1 1 1 1 1 1 1 1 1 1 1 1 1 1 1 1 1 1 1 1 1 1 1 1 1 1 1 1 1 1 1 1 1 1 1 1 1 1 1 1 1 1 1 1 1 1 1 1 1 1 1 1 1 1 1 1 1 1 1 1 1 1 1 1 1 1 1 1 1 1 1 1 1 1 1 1 1 1 1 1 1 1 1 1 1 1 1 1 1 1 1 1 1 1 1 1 1 1 1 1 1 1 1 1 1 1 1 1 1 1 1 1 1 1 1 1 1 1 1 1 1 1 1 1 1 1 1 1 1 1 1 1 1 1 1 1 1 1 1 1 1 1 1 1 1 1 1 1 1 1 1 1 1 1 1 1 1 1 1 1 1 1 1 1 1 1 1 1 1 1 1 1 1 1 1 1 1 1 1 1 1 1 1 1 1 1 1 1 1 1 1 1 1 1 1 1 1 1 1 1 1 1 1 1 1 1 1 1 1 1 1 1 1 1 1 1 1 1 1 1 1 1 1 1 1 1 1 1 1 1 1 1 1 1 1 1 1 1 1 1 1 1 1 1 1 1 1 1 1 1 1 1 1 1 1 1 1 1 1 1 1 1 1 1 1 1 1 1 1 1 1 1 1 1 1 1 1 1 1 1 1 1 1 1 1 1 1 1 1 1 1 1 1 1 1 1 1 1 1 1 1 1 1 1 1 1 1 1 1 1 1 1 1 1 1 1 1 1 1 1 1 1 1 1 1 1 1 1 1 1 1 1 1 1 1 1 1 1 1 1 1 1 1 1 1 1 1 1 1 1 1 1 1 1 1 1 1 1 1 1 1 1 1 1 1 1 1 1 1 1 1 1 1 1 1 1 1 1 1 1 1 1 1 1 1 1 1 1 1 1 1 1 1 1 1 1 1 1 1 1 1 1 1 1 1 1 1 1 1 1 1 1 1 1 1 1 1 1 1 1 1 1 1 1 1 1 1 1 1 1 1 1 1 1 1 1 1 1 1 1 1 1 1 1 1 1 1 1 1 1 1 1 1 1 1 1 1 1 1 1 1 1 1 1 1 1 1 1 1 1 1 1 1 1 1 1 1 1 1 1 1 1 1 1 1 1 1 1 1 1 1 1 1 1 1 1 1 1 1 1 1 1 1 1 1 1 1 1 1 1 1 1 1 1 1 1 1 1 1 1 1 1 1 1 1 1 1 1 1 1 1 1 1 1 1 1 1 1 1 1 1 1 1 1 1 1 1 1 1 1 1 1 1 1 1 1 1 1 1 1 1 1 1 1 1 1 1 1 1 1 1 1 1 1 1 1 1 1 1 1 1 1 1 1 1 1 1 1 1 1 1 1 1 1 1 1 1 1 1 1 1 1 1 1 1 1 1 1 1 1 1 1 1 1 1 1 1 1 1 1 1 1 1 1 1 1 1 1 1 1 1 1 1 1 1 1 1 1 1 1 1 1 1 1 1 1 1 1 1 1 1 1 1 1 1 1 1 1 1 1 1 1 1 1 1 1 1 1 1 1 1 1 1 1 1 1 1 1 1 1 1 1 1 1 1 1 1 1 1 1 1 1 1 1 1 1 1 1 1 1 1 1 1 1 1 1 1 1 1 1 1 1 1 1 1 1 1 1 1 1 1 1 1 1 1 1 1 1 1 1 1 1 1 1 1 1 1 1 1 1 1 1 1 1 1 1 1 1 1 1 1 1 1 1 1 1 1 1 1 1 1 1 1 1 1 1 1 1 1 1 1 1 1 1 1 1 1 1 1 1 1 1 1 1 1 1 1 1 1 1 1 1 1 1 1 1 1 1 1 1 1 1 1 1 1 1 1 1 1 1 1 1 1 1 1 1 1 1 1 1 1 1 1 1 1 1 1 1 1 1 1 1 1 1 1 1 1 1 1 1 1 1 1 1 1 1 1 1 1 1 1 1 1 1 1 1 1 1 1 1 1 1 1 1 1 1 1 1 1 1 1 1 1 1 1 1 1 1 1 1 1 1 1 1 1 1 1 1 1 1 1 1 1 1 1 1 1 1 1 1 1 1 1 1 1 1 1 1 1 1 1 1 1 1 1 1 1 1 1 1 1 1 1 1 1 1 1 1 1 1 1 1 1 1 1 1 1 1 1 1 1 1 1 1 1 1 1 1 1 1 1 1 1 1 1 1 1 1 1 1 1 1 1 1 1 1 1 1 1 1 1 1 1 1 1 1 1 1 1 1 1 1 1 1 1 1 1 1 1 1 1 1 1 1 1 1 1 1 1 1 1 1 1 1 1 1 1 1 1 1 1 1 1 1 1 1 1 1 1 1 1 1 1 1 1 1 1 1 1 1 1 1 1 1 1 1 1 1 1 1 1 1 1 1 1 1 1 1 1 1 1 1 1 1 1 1 1 1 1 1 1 1 1 1 1 1 1 1 1 1 1 1 1 1 1 1 1 1 1 1 1 1 1 1 1 1 1 1 1 1 1 1 1 1 1 1 1 1 1 1 1 1 1 1 1 1 1 1 1 1 1 1 1 1 1 1 1 1 1 1 1 1 1 1 1 1 1 1 1 1 1 1 1 1 1 1 1 1 1 1 1 1 1 1 1 1 1 1 1 1 1 1 1 1 1 1 1 1 1 1 1 1 1 1 1 1 1 1 1 1 1 1 1 1 1 1 1 1 1 1 1 1 1 1 1 1 1 1 1 1 1 1 1 1 1 1 1 1 1 1 1 1 1 1 1 1 1 1 1 1 1 1 1 1 1 1 1 1 1 1 1 1 1 1 1 1 1 1 1 1 1 1 1 1 1 1 1 1 1 1 1 1 1 1 1 1 1 1 1 1 1 1 1 1 1 1 1 1 1 1 1 1 1 1 1 1 1 1 1 1 1 1 1 1 1 1 1 1 1 1 1 1 1 1 1 1 1 1 1 1 1 1 1 1 1 1 1 1 1 1 1 1 1 1 1 1 1 1 1 1 1 1 1 1 1 1 1 1 1 1 1 1 1 1 1 1 1 1 1 1 1 1 1 1 1 1 1 1 1 1 1 1 1 1 1 1 1 1 1 1 1 1 1 1 1 1 1 1 1 1 1 1 1 1 1 1 1 1 1 1 1 1 1 1 1 1 1 1 1 1 1 1 1 1 1 1 1 1 1 1 1 1 1 1 1 1 1 1 1 1 1 1 1 1 1 1 1 1 1 1 1 1 1 1 1 1 1 1 1 1 1 1 1 1 1 1 1 1 1 1 1 1 1 1 1 1 1 1 1 1 1 1 1 1 1 1 1 1 1 1 1 1 1 1 1 1 1 1 1 1 1 1 1 1 1 1 1 1 1 1 1 1 1 1 1 1 1 1 1 1 1 1 1 1 1 1 1 1 1 1 1 1 1 1 1 1 1 1 1 1 1 1 1 1 1 1 1 1 1 1 1 1 1 1 1 1 1 1 1 1 1 1 1 1 1 1 1 1 1 1 1 1 1 1 1 1 1 1 1 1 1 1 1 1 1 1 1 1 1 1 1 1 1 1 1 1 1 1 1 1 1 1 1 1 1 1 1 1 1 1 1 1 1 1 1 1 1 1 1 1 1 1 1 1 1 1 1 1 1 1 1 1 1 1 1 1 1 1 1 1 1 1 1 1 1 1 1 1 1 1 1 1 1 1 1 1 1 1 1 1 1 1 1 1 1 1 1 1 1 1 1 1 1 1 1 1 1 1 1 1 1 1 1 1 1 1 1 1 1 1 1 1 1 1 1 1 1 1 1 1 1 1 1 1 1 1 1 1 1 1 1 1 1 1 1 1 1 1 1 1 1 1 1 1 1 1 1 1 1 1 1 1 1 1 1 1 1 1 1 1 1 1 1 1 1 1 1 1 1 1 1 1 1 1 1 1 1 1 1 1 1 1 1 1 1 1 1 1 1 1 1 1 1 1 1 1 1 1 1 1 1 1 1 1 1 1 1 1 1 1 1 1 1 1 1 1 1 1 1 1 1 1 1 1 1 1 1 1 1 1 1 1 1 1 1 1 1 1 1 1 1 1 1 1 1 1 1 1 1 1 1 1 1 1 1 1 1 1 1 1 1 1 1 1 1 1 1 1 1 1 1 1 1 1 1 1 1 1 1 1 1 1 1 1 1 1 1 1 1 1 1 1 1 1 1 1 1 1 1 1 1 1 1 1 1 1 1 1 1 1 1 1 1 1 1 1 1 1 1 1 1 1 1 1 1 1 1 1 1 1 1 1 1 1 1 1 1 1 1 1 1 1 1 1 1 1 1 1 1 1 1 1 1 1 1 1 1 1 1 1 1 1 1 1 1 1 1 1 1 1 1 1 1 1 1 1 1 1 1 1 1 1 1 1 1 1 1 1 1 1 1 1 1 1 1 1 1 1 1 1 1 1 1 1 1 1 1 1 1 1 1 1 1 1 1 1 1 1 1 1 1 1 1 1 1 1 1 1 1 1 1 1 1 1 1 1 1 1 1 1 1 1 1 1 1 1 1 1 1 1 1 1 1 1 1 1 1 1 1 1 1 1 1 1 1 1 1 1 1 1 1 1 1 1 1 1 1 1 1 1 1 1 1 1 1 1 1 1 1 1 1 1 1 1 1 1 1 1 1 1 1 1 1 1 1 1 1 1 1 1 1 1 1 1 1 1 1 1 1 1 1 1 1 1 1 1 1 1 1 1 1 1 1 1 1 1 1 1 1 1 1 1 1 1 1 1 1 1 1 1 1 1 1 1 1 1 1 1 1 1 1 1 1 1 1 1 1 1 1 1 1 1 1 1 1 1 1 1 1 1 1 1 1 1 1 1 1 1 1 1 1 1 1 1 1 1 1 1 1 1 1 1 1 1 1 1 1 1 1 1 1 1 1 1 1 1 1 1 1 1 1 1 1 1 1 1 1 1 1 1 1 1 1 1 1 1 1 1 1 1 1 1 1 1 1 1 1 1 1 1 1 1 1 1 1 1 1 1 1 1 1 1 1 1 1 1 1 1 1 1 1 1 1 1 1 1 1 1 1 1 1 1 1 1 1 1 1 1 1 1 1 1 1 1 1 1 1 1 1 1 1 1 1 1 1 1 1 1 1 1 1 1 1 1 1 1 1 1 1 1 1 1 1 1 1 1 1 1 1 1 1 1 1 1 1 1 1 1 1 1 1 1 1 1 1 1 1 1 1 1 1 1 1 1 1 1 1 1 1 1 1 1 1 1 1 1 1 1 1 1 1 1 1 1 1 1 1 1 1 1 1 1 1 1 1 1 1 1 1 1 1 1 1 1 1 1 1 1 1 1 1 1 1 1 1 1 1 1 1 1 1 1 1 1 1 1 1 1 1 1 1 1 1 1 1 1 1 1 1 1 1 1 1 1 1 1 1 1 1 1 1 1 1 1 1 1 1 1 1 1 1 1 1 1 1 1 1 1 1 1 1 1 1 1 1 1 1 1 1 1 1 1 1 1 1 1 1 1 1 1 1 1 1 1 1 1 1 1 1 1 1 1 1 1 1 1 1 1 1 1 1 1 1 1 1 1 1 1 1 1 1 1 1 1 1 1 1 1 1 1 1 1 1 1 1 1 1 1 1 1 1 1 1 1 1 1 1 1 1 1 1 1 1 1 1 1 1 1 1 1 1 1 1 1 1 1 1 1 1 1 1 1 1 1 1 1 1 1 1 1 1 1 1 1 1 1 1 1 1 1 1 1 1 1 1 1 1 1 1 1 1 1 1 1 1 1 1 1 1 1 1 1 1 1 1 1 1 1 1 1 1 1 1 1 1 1 1 1 1 1 1 1 1 1 1 1 1 1 1 1 1 1 1 1 1 1 1 1 1 1 1 1 1 1 1 1 1 1 1 1 1 1 1 1 1 1 1 1 1 1 1 1 1 1 1 1 1 1 1 1 1 1 1 1 1 1 1 1 1 1 1 1 1 1 1 1 1 1 1 1 1 1 1 1 1 1 1 1 1 1 1 1 1 1 1 1 1 1 1 1 1 1 1 1 1 1 1 1 1 1 1 1 1 1 1 1 1 1 1 1 1 1 1 1 1 1 1 1 1 1 1 1 1 1 1 1 1 1 1 1 1 1 1 1 1 1 1 1 1 1 1 1 1 1 1 1 1 1 1 1 1 1 1 1 1 1 1 1 1 1 1 1 1 1 1 1 1 1 1 1 1 1 1 1 1 1 1 1 1 1 1 1 1 1 1 1 1 1 1 1 1 1 1 1 1 1 1 1 1 1 1 1 1 1 1 1 1 1 1 1 1 1 1 1 1 1 1 1 1 1 1 1 1 1 1 1 1 1 1 1 1 1 1 1 1 1 1 1 1 1 1 1 1 1 1 1 1 1 1 1 1 1 1 1 1 1 1 1 1 1 1 1 1 1 1 1 1 1 1 1 1 1 1 1 1 1 1 1 1 1 1 1 1 1 1 1 1 1 1 1 1 1 1 1 1 1 1 1 1 1 1 1 1 1 1 1 1 1 1 1 1 1 1 1 1 1 1 1 1 1 1 1 1 1 1 1 1 1 1 1 1 1 1 1 1 1 1 1 1 1 1 1 1 1 1 1 1 1 1 1 1 1 1 1 1 1 1 1 1 1 1 1 1 1 1 1 1 1 1 1 1 1 1 1 1 1 1 1 1 1 1 1 1 1 1 1 1 1 1 1 1 1 1 1 1 1 1 1 1 1 1 1 1 1 1 1 1 1 1 1 1 1 1 1 1 1 1 1 1 1 1 1 1 1 1 1 1 1 1 1 1 1 1 1 1 1 1 1 1 1 1 1 1 1 1 1 1 1 1 1 1 1 1 1 1 1 1 1 1 1 1 1 1 1 1 1 1 1 1 1 1 1 1 1 1 1 1 1 1 1 1 1 1 1 1 1 1 1 1 1 1 1 1 1 1 1 1 1 1 1 1 1 1 1 1 1 1 1 1 1 1 1 1 1 1 1 1 1 1 1 1 1 1 1 1 1 1 1 1 1 1 1 1 1 1 1 1 1 1 1 1 1 1 1 1 1 1 1 1 1 1 1 1 1 1 1 1 1 1 1 1 1 1 1 1 1 1 1 1 1 1 1 1 1 1 1 1 1 1 1 1 1 1 1 1 1 1 1 1 1 1 1 1 1 1 1 1 1 1 1 1 1 1 1 1 1 1 1 1 1 1 1 1 1 1 1 1 1 1 1 1 1 1 1 1 1 1 1 1 1 1 1 1 1 1 1 1 1 1 1 1 1 1 1 1 1 1 1 1 1 1 1 1 1 1 1 1 1 1 1 1 1 1 1 1 1 1 1 1 1 1 1 1 1 1 1 1 1 1 1 1 1 1 1 1 1 1 1 1 1 1 1 1 1 1 1 1 1 1 1 1 1 1 1 1 1 1 1 1 1 1 1 1 1 1 1 1 1 1 1 1 1 1 1 1 1 1 1 1 1 1 1 1 1 1 1 1 1 1 1 1 1 1 1 1 1 1 1 1 1 1 1 1 1 1 1 1 1 1 1 1 1 1 1 1 1 1 1 1 1 1 1 1 1 1 1 1 1 1 1 1 1 1 1 1 1 1 1 1 1 1 1 1 1 1 1 1 1 1 1 1 1 1 1 1 1 1 1 1 1 1 1 1 1 1 1 1 1 1 1 1 1 1 1 1 1 1 1 1 1 1 1 1 1 1 1 1 1 1 1 1 1 1 1 1 1 1 1 1 1 1 1 1 1 1 1 1 1 1 1 1 1 1 1 1 1 1 1 1 1 1 1 1 1 1 1 1 1 1 1 1 1 1 1 1 1 1 1 1 1 1 1 1 1 1 1 1 1 1 1 1 1 1 1 1 1 1 1 1 1 1 1 1 1 1 1 1 1 1 1 1 1 1 1 1 1 1 1 1 1 1 1 1 1 1 1 1 1 1 1 1 1 1 1 1 1 1 1 1 1 1 1 1 1 1 1 1 1 1 1 1 1 1 1 1 1 1 1 1 1 1 1 1 1 1 1 1 1 1 1 1 1 1 1 1 1 1 1 1 1 1 1 1 1 1 1 1 1 1 1 1 1 1 1 1 1 1 1 1 1 1 1 1 1 1 1 1 1 1 1 1 1 1 1 1 1 1 1 1 1 1 1 1 1 1 1 1 1 1 1 1 1 1 1 1 1 1 1 1 1 1 1 1 1 1 1 1 1 1 1 1 1 1 1 1 1 1 1 1 1 1 1 1 1 1 1 1 1 1 1 1 1 1 1 1 1 1 1 1 1 1 1 1 1 1 1 1 1 1 1 1 1 1 1 1 1 1 1 1 1 1 1 1 1 1 1 1 1 1 1 1 1 1 1 1 1 1 1 1 1 1 1 1 1 1 1 1 1 1 1 1 1 1 1 1 1 1 1 1 1 1 1 1 1 1 1 1 1 1 1 1 1 1 1 1 1 1 1 1 1 1 1 1 1 1 1 1 1 1 1 1 1 1 1 1 1 1 1 1 1 1 1 1 1 1 1 1 1 1 1 1 1 1 1 1 1 1 1 1 1 1 1 1 1 1 1 1 1 1 1 1 1 1 1 1 1 1 1 1 1 1 1 1 1 1 1 1 1 1 1 1 1 1 1 1 1 1 1 1 1 1 1 1 1 1 1 1 1 1 1 1 1 1 1 1 1 1 1 1 1 1 1 1 1 1 1 1 1 1 1 1 1 1 1 1 1 1 1 1 1 1 1 1 1 1 1 1 1 1 1 1 1 1 1 1 1 1 1 1 1 1 1 1 1 1 1 1 1 1 1 1 1 1 1 1 1 1 1 1 1 1 1 1 1 1 1 1 1 1 1 1 1 1 1 1 1 1 1 1 1 1 1 1 1 1 1 1 1 1 1 1 1 1 1 1 1 1 1 1 1 1 1 1 1 1 1 1 1 1 1 1 1 1 1 1 1 1 1 1 1 1 1 1 1 1 1 1 1 1 1 1 1 1 1 1 1 1 1 1 1 1 1 1 1 1 1 1 1 1 1 1 1 1 1 1 1 1 1 1 1 1 1 1 1 1 1 1 1 1 1 1 1 1 1 1 1 1 1 1 1 1 1 1 1 1 1 1 1 1 1 1 1 1 1 1 1 1 1 1 1 1 1 1 1 1 1 1 1 1 1 1 1 1 1 1 1 1 1 1 1 1 1 1 1 1 1 1 1 1 1 1 1 1 1 1 1 1 1 1 1 1 1 1 1 1 1 1 1 1 1 1 1 1 1 1 1 1 1 1 1 1 1 1 1 1 1 1 1 1 1 1 1 1 1 1 1 1 1 1 1 1 1 1 1 1 1 1 1 1 1 1 1 1 1 1 1 1 1 1 1 1 1 1 1 1 1 1 1 1 1 1 1 1 1 1 1 1 1 1 1 1 1 1 1 1 1 1 1 1 1 1 1 1 1 1 1 1 1 1 1 1 1 1 1 1 1 1 1 1 1 1 1 1 1 1 1 1 1 1 1 1 1 1 1 1 1 1 1 1 1 1 1 1 1 1 1 1 1 1 1 1 1 1 1 1 1 1 1 1 1 1 1 1 1 1 1 1 1 1 1 1 1 1 1 1 1 1 1 1 1 1 1 1 1 1 1 1 1 1 1 1 1 1 1 1 1 1 1 1 1 1 1 1 1 1 1 1 1 1 1 1 1 1 1 1 1 1 1 1 1 1 1 1 1 1 1 1 1 1 1 1 1 1 1 1 1 1 1 1 1 1 1 1 1 1 1 1 1 1 1 1 1 1 1 1 1 1 1 1 1 1 1 1 1 1 1 1 1 1 1 1 1 1 1 1 1 1 1 1 1 1 1 1 1 1 1 1 1 1 1 1 1 1 1 1 1 1 1 1 1 1 1 1 1 1 1 1 1 1 1 1 1 1 1 1 1 1 1 1 1 1 1 1 1 1 1 1 1 1 1 1 1 1 1 1 1 1 1 1 1 1 1 1 1 1 1 1 1 1 1 1 1 1 1 1 1 1 1 1 1 1 1 1 1 1 1 1 1 1 1 1 1 1 1 1 1 1 1 1 1 1 1 1 1 1 1 1 1 1 1 1 1 1 1 1 1 1 1 1 1 1 1 1 1 1 1 1 1 1 1 1 1 1 1 1 1 1 1 1 1 1 1 1 1 1 1 1 1 1 1 1 1 1 1 1 1 1 1 1 1 1 1 1 1 1 1 1 1 1 1 1 1 1 1 1 1 1 1 1 1 1 1 1 1 1 1 1 1 1 1 1 1 1 1 1 1 1 1 1 1 1 1 1 1 1 1 1 1 1 1 1 1 1 1 1 1 1 1 1 1 1 1 1 1 1 1 1 1 1 1 1 1 1 1 1 1 1 1 1 1 1 1 1 1 1 1 1 1 1 1 1 1 1 1 1 1 1 1 1 1 1 1 1 1 1 1 1 1 1 1 1 1 1 1 1 1 1 1 1 1 1 1 1 1 1 1 1 1 1 1 1 1 1 1 1 1 1 1 1 1 1 1 1 1 1 1 1 1 1 1 1 1 1 1 1 1 1 1 1 1 1 1 1 1 1 1 1 1 1 1 1 1 1 1 1 1 1 1 1 1 1 1 1 1 1 1 1 1 1 1 1 1 1 1 1 1 1 1 1 1 1 1 1 1 1 1 1 1 1 1 1 1 1 1 1 1 1 1 1 1 1 1 1 1 1 1 1 1 1 1 1 1 1 1 1 1 1 1 1 1 1 1 1 1 1 1 1 1 1 1 1 1 1 1 1 1 1 1 1 1 1 1 1 1 1 1 1 1 1 1 1 1 1 1 1 1 1 1 1 1 1 1 1 1 1 1 1 1 1 1 1 1 1 1 1 1 1 1 1 1 1 1 1 1 1 1 1 1 1 1 1 1 1 1 1 1 1 1 1 1 1 1 1 1 1 1 1 1 1 1 1 1 1 1 1 1 1 1 1 1 1 1 1 1 1 1 1 1 1 1 1 1 1 1 1 1 1 1 1 1 1 1 1 1 1 1 1 1 1 1 1 1 1 1 1 1 1 1 1 1 1 1 1 1 1 1 1 1 1 1 1 1 1 1 1 1 1 1 1 1 1 1 1 1 1 1 1 1 1 1 1 1 1 1 1 1 1 1 1 1 1 1 1 1 1 1 1 1 1 1 1 1 1 1 1 1 1 1 1 1 1 1 1 1 1 1 1 1 1 1 1 1 1 1 1 1 1 1 1 1 1 1 1 1 1 1 1 1 1 1 1 1 1 1 1 1 1 1 1 1 1 1 1 1 1 1 1 1 1 1 1 1 1 1 1 1 1 1 1 1 1 1 1 1 1 1 1 1 1 1 1 1 1 1 1 1 1 1 1 1 1 1 1 1 1 1 1 1 1 1 1 1 1 1 1 1 1 1 1 1 1 1 1 1 1 1 1 1 1 1 1 1 1 1 1 1 1 1 1 1 1 1 1 1 1 1 1 1 1 1 1 1 1 1 1 1 1 1 1 1 1 1 1 1 1 1 1 1 1 1 1 1 1 1 1 1 1 1 1 1 1 1 1 1 1 1 1 1 1 1 1 1 1 1 1 1 1 1 1 1 1 1 1 1 1 1 1 1 1 1 1 1 1 1 1 1 1 1 1 1 1 1 1 1 1 1 1 1 1 1 1 1 1 1 1 1 1 1 1 1 1 1 1 1 1 1 1 1 1 1 1 1 1 1 1 1 1 1 1 1 1 1 1 1 1 1 1 1 1 1 1 1 1 1 1 1 1 1 1 1 1 1 1 1 1 1 1 1 1 1 1 1 1 1 1 1 1 1 1 1 1 1 1 1 1 1 1 1 1 1 1 1 1 1 1 1 1 1 1 1 1 1 1 1 1 1 1 1 1 1 1 1 1 1 1 1 1 1 1 1 1 1 1 1 1 1 1 1 1 1 1 1 1 1 1 1 1 1 1 1 1 1 1 1 1 1 1 1 1 1 1 1 1 1 1 1 1 1 1 1 1 1 1 1 1 1 1 1 1 1 1 1 1 1 1 1 1 1 1 1 1 1 1 1 1 1 1 1 1 1 1 1 1 1 1 1 1 1 1 1 1 1 1 1 1 1 1 1 1 1 1 1 1 1 1 1 1 1 1 1 1 1 1 1 1 1 1 1 1 1 1 1 1 1 1 1 1 1 1 1 1 1 1 1 1 1 1 1 1 1 1 1 1 1 1 1 1 1 1 1 1 1 1 1 1 1 1 1 1 1 1 1 1 1 1 1 1 1 1 1 1 1 1 1 1 1 1 1 1 1 1 1 1 1 1 1 1 1 1 1 1 1 1 1 1 1 1 1 1 1 1 1 1 1 1 1 1 1 1 1 1 1 1 1 1 1 1 1 1 1 1 1 1 1 1 1 1 1 1 1 1 1 1 1 1 1 1 1 1 1 1 1 1 1 1 1 1 1 1 1 1 1 1 1 1 1 1 1 1 1 1 1 1 1 1 1 1 1 1 1 1 1 1 1 1 1 1 1 1 1 1 1 1 1 1 1 1 1 1 1 1 1 1 1 1 1 1 1 1 1 1 1 1 1 1 1 1 1 1 1 1 1 1 1 1 1 1 1 1 1 1 1 1 1 1 1 1 1 1 1 1 1 1 1 1 1 1 1 1 1 1 1 1 1 1 1 1 1 1 1 1 1 1 1 1 1 1 1 1 1 1 1 1 1 1 1 1 1 1 1 1 1 1 1 1 1 1 1 1 1 1 1 1 1 1 1 1 1 1 1 1 1 1 1 1 1 1 1 1 1 1 1 1 1 1 1 1 1 1 1 1 1 1 1 1 1 1 1 1 1 1 1 1 1 1 1 1 1 1 1 1 1 1 1 1 1 1 1 1 1 1 1 1 1 1 1 1 1 1 1 1 1 1 1 1 1 1 1 1 1 1 1 1 1 1 1 1 1 1 1 1 1 1 1 1 1 1 1 1 1 1 1 1 1 1 1 1 1 1 1 1 1 1 1 1 1 1 1 1 1 1 1 1 1 1 1 1 1 1 1 1 1 1 1 1 1 1 1 1 1 1 1 1 1 1 1 1 1 1 1 1 1 1 1 1 1 1 1 1 1 1 1 1 1 1 1 1 1 1 1 1 1 1 1 1 1 1 1 1 1 1 1 1 1 1 1 1 1 1 1 1 1 1 1 1 1 1 1 1 1 1 1 1 1 1 1 1 1 1 1 1 1 1 1 1 1 1 1 1 1 1 1 1 1 1 1 1 1 1 1 1 1 1 1 1 1 1 1 1 1 1 1 1 1 1 1 1 1 1 1 1 1 1 1 1 1 1 1 1 1 1 1 1 1 1 1 1 1 1 1 1 1 1 1 1 1 1 1 1 1 1 1 1 1 1 1 1 1 1 1 1 1 1 1 1 1 1 1 1 1 1 1 1 1 1 1 1 1 1 1 1 1 1 1 1 1 1 1 1 1 1 1 1 1 1 1 1 1 1 1 1 1 1 1 1 1 1 1 1 1 1 1 1 1 1 1 1 1 1 1 1 1 1 1 1 1 1 1 1 1 1 1 1 1 1 1 1 1 1 1 1 1 1 1 1 1 1 1 1 1 1 1 1 1 1 1 1 1 1 1 1 1 1 1 1 1 1 1 1 1 1 1 1 1 1 1 1 1 1 1 1 1 1 1 1 1 1 1 1 1 1 1 1 1 1 1 1 1 1 1 1 1 1 1 1 1 1 1 1 1 1 1 1 1 1 1 1 1 1 1 1 1 1 1 1 1 1 1 1 1 1 1 1 1 1 1 1 1 1 1 1 1 1 1 1 1 1 1 1 1 1 1 1 1 1 1 1 1 1 1 1 1 1 1 1 1 1 1 1 1 1 1 1 1 1 1 1 1 1 1 1 1 1 1 1 1 1 1 1 1 1 1 1 1 1 1 1 1 1 1 1 1 1 1 1 1 1 1 1 1 1 1 1 1 1 1 1 1 1 1 1 1 1 1 1 1 1 1 1 1 1 1 1 1 1 1 1 1 1 1 1 1 1 1 1 1 1 1 1 1 1 1 1 1 1 1 1 1 1 1 1 1 1 1 1 1 1 1 1 1 1 1 1 1 1 1 1 1 1 1 1 1 1 1 1 1 1 1 1 1 1 1 1 1 1 1 1 1 1 1 1 1 1 1 1 1 1 1 1 1 1 1 1 1 1 1 1 1 1 1 1 1 1 1 1 1 1 1 1 1 1 1 1 1 1 1 1 1 1 1 1 1 1 1 1 1 1 1 1 1 1 1 1 1 1 1 1 1 1 1 1 1 1 1 1 1 1 1 1 1 1 1 1 1 1 1 1 1 1 1 1 1 1 1 1 1 1 1 1 1 1 1 1 1 1 1 1 1 1 1 1 1 1 1 1 1 1 1 1 1 1 1 1 1 1 1 1 1 1 1 1 1 1 1 1 1 1 1 1 1 1 1 1 1 1 1 1 1 1 1 1 1 1 1 1 1 1 1 1 1 1 1 1 1 1 1 1 1 1 1 1 1 1 1 1 1 1 1 1 1 1 1 1 1 1 1 1 1 1 1 1 1 1 1 1 1 1 1 1 1 1 1 1 1 1 1 1 1 1 1 1 1 1 1 1 1 1 1 1 1 1 1 1 1 1 1 1 1 1 1 1 1 1 1 1 1 1 1 1 1 1 1 1 1 1 1 1 1 1 1 1 1 1 1 1 1 1 1 1 1 1 1 1 1 1 1 1 1 1 1 1 1 1 1 1 1 1 1 1 1 1 1 1 1 1 1 1 1 1 1 1 1 1 1 1 1 1 1 1 1 1 1 1 1 1 1 1 1 1 1 1 1 1 1 1 1 1 1 1 1 1 1 1 1 1 1 1 1 1 1 1 1 1 1 1 1 1 1 1 1 1 1 1 1 1 1 1 1 1 1 1 1 1 1 1 1 1 1 1 1 1 1 1 1 1 1 1 1 1 1 1 1 1 1 1 1 1 1 1 1 1 1 1 1 1 1 1 1 1 1 1 1 1 1 1 1 1 1 1 1 1 1 1 1 1 1 1 1 1 1 1 1 1 1 1 1 1 1 1 1 1 1 1 1 1 1 1 1 1 1 1 1 1 1 1 1 1 1 1 1 1 1 1 1 1 1 1 1 1 1 1 1 1 1 1 1 1 1 1 1 1 1 1 1 1 1 1 1 1 1 1 1 1 1 1 1 1 1 1 1 1 1 1 1 1 1 1 1 1 1 1 1 1 1 1 1 1 1 1 1 1 1 1 1 1 1 1 1 1 1 1 1 1 1 1 1 1 1 1 1 1 1 1 1 1 1 1 1 1 1 1 1 1 1 1 1 1 1 1 1 1 1 1 1 1 1 1 1 1 1 1 1 1 1 1 1 1 1 1 1 1 1 1 1 1 1 1 1 1 1 1 1 1 1 1 1 1 1 1 1 1 1 1 1 1 1 1 1 1 1 1 1 1 1 1 1 1 1 1 1 1 1 1 1 1 1 1 1 1 1 1 1 1 1 1 1 1 1 1 1 1 1 1 1 1 1 1 1 1 1 1 1 1 1 1 1 1 1 1 1 1 1 1 1 1 1 1 1 1 1 1 1 1 1 1 1 1 1 1 1 1 1 1 1 1 1 1 1 1 1 1 1 1 1 1 1 1 1 1 1 1 1 1 1 1 1 1 1 1 1 1 1 1 1 1 1 1 1 1 1 1 1 1 1 1 1 1 1 1 1 1 1 1 1 1 1 1 1 1 1 1 1 1 1 1 1 1 1 1 1 1 1 1 1 1 1 1 1 1 1 1 1 1 1 1 1 1 1 1 1 1 1 1 1 1 1 1 1 1 1 1 1 1 1 1 1 1 1 1 1 1 1 1 1 1 1 1 1 1 1 1 1 1 1 1 1 1 1 1 1 1 1 1 1 1 1 1 1 1 1 1 1 1 1 1 1 1 1 1 1 1 1 1 1 1 1 1 1 1 1 1 1 1 1 1 1 1 1 1 1 1 1 1 1 1 1 1 1 1 1 1 1 1 1 1 1 1 1 1 1 1 1 1 1 1 1 1 1 1 1 1 1 1 1 1 1 1 1 1 1 1 1 1 1 1 1 1 1 1 1 1 1 1 1 1 1 1 1 1 1 1 1 1 1 1 1 1 1 1 1 1 1 1 1 1 1 1 1 1 1 1 1 1 1 1 1 1 1 1 1 1 1 1 1 1 1 1 1 1 1 1 1 1 1 1 1 1 1 1 1 1 1 1 1 1 1 1 1 1 1 1 1 1 1 1 1 1 1 1 1 1 1 1 1 1 1 1 1 1 1 1 1 1 1 1 1 1 1 1 1 1 1 1 1 1 1 1 1 1 1 1 1 1 1 1 1 1 1 1 1 1 1 1 1 1 1 1 1 1 1 1 1 1 1 1 1 1 1 1 1 1 1 1 1 1 1 1 1 1 1 1 1 1 1 1 1 1 1 1 1 1 1 1 1 1 1 1 1 1 1 1 1 1 1 1 1 1 1 1 1 1 1 1 1 1 1 1 1 1 1 1 1 1 1 1 1 1 1 1 1 1 1 1 1 1 1 1 1 1 1 1 1 1 1 1 1 1 1 1 1 1 1 1 1 1 1 1 1 1 1 1 1 1 1 1 1 1 1 1 1 1 1 1 1 1 1 1 1 1 1 1 1 1 1 1 1 1 1 1 1 1 1 1 1 1 1 1 1 1 1 1 1 1 1 1 1 1 1 1 1 1 1 1 1 1 1 1 1 1 1 1 1 1 1 1 1 1 1 1 1 1 1 1 1 1 1 1 1 1 1 1 1 1 1 1 1 1 1 1 1 1 1 1 1 1 1 1 1 1 1 1 1 1 1 1 1 1 1 1 1 1 1 1 1 1 1 1 1 1 1 1 1 1 1 1 1 1 1 1 1 1 1 1 1 1 1 1 1 1 1 1 1 1 1 1 1 1 1 1 1 1 1 1 1 1 1 1 1 1 1 1 1 1 1 1 1 1 1 1 1 1 1 1 1 1 1 1 1 1 1 1 1 1 1 1 1 1 1 1 1 1 1 1 1 1 1 1 1 1 1 1 1 1 1 1 1 1 1 1 1 1 1 1 1 1 1 1 1 1 1 1 1 1 1 1 1 1 1 1 1 1 1 1 1 1 1 1 1 1 1 1 1 1 1 1 1 1 1 1 1 1 1 1 1 1 1 1 1 1 1 1 1 1 1 1 1 1 1 1 1 1 1 1 1 1 1 1 1 1 1 1 1 1 1 1 1 1 1 1 1 1 1 1 1 1 1 1 1 1 1 1 1 1 1 1 1 1 1 1 1 1 1 1 1 1 1 1 1 1 1 1 1 1 1 1 1 1 1 1 1 1 1 1 1 1 1 1 1 1 1 1 1 1 1 1 1 1 1 1 1 1 1 1 1 1 1 1 1 1 1 1 1 1 1 1 1 1 1 1 1 1 1 1 1 1 1 1 1 1 1 1 1 1 1 1 1 1 1 1 1 1 1 1 1 1 1 1 1 1 1 1 1 1 1 1 1 1 1 1 1 1 1 1 1 1 1 1 1 1 1 1 1 1 1 1 1 1 1 1 1 1 1 1 1 1 1 1 1 1 1 1 1 1 1 1 1 1 1 1 1 1 1 1 1 1 1 1 1 1 1 1 1 1 1 1 1 1 1 1 1 1 1 1 1 1 1 1 1 1 1 1 1 1 1 1 1 1 1 1 1 1 1 1 1 1 1 1 1 1 1 1 1 1 1 1 1 1 1 1 1 1 1 1 1 1 1 1 1 1 1 1 1 1 1 1 1 1 1 1 1 1 1 1 1 1 1 1 1 1 1 1 1 1 1 1 1 1 1 1 1 1 1 1 1 1 1 1 1 1 1 1 1 1 1 1 1 1 1 1 1 1 1 1 1 1 1 1 1 1 1 1 1 1 1 1 1 1 1 1 1 1 1 1 1 1 1 1 1 1 1 1 1 1 1 1 1 1 1 1 1 1 1 1 1 1 1 1 1 1 1 1 1 1 1 1 1 1 1 1 1 1 1 1 1 1 1 1 1 1 1 1 1 1 1 1 1 1 1 1 1 1 1 1 1 1 1 1 1 1 1 1 1 1 1 1 1 1 1 1 1 1 1 1 1 1 1 1 1 1 1 1 1 1 1 1 1 1 1 1 1 1 1 1 1 1 1 1 1 1 1 1 1 1 1 1 1 1 1 1 1 1 1 1 1 1 1 1 1 1 1 1 1 1 1 1 1 1 1 1 1 1 1 1 1 1 1 1 1 1 1 1 1 1 1 1 1 1 1 1 1 1 1 1 1 1 1 1 1 1 1 1 1 1 1 1 1 1 1 1 1 1 1 1 1 1 1 1 1 1 1 1 1 1 1 1 1 1 1 1 1 1 1 1 1 1 1 1 1 1 1 1 1 1 1 1 1 1 1 1 1 1 1 1 1 1 1 1 1 1 1 1 1 1 1 1 1 1 1 1 1 1 1 1 1 1 1 1 1 1 1 1 1 1 1 1 1 1 1 1 1 1 1 1 1 1 1 1 1 1 1 1 1 1 1 1 1 1 1 1 1 1 1 1 1 1 1 1 1 1 1 1 1 1 1 1 1 1 1 1 1 1 1 1 1 1 1 1 1 1 1 1 1 1 1 1 1 1 1 1 1 1 1 1 1 1 1 1 1 1 1 1 1 1 1 1 1 1 1 1 1 1 1 1 1 1 1 1 1 1 1 1 1 1 1 1 1 1 1 1 1 1 1 1 1 1 1 1 1 1 1 1 1 1 1 1 1 1 1 1 1 1 1 1 1 1 1 1 1 1 1 1 1 1 1 1 1 1 1 1 1 1 1 1 1 1 1 1 1 1 1 1 1 1 1 1 1 1 1 1 1 1 1 1 1 1 1 1 1 1 1 1 1 1 1 1 1 1 1 1 1 1 1 1 1 1 1 1 1 1 1 1 1 1 1 1 1 1 1 1 1 1 1 1 1 1 1 1 1 1 1 1 1 1 1 1 1 1 1 1 1 1 1 1 1 1 1 1 1 1 1 1 1 1 1 1 1 1 1 1 1 1 1 1 1 1 1 1 1 1 1 1 1 1 1 1 1 1 1 1 1 1 1 1 1 1 1 1 1 1 1 1 1 1 1 1 1 1 1 1 1 1 1 1 1 1 1 1 1 1 1 1 1 1 1 1 1 1 1 1 1 1 1 1 1 1 1 1 1 1 1 1 1 1 1 1 1 1 1 1 1 1 1 1 1 1 1 1 1 1 1 1 1 1 1 1 1 1 1 1 1 1 1 1 1 1 1 1 1 1 1 1 1 1 1 1 1 1 1 1 1 1 1 1 1 1 1 1 1 1 1 1 1 1 1 1 1 1 1 1 1 1 1 1 1 1 1 1 1 1 1 1 1 1 1 1 1 1 1 1 1 1 1 1 1 1 1 1 1 1 1 1 1 1 1 1 1 1 1 1 1 1 1 1 1 1 1 1 1 1 1 1 1 1 1 1 1 1 1 1 1 1 1 1 1 1 1 1 1 1 1 1 1 1 1 1 1 1 1 1 1 1 1 1 1 1 1 1 1 1 1 1 1 1 1 1 1 1 1 1 1 1 1 1 1 1 1 1 1 1 1 1 1 1 1 1 1 1 1 1 1 1 1 1 1 1 1 1 1 1 1 1 1 1 1 1 1 1 1 1 1 1 1 1 1 1 1 1 1 1 1 1 1 1 1 1 1 1 1 1 1 1 1 1 1 1 1 1 1 1 1 1 1 1 1 1 1 1 1 1 1 1 1 1 1 1 1 1 1 1 1 1 1 1 1 1 1 1 1 1 1 1 1 1 1 1 1 1 1 1 1 1 1 1 1 1 1 1 1 1 1 1 1 1 1 1 1 1 1 1 1 1 1 1 1 1 1 1 1 1 1 1 1 1 1 1 1 1 1 1 1 1 1 1 1 1 1 1 1 1 1 1 1 1 1 1 1 1 1 1 1 1 1 1 1 1 1 1 1 1 1 1 1 1 1 1 1 1 1 1 1 1 1 1 1 1 1 1 1 1 1 1 1 1 1 1 1 1 1 1 1 1 1 1 1 1 1 1 1 1 1 1 1 1 1 1 1 1 1 1 1 1 1 1 1 1 1 1 1 1 1 1 1 1 1 1 1 1 1 1 1 1 1 1 1 1 1 1 1 1 1 1 1 1 1 1 1 1 1 1 1 1 1 1 1 1 1 1 1 1 1 1 1 1 1 1 1 1 1 1 1 1 1 1 1 1 1 1 1 1 1 1 1 1 1 1 1 1 1 1 1 1 1 1 1 1 1 1 1 1 1 1 1 1 1 1 1 1 1 1 1 1 1 1 1 1 1 1 1 1 1 1 1 1 1 1 1 1 1 1 1 1 1 1 1 1 1 1 1 1 1 1 1 1 1 1 1 1 1 1 1 1 1 1 1 1 1 1 1 1 1 1 1 1 1 1 1 1 1 1 1 1 1 1 1 1 1 1 1 1 1 1 1 1 1 1 1 1 1 1 1 1 1 1 1 1 1 1 1 1 1 1 1 1 1 1 1 1 1 1 1 1 1 1 1 1 1 1 1 1 1 1 1 1 1 1 1 1 1 1 1 1 1 1 1 1 1 1 1 1 1 1 1 1 1 1 1 1 1 1 1 1 1 1 1 1 1 1 1 1 1 1 1 1 1 1 1 1 1 1 1 1 1 1 1 1 1 1 1 1 1 1 1 1 1 1 1 1 1 1 1 1 1 1 1 1 1 1 1 1 1 1 1 1 1 1 1 1 1 1 1 1 1 1 1 1 1 1 1 1 1 1 1 1 1 1 1 1 1 1 1 1 1 1 1 1 1 1 1 1 1 1 1 1 1 1 1 1 1 1 1 1 1 1 1 1 1 1 1 1 1 1 1 1 1 1 1 1 1 1 1 1 1 1 1 1 1 1 1 1 1 1 1 1 1 1 1 1 1 1 1 1 1 1 1 1 1 1 1 1 1 1 1 1 1 1 1 1 1 1 1 1 1 1 1 1 1 1 1 1 1 1 1 1 1 1 1 1 1 1 1 1 1 1 1 1 1 1 1 1 1 1 1 1 1 1 1 1 1 1 1 1 1 1 1 1 1 1 1 1 1 1 1 1 1 1 1 1 1 1 1 1 1 1 1 1 1 1 1 1 1 1 1 1 1 1 1 1 1 1 1 1 1 1 1 1 1 1 1 1 1 1 1 1 1 1 1 1 1 1 1 1 1 1 1 1 1 1 1 1 1 1 1 1 1 1 1 1 1 1 1 1 1 1 1 1 1 1 1 1 1 1 1 1 1 1 1 1 1 1 1 1 1 1 1 1 1 1 1 1 1 1 1 1 1 1 1 1 1 1 1 1 1 1 1 1 1 1 1 1 1 1 1 1 1 1 1 1 1 1 1 1 1 1 1 1 1 1 1 1 1 1 1 1 1 1 1 1 1 1 1 1 1 1 1 1 1 1 1 1 1 1 1 1 1 1 1 1 1 1 1 1 1 1 1 1 1 1 1 1 1 1 1 1 1 1 1 1 1 1 1 1 1 1 1 1 1 1 1 1 1 1 1 1 1 1 1 1 1 1 1 1 1 1 1 1 1 1 1 1 1 1 1 1 1 1 1 1 1 1 1 1 1 1 1 1 1 1 1 1 1 1 1 1 1 1 1 1 1 1 1 1 1 1 1 1 1 1 1 1 1 1 1 1 1 1 1 1 1 1 1 1 1 1 1 1 1 1 1 1 1 1 1 1 1 1 1 1 1 1 1 1 1 1 1 1 1 1 1 1 1 1 1 1 1 1 1 1 1 1 1 1 1 1 1 1 1 1 1 1 1 1 1 1 1 1 1 1 1 1 1 1 1 1 1 1 1 1 1 1 1 1 1 1 1 1 1 1 1 1 1 1 1 1 1 1 1 1 1 1 1 1 1 1 1 1 1 1 1 1 1 1 1 1 1 1 1 1 1 1 1 1 1 1 1 1 1 1 1 1 1 1 1 1 1 1 1 1 1 1 1 1 1 1 1 1 1 1 1 1 1 1 1 1 1 1 1 1 1 1 1 1 1 1 1 1 1 1 1 1 1 1 1 1 1 1 1 1 1 1 1 1 1 1 1 1 1 1 1 1 1 1 1 1 1 1 1 1 1 1 1 1 1 1 1 1 1 1 1 1 1 1 1 1 1 1 1 1 1 1 1 1 1 1 1 1 1 1 1 1 1 1 1 1 1 1 1 1 1 1 1 1 1 1 1 1 1 1 1 1 1 1 1 1 1 1 1 1 1 1 1 1 1 1 1 1 1 1 1 1 1 1 1 1 1 1 1 1 1 1 1 1 1 1 1 1 1 1 1 1 1 1 1 1 1 1 1 1 1 1 1 1 1 1 1 1 1 1 1 1 1 1 1 1 1 1 1 1 1 1 1 1 1 1 1 1 1 1 1 1 1 1 1 1 1 1 1 1 1 1 1 1 1 1 1 1 1 1 1 1 1 1 1 1 1 1 1 1 1 1 1 1 1 1 1 1 1 1 1 1 1 1 1 1 1 1 1 1 1 1 1 1 1 1 1 1 1 1 1 1 1 1 1 1 1 1 1 1 1 1 1 1 1 1 1 1 1 1 1 1 1 1 1 1 1 1 1 1 1 1 1 1 1 1 1 1 1 1 1 1 1 1 1 1 1 1 1 1 1 1 1 1 1 1 1 1 1 1 1 1 1 1 1 1 1 1 1 1 1 1 1 1 1 1 1 1 1 1 1 1 1 1 1 1 1 1 1 1 1 1 1 1 1 1 1 1 1 1 1 1 1 1 1 1 1 1 1 1 1 1 1 1 1 1 1 1 1 1 1 1 1 1 1 1 1 1 1 1 1 1 1 1 1 1 1 1 1 1 1 1 1 1 1 1 1 1 1 1 1 1 1 1 1 1 1 1 1 1 1 1 1 1 1 1 1 1 1 1 1 1 1 1 1 1 1 1 1 1 1 1 1 1 1 1 1 1 1 1 1 1 1 1 1 1 1 1 1 1 1 1 1 1 1 1 1 1 1 1 1 1 1 1 1 1 1 1 1 1 1 1 1 1 1 1 1 1 1 1 1 1 1 1 1 1 1 1 1 1 1 1 1 1 1 1 1 1 1 1 1 1 1 1 1 1 1 1 1 1 1 1 1 1 1 1 1 1 1 1 1 1 1 1 1 1 1 1 1 1 1 1 1 1 1 1 1 1 1 1 1 1 1 1 1 1 1 1 1 1 1 1 1 1 1 1 1 1 1 1 1 1 1 1 1 1 1 1 1 1 1 1 1 1 1 1 1 1 1 1 1 1 1 1 1 1 1 1 1 1 1 1 1 1 1 1 1 1 1 1 1 1 1 1 1 1 1 1 1 1 1 1 1 1 1 1 1 1 1 1 1 1 1 1 1 1 1 1 1 1 1 1 1 1 1 1 1 1 1 1 1 1 1 1 1 1 1 1 1 1 1 1 1 1 1 1 1 1 1 1 1 1 1 1 1 1 1 1 1 1 1 1 1 1 1 1 1 1 1 1 1 1 1 1 1 1 1 1 1 1 1 1 1 1 1 1 1 1 1 1 1 1 1 1 1 1 1 1 1 1 1 1 1 1 1 1 1 1 1 1 1 1 1 1 1 1 1 1 1 1 1 1 1 1 1 1 1 1 1 1 1 1 1 1 1 1 1 1 1 1 1 1 1 1 1 1 1 1 1 1 1 1 1 1 1 1 1 1 1 1 1 1 1 1 1 1 1 1 1 1 1 1 1 1 1 1 1 1 1 1 1 1 1 1 1 1 1 1 1 1 1 1 1 1 1 1 1 1 1 1 1 1 1 1 1 1 1 1 1 1 1 1 1 1 1 1 1 1 1 1 1 1 1 1 1 1 1 1 1 1 1 1 1 1 1 1 1 1 1 1 1 1 1 1 1 1 1 1 1 1 1 1 1 1 1 1 1 1 1 1 1 1 1 1 1 1 1 1 1 1 1 1 1 1 1 1 1 1 1 1 1 1 1 1 1 1 1 1 1 1 1 1 1 1 1 1 1 1 1 1 1 1 1 1 1 1 1 1 1 1 1 1 1 1 1 1 1 1 1 1 1 1 1 1 1 1 1 1 1 1 1 1 1 1 1 1 1 1 1 1 1 1 1 1 1 1 1 1 1 1 1 1 1 1 1 1 1 1 1 1 1 1 1 1 1 1 1 1 1 1 1 1 1 1 1 1 1 1 1 1 1 1 1 1 1 1 1 1 1 1 1 1 1 1 1 1 1 1 1 1 1 1 1 1 1 1 1 1 1 1 1 1 1 1 1 1 1 1 1 1 1 1 1 1 1 1 1 1 1 1 1 1 1 1 1 1 1 1 1 1 1 1 1 1 1 1 1 1 1 1 1 1 1 1 1 1 1 1 1 1 1 1 1 1 1 1 1 1 1 1 1 1 1 1 1 1 1 1 1 1 1 1 1 1 1 1 1 1 1 1 1 1 1 1 1 1 1 1 1 1 1 1 1 1 1 1 1 1 1 1 1 1 1 1 1 1 1 1 1 1 1 1 1 1 1 1 1 1 1 1 1 1 1 1 1 1 1 1 1 1 1 1 1 1 1 1 1 1 1 1 1 1 1 1 1 1 1 1 1 1 1 1 1 1 1 1 1 1 1 1 1 1 1 1 1 1 1 1 1 1 1 1 1 1 1 1 1 1 1 1 1 1 1 1 1 1 1 1 1 1 1 1 1 1 1 1 1 1 1 1 1 1 1 1 1 1 1 1 1 1 1 1 1 1 1 1 1 1 1 1 1 1 1 1 1 1 1 1 1 1 1 1 1 1 1 1 1 1 1 1 1 1 1 1 1 1 1 1 1 1 1 1 1 1 1 1 1 1 1 1 1 1 1 1 1 1 1 1 1 1 1 1 1 1 1 1 1 1 1 1 1 1 1 1 1 1 1 1 1 1 1 1 1 1 1 1 1 1 1 1 1 1 1 1 1 1 1 1 1 1 1 1 1 1 1 1 1 1 1 1 1 1 1 1 1 1 1 1 1 1 1 1 1 1 1 1 1 1 1 1 1 1 1 1 1 1 1 1 1 1 1 1 1 1 1 1 1 1 1 1 1 1 1 1 1 1 1 1 1 1 1 1 1 1 1 1 1 1 1 1 1 1 1 1 1 1 1 1 1 1 1 1 1 1 1 1 1 1 1 1 1 1 1 1 1 1 1 1 1 1 1 1 1 1 1 1 1 1 1 1 1 1 1 1 1 1 1 1 1 1 1 1 1 1 1 1 1 1 1 1 1 1 1 1 1 1 1 1 1 1 1 1 1 1 1 1 1 1 1 1 1 1 1 1 1 1 1 1 1 1 1 1 1 1 1 1 1 1 1 1 1 1 1 1 1 1 1 1 1 1 1 1 1 1 1 1 1 1 1 1 1 1 1 1 1 1 1 1 1 1 1 1 1 1 1 1 1 1 1 1 1 1 1 1 1 1 1 1 1 1 1 1 1 1 1 1 1 1 1 1 1 1 1 1 1 1 1 1 1 1 1 1 1 1 1 1 1 1 1 1 1 1 1 1 1 1 1 1 1 1 1 1 1 1 1 1 1 1 1 1 1 1 1 1 1 1 1 1 1 1 1 1 1 1 1 1 1 1 1 1 1 1 1 1 1 1 1 1 1 1 1 1 1 1 1 1 1 1 1 1 1 1 1 1 1 1 1 1 1 1 1 1 1 1 1 1 1 1 1 1 1 1 1 1 1 1 1 1 1 1 1 1 1 1 1 1 1 1 1 1 1 1 1 1 1 1 1 1 1 1 1 1 1 1 1 1 1 1 1 1 1 1 1 1 1 1 1 1 1 1 1 1 1 1 1 1 1 1 1 1 1 1 1 1 1 1 1 1 1 1 1 1 1 1 1 1 1 1 1 1 1 1 1 1 1 1 1 1 1 1 1 1 1 1 1 1 1 1 1 1 1 1 1 1 1 1 1 1 1 1 1 1 1 1 1 1 1 1 1 1 1 1 1 1 1 1 1 1 1 1 1 1 1 1 1 1 1 1 1 1 1 1 1 1 1 1 1 1 1 1 1 1 1 1 1 1 1 1 1 1 1 1 1 1 1 1 1 1 1 1 1 1 1 1 1 1 1 1 1 1 1 1 1 1 1 1 1 1 1 1 1 1 1 1 1 1 1 1 1 1 1 1 1 1 1 1 1 1 1 1 1 1 1 1 1 1 1 1 1 1 1 1 1 1 1 1 1 1 1 1 1 1 1 1 1 1 1 1 1 1 1 1 1 1 1 1 1 1 1 1 1 1 1 1 1 1 1 1 1 1 1 1 1 1 1 1 1 1 1 1 1 1 1 1 1 1 1 1 1 1 1 1 1 1 1 1 1 1 1 1 1 1 1 1 1 1 1 1 1 1 1 1 1 1 1 1 1 1 1 1 1 1 1 1 1 1 1 1 1 1 1 1 1 1 1 1 1 1 1 1 1 1 1 1 1 1 1 1 1 1 1 1 1 1 1 1 1 1 1 1 1 1 1 1 1 1 1 1 1 1 1 1 1 1 1 1 1 1 1 1 1 1 1 1 1 1 1 1 1 1 1 1 1 1 1 1 1 1 1 1 1 1 1 1 1 1 1 1 1 1 1 1 1 1 1 1 1 1 1 1 1 1 1 1 1 1 1 1 1 1 1 1 1 1 1 1 1 1 1 1 1 1 1 1 1 1 1 1 1 1 1 1 1 1 1 1 1 1 1 1 1 1 1 1 1 1 1 1 1 1 1 1 1 1 1 1 1 1 1 1 1 1 1 1 1 1 1 1 1 1 1 1 1 1 1 1 1 1 1 1 1 1 1 1 1 1 1 1 1 1 1 1 1 1 1 1 1 1 1 1 1 1 1 1 1 1 1 1 1 1 1 1 1 1 1 1 1 1 1 1 1 1 1 1 1 1 1 1 1 1 1 1 1 1 1 1 1 1 1 1 1 1 1 1 1 1 1 1 1 1 1 1 1 1 1 1 1 1 1 1 1 1 1 1 1 1 1 1 1 1 1 1 1 1 1 1 1 1 1 1 1 1 1 1 1 1 1 1 1 1 1 1 1 1 1 1 1 1 1 1 1 1 1 1 1 1 1 1 1 1 1 1 1 1 1 1 1 1 1 1 1 1 1 1 1 1 1 1 1 1 1 1 1 1 1 1 1 1 1 1 1 1 1 1 1 1 1 1 1 1 1 1 1 1 1 1 1 1 1 1 1 1 1 1 1 1 1 1 1 1 1 1 1 1 1 1 1 1 1 1 1 1 1 1 1 1 1 1 1 1 1 1 1 1 1 1 1 1 1 1 1 1 1 1 1 1 1 1 1 1 1 1 1 1 1 1 1 1 1 1 1 1 1 1 1 1 1 1 1 1 1 1 1 1 1 1 1 1 1 1 1 1 1 1 1 1 1 1 1 1 1 1 1 1 1 1 1 1 1 1 1 1 1 1 1 1 1 1 1 1 1 1 1 1 1 1 1 1 1 1 1 1 1 1 1 1 1 1 1 1 1 1 1 1 1 1 1 1 1 1 1 1 1 1 1 1 1 1 1 1 1 1 1 1 1 1 1 1 1 1 1 1 1 1 1 1 1 1 1 1 1 1 1 1 1 1 1 1 1 1 1 1 1 1 1 1 1 1 1 1 1 1 1 1 1 1 1 1 1 1 1 1 1 1 1 1 1 1 1 1 1 1 1 1 1 1 1 1 1 1 1 1 1 1 1 1 1 1 1 1 1 1 1 1 1 1 1 1 1 1 1 1 1 1 1 1 1 1 1 1 1 1 1 1 1 1 1 1 1 1 1 1 1 1 1 1 1 1 1 1 1 1 1 1 1 1 1 1 1 1 1 1 1 1 1 1 1 1 1 1 1 1 1 1 1 1 1 1 1 1 1 1 1 1 1 1 1 1 1 1 1 1 1 1 1 1 1 1 1 1 1 1 1 1 1 1 1 1 1 1 1 1 1 1 1 1 1 1 1 1 1 1 1 1 1 1 1 1 1 1 1 1 1 1 1 1 1 1 1 1 1 1 1 1 1 1 1 1 1 1 1 1 1 1 1 1 1 1 1 1 1 1 1 1 1 1 1 1 1 1 1 1 1 1 1 1 1 1 1 1 1 1 1 1 1 1 1 1 1 1 1 1 1 1 1 1 1 1 1 1 1 1 1 1 1 1 1 1 1 1 1 1 1 1 1 1 1 1 1 1 1 1 1 1 1 1 1 1 1 1 1 1 1 1 1 1 1 1 1 1 1 1 1 1 1 1 1 1 1 1 1 1 1 1 1 1 1 1 1 1 1 1 1 1 1 1 1 1 1 1 1 1 1 1 1 1 1 1 1 1 1 1 1 1 1 1 1 1 1 1 1 1 1 1 1 1 1 1 1 1 1 1 1 1 1 1 1 1 1 1 1 1 1 1 1 1 1 1 1 1 1 1 1 1 1 1 1 1 1 1 1 1 1 1 1 1 1 1 1 1 1 1 1 1 1 1 1 1 1 1 1 1 1 1 1 1 1 1 1 1 1 1 1 1 1 1 1 1 1 1 1 1 1 1 1 1 1 1 1 1 1 1 1 1 1 1 1 1 1 1 1 1 1 1 1 1 1 1 1 1 1 1 1 1 1 1 1 1 1 1 1 1 1 1 1 1 1 1 1 1 1 1 1 1 1 1 1 1 1 1 1 1 1 1 1 1 1 1 1 1 1 1 1 1 1 1 1 1 1 1 1 1 1 1 1 1 1 1 1 1 1 1 1 1 1 1 1 1 1 1 1 1 1 1 1 1 1 1 1 1 1 1 1 1 1 1 1 1 1 1 1 1 1 1 1 1 1 1 1 1 1 1 1 1 1 1 1 1 1 1 1 1 1 1 1 1 1 1 1 1 1 1 1 1 1 1 1 1 1 1 1 1 1 1 1 1 1 1 1 1 1 1 1 1 1 1 1 1 1 1 1 1 1 1 1 1 1 1 1 1 1 1 1 1 1 1 1 1 1 1 1 1 1 1 1 1 1 1 1 1 1 1 1 1 1 1 1 1 1 1 1 1 1 1 1 1 1 1 1 1 1 1 1 1 1 1 1 1 1 1 1 1 1 1 1 1 1 1 1 1 1 1 1 1 1 1 1 1 1 1 1 1 1 1 1 1 1 1 1 1 1 1 1 1 1 1 1 1 1 1 1 1 1 1 1 1 1 1 1 1 1 1 1 1 1 1 1 1 1 1 1 1 1 1 1 1 1 1 1 1 1 1 1 1 1 1 1 1 1 1 1 1 1 1 1 1 1 1 1 1 1 1 1 1 1 1 1 1 1 1 1 1 1 1 1 1 1 1 1 1 1 1 1 1 1 1 1 1 1 1 1 1 1 1 1 1 1 1 1 1 1 1 1 1 1 1 1 1 1 1 1 1 1 1 1 1 1 1 1 1 1 1 1 1 1 1 1 1 1 1 1 1 1 1 1 1 1 1 1 1 1 1 1 1 1 1 1 1 1 1 1 1 1 1 1 1 1 1 1 1 1 1 1 1 1 1 1 1 1 1 1 1 1 1 1 1 1 1 1 1 1 1 1 1 1 1 1 1 1 1 1 1 1 1 1 1 1 1 1 1 1 1 1 1 1 1 1 1 1 1 1 1 1 1 1 1 1 1 1 1 1 1 1 1 1 1 1 1 1 1 1 1 1 1 1 1 1 1 1 1 1 1 1 1 1 1 1 1 1 1 1 1 1 1 1 1 1 1 1 1 1 1 1 1 1 1 1 1 1 1 1 1 1 1 1 1 1 1 1 1 1 1 1 1 1 1 1 1 1 1 1 1 1 1 1 1 1 1 1 1 1 1 1 1 1 1 1 1 1 1 1 1 1 1 1 1 1 1 1 1 1 1 1 1 1 1 1 1 1 1 1 1 1 1 1 1 1 1 1 1 1 1 1 1 1 1 1 1 1 1 1 1 1 1 1 1 1 1 1 1 1 1 1 1 1 1 1 1 1 1 1 1 1 1 1 1 1 1 1 1 1 1 1 1 1 1 1 1 1 1 1 1 1 1 1 1 1 1 1 1 1 1 1 1 1 1 1 1 1 1 1 1 1 1 1 1 1 1 1 1 1 1 1 1 1 1 1 1 1 1 1 1 1 1 1 1 1 1 1 1 1 1 1 1 1 1 1 1 1 1 1 1 1 1 1 1 1 1 1 1 1 1 1 1 1 1 1 1 1 1 1 1 1 1 1 1 1 1 1 1 1 1 1 1 1 1 1 1 1 1 1 1 1 1 1 1 1 1 1 1 1 1 1 1 1 1 1 1 1 1 1 1 1 1 1 1 1 1 1 1 1 1 1 1 1 1 1 1 1 1 1 1 1 1 1 1 1 1 1 1 1 1 1 1 1 1 1 1 1 1 1 1 1 1 1 1 1 1 1 1 1 1 1 1 1 1 1 1 1 1 1 1 1 1 1 1 1 1 1 1 1 1 1 1 1 1 1 1 1 1 1 1 1 1 1 1 1 1 1 1 1 1 1 1 1 1 1 1 1 1 1 1 1 1 1 1 1 1 1 1 1 1 1 1 1 1 1 1 1 1 1 1 1 1 1 1 1 1 1 1 1 1 1 1 1 1 1 1 1 1 1 1 1 1 1 1 1 1 1 1 1 1 1 1 1 1 1 1 1 1 1 1 1 1 1 1 1 1 1 1 1 1 1 1 1 1 1 1 1 1 1 1 1 1 1 1 1 1 1 1 1 1 1 1 1 1 1 1 1 1 1 1 1 1 1 1 1 1 1 1 1 1 1 1 1 1 1 1 1 1 1 1 1 1 1 1 1 1 1 1 1 1 1 1 1 1 1 1 1 1 1 1 1 1 1 1 1 1 1 1 1 1 1 1 1 1 1 1 1 1 1 1 1 1 1 1 1 1 1 1 1 1 1 1 1 1 1 1 1 1 1 1 1 1 1 1 1 1 1 1 1 1 1 1 1 1 1 1 1 1 1 1 1 1 1 1 1 1 1 1 1 1 1 1 1 1 1 1 1 1 1 1 1 1 1 1 1 1 1 1 1 1 1 1 1 1 1 1 1 1 1 1 1 1 1 1 1 1 1 1 1 1 1 1 1 1 1 1 1 1 1 1 1 1 1 1 1 1 1 1 1 1 1 1 1 1 1 1 1 1 1 1 1 1 1 1 1 1 1 1 1 1 1 1 1 1 1 1 1 1 1 1 1 1 1 1 1 1 1 1 1 1 1 1 1 1 1 1 1 1 1 1 1 1 1 1 1 1 1 1 1 1 1 1 1 1 1 1 1 1 1 1 1 1 1 1 1 1 1 1 1 1 1 1 1 1 1 1 1 1 1 1 1 1 1 1 1 1 1 1 1 1 1 1 1 1 1 1 1 1 1 1 1 1 1 1 1 1 1 1 1 1 1 1 1 1 1 1 1 1 1 1 1 1 1 1 1 1 1 1 1 1 1 1 1 1 1 1 1 1 1 1 1 1 1 1 1 1 1 1 1 1 1 1 1 1 1 1 1 1 1 1 1 1 1 1 1 1 1 1 1 1 1 1 1 1 1 1 1 1 1 1 1 1 1 1 1 1 1 1 1 1 1 1 1 1 1 1 1 1 1 1 1 1 1 1 1 1 1 1 1 1 1 1 1 1 1 1 1 1 1 1 1 1 1 1 1 1 1 1 1 1 1 1 1 1 1 1 1 1 1 1 1 1 1 1 1 1 1 1 1 1 1 1 1 1 1 1 1 1 1 1 1 1 1 1 1 1 1 1 1 1 1 1 1 1 1 1 1 1 1 1 1 1 1 1 1 1 1 1 1 1 1 1 1 1 1 1 1 1 1 1 1 1 1 1 1 1 1 1 1 1 1 1 1 1 1 1 1 1 1 1 1 1 1 1 1 1 1 1 1 1 1 1 1 1 1 1 1 1 1 1 1 1 1 1 1 1 1 1 1 1 1 1 1 1 1 1 1 1 1 1 1 1 1 1 1 1 1 1 1 1 1 1 1 1 1 1 1 1 1 1 1 1 1 1 1 1 1 1 1 1 1 1 1 1 1 1 1 1 1 1 1 1 1 1 1 1 1 1 1 1 1 1 1 1 1 1 1 1 1 1 1 1 1 1 1 1 1 1 1 1 1 1 1 1 1 1 1 1 1 1 1 1 1 1 1 1 1 1 1 1 1 1 1 1 1 1 1 1 1 1 1 1 1 1 1 1 1 1 1 1 1 1 1 1 1 1 1 1 1 1 1 1 1 1 1 1 1 1 1 1 1 1 1 1 1 1 1 1 1 1 1 1 1 1 1 1 1 1 1 1 1 1 1 1 1 1 1 1 1 1 1 1 1 1 1 1 1 1 1 1 1 1 1 1 1 1 1 1 1 1 1 1 1 1 1 1 1 1 1 1 1 1 1 1 1 1 1 1 1 1 1 1 1 1 1 1 1 1 1 1 1 1 1 1 1 1 1 1 1 1 1 1 1 1 1 1 1 1 1 1 1 1 1 1 1 1 1 1 1 1 1 1 1 1 1 1 1 1 1 1 1 1 1 1 1 1 1 1 1 1 1 1 1 1 1 1 1 1 1 1 1 1 1 1 1 1 1 1 1 1 1 1 1 1 1 1 1 1 1 1 1 1 1 1 1 1 1 1 1 1 1 1 1 1 1 1 1 1 1 1 1 1 1 1 1 1 1 1 1 1 1 1 1 1 1 1 1 1 1 1 1 1 1 1 1 1 1 1 1 1 1 1 1 1 1 1 1 1 1 1 1 1 1 1 1 1 1 1 1 1 1 1 1 1 1 1 1 1 1 1 1 1 1 1 1 1 1 1 1 1 1 1 1 1 1 1 1 1 1 1 1 1 1 1 1 1 1 1 1 1 1 1 1 1 1 1 1 1 1 1 1 1 1 1 1 1 1 1 1 1 1 1 1 1 1 1 1 1 1 1 1 1 1 1 1 1 1 1 1 1 1 1 1 1 1 1 1 1 1 1 1 1 1 1 1 1 1 1 1 1 1 1 1 1 1 1 1 1 1 1 1 1 1 1 1 1 1 1 1 1 1 1 1 1 1 1 1 1 1 1 1 1 1 1 1 1 1 1 1 1 1 1 1 1 1 1 1 1 1 1 1 1 1 1 1 1 1 1 1 1 1 1 1 1 1 1 1 1 1 1 1 1 1 1 1 1 1 1 1 1 1 1 1 1 1 1 1 1 1 1 1 1 1 1 1 1 1 1 1 1 1 1 1 1 1 1 1 1 1 1 1 1 1 1 1 1 1 1 1 1 1 1 1 1 1 1 1 1 1 1 1 1 1 1 1 1 1 1 1 1 1 1 1 1 1 1 1 1 1 1 1 1 1 1 1 1 1 1 1 1 1 1 1 1 1 1 1 1 1 1 1 1 1 1 1 1 1 1 1 1 1 1 1 1 1 1 1 1 1 1 1 1 1 1 1 1 1 1 1 1 1 1 1 1 1 1 1 1 1 1 1 1 1 1 1 1 1 1 1 1 1 1 1 1 1 1 1 1 1 1 1 1 1 1 1 1 1 1 1 1 1 1 1 1 1 1 1 1 1 1 1 1 1 1 1 1 1 1 1 1 1 1 1 1 1 1 1 1 1 1 1 1 1 1 1 1 1 1 1 1 1 1 1 1 1 1 1 1 1 1 1 1 1 1 1 1 1 1 1 1 1 1 1 1 1 1 1 1 1 1 1 1 1 1 1 1 1 1 1 1 1 1 1 1 1 1 1 1 1 1 1 1 1 1 1 1 1 1 1 1 1 1 1 1 1 1 1 1 1 1 1 1 1 1 1 1 1 1 1 1 1 1 1 1 1 1 1 1 1 1 1 1 1 1 1 1 1 1 1 1 1 1 1 1 1 1 1 1 1 1 1 1 1 1 1 1 1 1 1 1 1 1 1 1 1 1 1 1 1 1 1 1 1 1 1 1 1 1 1 1 1 1 1 1 1 1 1 1 1 1 1 1 1 1 1 1 1 1 1 1 1 1 1 1 1 1 1 1 1 1 1 1 1 1 1 1 1 1 1 1 1 1 1 1 1 1 1 1 1 1 1 1 1 1 1 1 1 1 1 1 1 1 1 1 1 1 1 1 1 1 1 1 1 1 1 1 1 1 1 1 1 1 1 1 1 1 1 1 1 1 1 1 1 1 1 1 1 1 1 1 1 1 1 1 1 1 1 1 1 1 1 1 1 1 1 1 1 1 1 1 1 1 1 1 1 1 1 1 1 1 1 1 1 1 1 1 1 1 1 1 1 1 1 1 1 1 1 1 1 1 1 1 1 1 1 1 1 1 1 1 1 1 1 1 1 1 1 1 1 1 1 1 1 1 1 1 1 1 1 1 1 1 1 1 1 1 1 1 1 1 1 1 1 1 1 1 1 1 1 1 1 1 1 1 1 1 1 1 1 1 1 1 1 1 1 1 1 1 1 1 1 1 1 1 1 1 1 1 1 1 1 1 1 1 1 1 1 1 1 1 1 1 1 1 1 1 1 1 1 1 1 1 1 1 1 1 1 1 1 1 1 1 1 1 1 1 1 1 1 1 1 1 1 1 1 1 1 1 1 1 1 1 1 1 1 1 1 1 1 1 1 1 1 1 1 1 1 1 1 1 1 1 1 1 1 1 1 1 1 1 1 1 1 1 1 1 1 1 1 1 1 1 1 1 1 1 1 1 1 1 1 1 1 1 1 1 1 1 1 1 1 1 1 1 1 1 1 1 1 1 1 1 1 1 1 1 1 1 1 1 1 1 1 1 1 1 1 1 1 1 1 1 1 1 1 1 1 1 1 1 1 1 1 1 1 1 1 1 1 1 1 1 1 1 1 1 1 1 1 1 1 1 1 1 1 1 1 1 1 1 1 1 1 1 1 1 1 1 1 1 1 1 1 1 1 1 1 1 1 1 1 1 1 1 1 1 1 1 1 1 1 1 1 1 1 1 1 1 1 1 1 1 1 1 1 1 1 1 1 1 1 1 1 1 1 1 1 1 1 1 1 1 1 1 1 1 1 1 1 1 1 1 1 1 1 1 1 1 1 1 1 1 1 1 1 1 1 1 1 1 1 1 1 1 1 1 1 1 1 1 1 1 1 1 1 1 1 1 1 1 1 1 1 1 1 1 1 1 1 1 1 1 1 1 1 1 1 1 1 1 1 1 1 1 1 1 1 1 1 1 1 1 1 1 1 1 1 1 1 1 1 1 1 1 1 1 1 1 1 1 1 1 1 1 1 1 1 1 1 1 1 1 1 1 1 1 1 1 1 1 1 1 1 1 1 1 1 1 1 1 1 1 1 1 1 1 1 1 1 1 1 1 1 1 1 1 1 1 1 1 1 1 1 1 1 1 1 1 1 1 1 1 1 1 1 1 1 1 1 1 1 1 1 1 1 1 1 1 1 1 1 1 1 1 1 1 1 1 1 1 1 1 1 1 1 1 1 1 1 1 1 1 1 1 1 1 1 1 1 1 1 1 1 1 1 1 1 1 1 1 1 1 1 1 1 1 1 1 1 1 1 1 1 1 1 1 1 1 1 1 1 1 1 1 1 1 1 1 1 1 1 1 1 1 1 1 1 1 1 1 1 1 1 1 1 1 1 1 1 1 1 1 1 1 1 1 1 1 1 1 1 1 1 1 1 1 1 1 1 1 1 1 1 1 1 1 1 1 1 1 1 1 1 1 1 1 1 1 1 1 1 1 1 1 1 1 1 1 1 1 1 1 1 1 1 1 1 1 1 1 1 1 1 1 1 1 1 1 1 1 1 1 1 1 1 1 1 1 1 1 1 1 1 1 1 1 1 1 1 1 1 1 1 1 1 1 1 1 1 1 1 1 1 1 1 1 1 1 1 1 1 1 1 1 1 1 1 1 1 1 1 1 1 1 1 1 1 1 1 1 1 1 1 1 1 1 1 1 1 1 1 1 1 1 1 1 1 1 1 1 1 1 1 1 1 1 1 1 1 1 1 1 1 1 1 1 1 1 1 1 1 1 1 1 1 1 1 1 1 1 1 1 1 1 1 1 1 1 1 1 1 1 1 1 1 1 1 1 1 1 1 1 1 1 1 1 1 1 1 1 1 1 1 1 1 1 1 1 1 1 1 1 1 1 1 1 1 1 1 1 1 1 1 1 1 1 1 1 1 1 1 1 1 1 1 1 1 1 1 1 1 1 1 1 1 1 1 1 1 1 1 1 1 1 1 1 1 1 1 1 1 1 1 1 1 1 1 1 1 1 1 1 1 1 1 1 1 1 1 1 1 1 1 1 1 1 1 1 1 1 1 1 1 1 1 1 1 1 1 1 1 1 1 1 1 1 1 1 1 1 1 1 1 1 1 1 1 1 1 1 1 1 1 1 1 1 1 1 1 1 1 1 1 1 1 1 1 1 1 1 1 1 1 1 1 1 1 1 1 1 1 1 1 1 1 1 1 1 1 1 1 1 1 1 1 1 1 1 1 1 1 1 1 1 1 1 1 1 1 1 1 1 1 1 1 1 1 1 1 1 1 1 1 1 1 1 1 1 1 1 1 1 1 1 1 1 1 1 1 1 1 1 1 1 1 1 1 1 1 1 1 1 1 1 1 1 1 1 1 1 1 1 1 1 1 1 1 1 1 1 1 1 1 1 1 1 1 1 1 1 1 1 1 1 1 1 1 1 1 1 1 1 1 1 1 1 1 1 1 1 1 1 1 1 1 1 1 1 1 1 1 1 1 1 1 1 1 1 1 1 1 1 1 1 1 1 1 1 1 1 1 1 1 1 1 1 1 1 1 1 1 1 1 1 1 1 1 1 1 1 1 1 1 1 1 1 1 1 1 1 1 1 1 1 1 1 1 1 1 1 1 1 1 1 1 1 1 1 1 1 1 1 1 1 1 1 1 1 1 1 1 1 1 1 1 1 1 1 1 1 1 1 1 1 1 1 1 1 1 1 1 1 1 1 1 1 1 1 1 1 1 1 1 1 1 1 1 1 1 1 1 1 1 1 1 1 1 1 1 1 1 1 1 1 1 1 1 1 1 1 1 1 1 1 1 1 1 1 1 1 1 1 1 1 1 1 1 1 1 1 1 1 1 1 1 1 1 1 1 1 1 1 1 1 1 1 1 1 1 1 1 1 1 1 1 1 1 1 1 1 1 1 1 1 1 1 1 1 1 1 1 1 1 1 1 1 1 1 1 1 1 1 1 1 1 1 1 1 1 1 1 1 1 1 1 1 1 1 1 1 1 1 1 1 1 1 1 1 1 1 1 1 1 1 1 1 1 1 1 1 1 1 1 1 1 1 1 1 1 1 1 1 1 1 1 1 1 1 1 1 1 1 1 1 1 1 1 1 1 1 1 1 1 1 1 1 1 1 1 1 1 1 1 1 1 1 1 1 1 1 1 1 1 1 1 1 1 1 1 1 1 1 1 1 1 1 1 1 1 1 1 1 1 1 1 1 1 1 1 1 1 1 1 1 1 1 1 1 1 1 1 1 1 1 1 1 1 1 1 1 1 1 1 1 1 1 1 1 1 1 1 1 1 1 1 1 1 1 1 1 1 1 1 1 1 1 1 1 1 1 1 1 1 1 1 1 1 1 1 1 1 1 1 1 1 1 1 1 1 1 1 1 1 1 1 1 1 1 1 1 1 1 1 1 1 1 1 1 1 1 1 1 1 1 1 1 1 1 1 1 1 1 1 1 1 1 1 1 1 1 1 1 1 1 1 1 1 1 1 1 1 1 1 1 1 1 1 1 1 1 1 1 1 1 1 1 1 1 1 1 1 1 1 1 1 1 1 1 1 1 1 1 1 1 1 1 1 1 1 1 1 1 1 1 1 1 1 1 1 1 1 1 1 1 1 1 1 1 1 1 1 1 1 1 1 1 1 1 1 1 1 1 1 1 1 1 1 1 1 1 1 1 1 1 1 1 1 1 1 1 1 1 1 1 1 1 1 1 1 1 1 1 1 1 1 1 1 1 1 1 1 1 1 1 1 1 1 1 1 1 1 1 1 1 1 1 1 1 1 1 1 1 1 1 1 1 1 1 1 1 1 1 1 1 1 1 1 1 1 1 1 1 1 1 1 1 1 1 1 1 1 1 1 1 1 1 1 1 1 1 1 1 1 1 1 1 1 1 1 1 1 1 1 1 1 1 1 1 1 1 1 1 1 1 1 1 1 1 1 1 1 1 1 1 1 1 1 1 1 1 1 1 1 1 1 1 1 1 1 1 1 1 1 1 1 1 1 1 1 1 1 1 1 1 1 1 1 1 1 1 1 1 1 1 1 1 1 1 1 1 1 1 1 1 1 1 1 1 1 1 1 1 1 1 1 1 1 1 1 1 1 1 1 1 1 1 1 1 1 1 1 1 1 1 1 1 1 1 1 1 1 1 1 1 1 1 1 1 1 1 1 1 1 1 1 1 1 1 1 1 1 1 1 1 1 1 1 1 1 1 1 1 1 1 1 1 1 1 1 1 1 1 1 1 1 1 1 1 1 1 1 1 1 1 1 1 1 1 1 1 1 1 1 1 1 1 1 1 1 1 1 1 1 1 1 1 1 1 1 1 1 1 1 1 1 1 1 1 1 1 1 1 1 1 1 1 1 1 1 1 1 1 1 1 1 1 1 1 1 1 1 1 1 1 1 1 1 1 1 1 1 1 1 1 1 1 1 1 1 1 1 1 1 1 1 1 1 1 1 1 1 1 1 1 1 1 1 1 1 1 1 1 1 1 1 1 1 1 1 1 1 1 1 1 1 1 1 1 1 1 1 1 1 1 1 1 1 1 1 1 1 1 1 1 1 1 1 1 1 1 1 1 1 1 1 1 1 1 1 1 1 1 1 1 1 1 1 1 1 1 1 1 1 1 1 1 1 1 1 1 1 1 1 1 1 1 1 1 1 1 1 1 1 1 1 1 1 1 1 1 1 1 1 1 1 1 1 1 1 1 1 1 1 1 1 1 1 1 1 1 1 1 1 1 1 1 1 1 1 1 1 1 1 1 1 1 1 1 1 1 1 1 1 1 1 1 1 1 1 1 1 1 1 1 1 1 1 1 1 1 1 1 1 1 1 1 1 1 1 1 1 1 1 1 1 1 1 1 1 1 1 1 1 1 1 1 1 1 1 1 1 1 1 1 1 1 1 1 1 1 1 1 1 1 1 1 1 1 1 1 1 1 1 1 1 1 1 1 1 1 1 1 1 1 1 1 1 1 1 1 1 1 1 1 1 1 1 1 1 1 1 1 1 1 1 1 1 1 1 1 1 1 1 1 1 1 1 1 1 1 1 1 1 1 1 1 1 1 1 1 1 1 1 1 1 1 1 1 1 1 1 1 1 1 1 1 1 1 1 1 1 1 1 1 1 1 1 1 1 1 1 1 1 1 1 1 1 1 1 1 1 1 1 1 1 1 1 1 1 1 1 1 1 1 1 1 1 1 1 1 1 1 1 1 1 1 1 1 1 1 1 1 1 1 1 1 1 1 1 1 1 1 1 1 1 1 1 1 1 1 1 1 1 1 1 1 1 1 1 1 1 1 1 1 1 1 1 1 1 1 1 1 1 1 1 1 1 1 1 1 1 1 1 1 1 1 1 1 1 1 1 1 1 1 1 1 1 1 1 1 1 1 1 1 1 1 1 1 1 1 1 1 1 1 1 1 1 1 1 1 1 1 1 1 1 1 1 1 1 1 1 1 1 1 1 1 1 1 1 1 1 1 1 1 1 1 1 1 1 1 1 1 1 1 1 1 1 1 1 1 1 1 1 1 1 1 1 1 1 1 1 1 1 1 1 1 1 1 1 1 1 1 1 1 1 1 1 1 1 1 1 1 1 1 1 1 1 1 1 1 1 1 1 1 1 1 1 1 1 1 1 1 1 1 1 1 1 1 1 1 1 1 1 1 1 1 1 1 1 1 1 1 1 1 1 1 1 1 1 1 1 1 1 1 1 1 1 1 1 1 1 1 1 1 1 1 1 1 1 1 1 1 1 1 1 1 1 1 1 1 1 1 1 1 1 1 1 1 1 1 1 1 1 1 1 1 1 1 1 1 1 1 1 1 1 1 1 1 1 1 1 1 1 1 1 1 1 1 1 1 1 1 1 1 1 1 1 1 1 1 1 1 1 1 1 1 1 1 1 1 1 1 1 1 1 1 1 1 1 1 1 1 1 1 1 1 1 1 1 1 1 1 1 1 1 1 1 1 1 1 1 1 1 1 1 1 1 1 1 1 1 1 1 1 1 1 1 1 1 1 1 1 1 1 1 1 1 1 1 1 1 1 1 1 1 1 1 1 1 1 1 1 1 1 1 1 1 1 1 1 1 1 1 1 1 1 1 1 1 1 1 1 1 1 1 1 1 1 1 1 1 1 1 1 1 1 1 1 1 1 1 1 1 1 1 1 1 1 1 1 1 1 1 1 1 1 1 1 1 1 1 1 1 1 1 1 1 1 1 1 1 1 1 1 1 1 1 1 1 1 1 1 1 1 1 1 1 1 1 1 1 1 1 1 1 1 1 1 1 1 1 1 1 1 1 1 1 1 1 1 1 1 1 1 1 1 1 1 1 1 1 1 1 1 1 1 1 1 1 1 1 1 1 1 1 1 1 1 1 1 1 1 1 1 1 1 1 1 1 1 1 1 1 1 1 1 1 1 1 1 1 1 1 1 1 1 1 1 1 1 1 1 1 1 1 1 1 1 1 1 1 1 1 1 1 1 1 1 1 1 1 1 1 1 1 1 1 1 1 1 1 1 1 1 1 1 1 1 1 1 1 1 1 1 1 1 1 1 1 1 1 1 1 1 1 1 1 1 1 1 1 1 1 1 1 1 1 1 1 1 1 1 1 1 1 1 1 1 1 1 1 1 1 1 1 1 1 1 1 1 1 1 1 1 1 1 1 1 1 1 1 1 1 1 1 1 1 1 1 1 1 1 1 1 1 1 1 1 1 1 1 1 1 1 1 1 1 1 1 1 1 1 1 1 1 1 1 1 1 1 1 1 1 1 1 1 1 1 1 1 1 1 1 1 1 1 1 1 1 1 1 1 1 1 1 1 1 1 1 1 1 1 1 1 1 1 1 1 1 1 1 1 1 1 1 1 1 1 1 1 1 1 1 1 1 1 1 1 1 1 1 1 1 1 1 1 1 1 1 1 1 1 1 1 1 1 1 1 1 1 1 1 1 1 1 1 1 1 1 1 1 1 1 1 1 1 1 1 1 1 1 1 1 1 1 1 1 1 1 1 1 1 1 1 1 1 1 1 1 1 1 1 1 1 1 1 1 1 1 1 1 1 1 1 1 1 1 1 1 1 1 1 1 1 1 1 1 1 1 1 1 1 1 1 1 1 1 1 1 1 1 1 1 1 1 1 1 1 1 1 1 1 1 1 1 1 1 1 1 1 1 1 1 1 1 1 1 1 1 1 1 1 1 1 1 1 1 1 1 1 1 1 1 1 1 1 1 1 1 1 1 1 1 1 1 1 1 1 1 1 1 1 1 1 1 1 1 1 1 1 1 1 1 1 1 1 1 1 1 1 1 1 1 1 1 1 1 1 1 1 1 1 1 1 1 1 1 1 1 1 1 1 1 1 1 1 1 1 1 1 1 1 1 1 1 1 1 1 1 1 1 1 1 1 1 1 1 1 1 1 1 1 1 1 1 1 1 1 1 1 1 1 1 1 1 1 1 1 1 1 1 1 1 1 1 1 1 1 1 1 1 1 1 1 1 1 1 1 1 1 1 1 1 1 1 1 1 1 1 1 1 1 1 1 1 1 1 1 1 1 1 1 1 1 1 1 1 1 1 1 1 1 1 1 1 1 1 1 1 1 1 1 1 1 1 1 1 1 1 1 1 1 1 1 1 1 1 1 1 1 1 1 1 1 1 1 1 1 1 1 1 1 1 1 1 1 1 1 1 1 1 1 1 1 1 1 1 1 1 1 1 1 1 1 1 1 1 1 1 1 1 1 1 1 1 1 1 1 1 1 1 1 1 1 1 1 1 1 1 1 1 1 1 1 1 1 1 1 1 1 1 1 1 1 1 1 1 1 1 1 1 1 1 1 1 1 1 1 1 1 1 1 1 1 1 1 1 1 1 1 1 1 1 1 1 1 1 1 1 1 1 1 1 1 1 1 1 1 1 1 1 1 1 1 1 1 1 1 1 1 1 1 1 1 1 1 1 1 1 1 1 1 1 1 1 1 1 1 1 1 1 1 1 1 1 1 1 1 1 1 1 1 1 1 1 1 1 1 1 1 1 1 1 1 1 1 1 1 1 1 1 1 1 1 1 1 1 1 1 1 1 1 1 1 1 1 1 1 1 1 1 1 1 1 1 1 1 1 1 1 1 1 1 1 1 1 1 1 1 1 1 1 1 1 1 1 1 1 1 1 1 1 1 1 1 1 1 1 1 1 1 1 1 1 1 1 1 1 1 1 1 1 1 1 1 1 1 1 1 1 1 1 1 1 1 1 1 1 1 1 1 1 1 1 1 1 1 1 1 1 1 1 1 1 1 1 1 1 1 1 1 1 1 1 1 1 1 1 1 1 1 1 1 1 1 1 1 1 1 1 1 1 1 1 1 1 1 1 1 1 1 1 1 1 1 1 1 1 1 1 1 1 1 1 1 1 1 1 1 1 1 1 1 1 1 1 1 1 1 1 1 1 1 1 1 1 1 1 1 1 1 1 1 1 1 1 1 1 1 1 1 1 1 1 1 1 1 1 1 1 1 1 1 1 1 1 1 1 1 1 1 1 1 1 1 1 1 1 1 1 1 1 1 1 1 1 1 1 1 1 1 1 1 1 1 1 1 1 1 1 1 1 1 1 1 1 1 1 1 1 1 1 1 1 1 1 1 1 1 1 1 1 1 1 1 1 1 1 1 1 1 1 1 1 1 1 1 1 1 1 1 1 1 1 1 1 1 1 1 1 1 1 1 1 1 1 1 1 1 1 1 1 1 1 1 1 1 1 1 1 1 1 1 1 1 1 1 1 1 1 1 1 1 1 1 1 1 1 1 1 1 1 1 1 1 1 1 1 1 1 1 1 1 1 1 1 1 1 1 1 1 1 1 1 1 1 1 1 1 1 1 1 1 1 1 1 1 1 1 1 1 1 1 1 1 1 1 1 1 1 1 1 1 1 1 1 1 1 1 1 1 1 1 1 1 1 1 1 1 1 1 1 1 1 1 1 1 1 1 1 1 1 1 1 1 1 1 1 1 1 1 1 1 1 1 1 1 1 1 1 1 1 1 1 1 1 1 1 1 1 1 1 1 1 1 1 1 1 1 1 1 1 1 1 1 1 1 1 1 1 1 1 1 1 1 1 1 1 1 1 1 1 1 1 1 1 1 1 1 1 1 1 1 1 1 1 1 1 1 1 1 1 1 1 1 1 1 1 1 1 1 1 1 1 1 1 1 1 1 1 1 1 1 1 1 1 1 1 1 1 1 1 1 1 1 1 1 1 1 1 1 1 1 1 1 1 1 1 1 1 1 1 1 1 1 1 1 1 1 1 1 1 1 1 1 1 1 1 1 1 1 1 1 1 1 1 1 1 1 1 1 1 1 1 1 1 1 1 1 1 1 1 1 1 1 1 1 1 1 1 1 1 1 1 1 1 1 1 1 1 1 1 1 1 1 1 1 1 1 1 1 1 1 1 1 1 1 1 1 1 1 1 1 1 1 1 1 1 1 1 1 1 1 1 1 1 1 1 1 1 1 1 1 1 1 1 1 1 1 1 1 1 1 1 1 1 1 1 1 1 1 1 1 1 1 1 1 1 1 1 1 1 1 1 1 1 1 1 1 1 1 1 1 1 1 1 1 1 1 1 1 1 1 1 1 1 1 1 1 1 1 1 1 1 1 1 1 1 1 1 1 1 1 1 1 1 1 1 1 1 1 1 1 1 1 1 1 1 1 1 1 1 1 1 1 1 1 1 1 1 1 1 1 1 1 1 1 1 1 1 1 1 1 1 1 1 1 1 1 1 1 1 1 1 1 1 1 1 1 1 1 1 1 1 1 1 1 1 1 1 1 1 1 1 1 1 1 1 1 1 1 1 1 1 1 1 1 1 1 1 1 1 1 1 1 1 1 1 1 1 1 1 1 1 1 1 1 1 1 1 1 1 1 1 1 1 1 1 1 1 1 1 1 1 1 1 1 1 1 1 1 1 1 1 1 1 1 1 1 1 1 1 1 1 1 1 1 1 1 1 1 1 1 1 1 1 1 1 1 1 1 1 1 1 1 1 1 1 1 1 1 1 1 1 1 1 1 1 1 1 1 1 1 1 1 1 1 1 1 1 1 1 1 1 1 1 1 1 1 1 1 1 1 1 1 1 1 1 1 1 1 1 1 1 1 1 1 1 1 1 1 1 1 1 1 1 1 1 1 1 1 1 1 1 1 1 1 1 1 1 1 1 1 1 1 1 1 1 1 1 1 1 1 1 1 1 1 1 1 1 1 1 1 1 1 1 1 1 1 1 1 1 1 1 1 1 1 1 1 1 1 1 1 1 1 1 1 1 1 1 1 1 1 1 1 1 1 1 1 1 1 1 1 1 1 1 1 1 1 1 1 1 1 1 1 1 1 1 1 1 1 1 1 1 1 1 1 1 1 1 1 1 1 1 1 1 1 1 1 1 1 1 1 1 1 1 1 1 1 1 1 1 1 1 1 1 1 1 1 1 1 1 1 1 1 1 1 1 1 1 1 1 1 1 1 1 1 1 1 1 1 1 1 1 1 1 1 1 1 1 1 1 1 1 1 1 1 1 1 1 1 1 1 1 1 1 1 1 1 1 1 1 1 1 1 1 1 1 1 1 1 1 1 1 1 1 1 1 1 1 1 1 1 1 1 1 1 1 1 1 1 1 1 1 1 1 1 1 1 1 1 1 1 1 1 1 1 1 1 1 1 1 1 1 1 1 1 1 1 1 1 1 1 1 1 1 1 1 1 1 1 1 1 1 1 1 1 1 1 1 1 1 1 1 1 1 1 1 1 1 1 1 1 1 1 1 1 1 1 1 1 1 1 1 1 1 1 1 1 1 1 1 1 1 1 1 1 1 1 1 1 1 1 1 1 1 1 1 1 1 1 1 1 1 1 1 1 1 1 1 1 1 1 1 1 1 1 1 1 1 1 1 1 1 1 1 1 1 1 1 1 1 1 1 1 1 1 1 1 1 1 1 1 1 1 1 1 1 1 1 1 1 1 1 1 1 1 1 1 1 1 1 1 1 1 1 1 1 1 1 1 1 1 1 1 1 1 1 1 1 1 1 1 1 1 1 1 1 1 1 1 1 1 1 1 1 1 1 1 1 1 1 1 1 1 1 1 1 1 1 1 1 1 1 1 1 1 1 1 1 1 1 1 1 1 1 1 1 1 1 1 1 1 1 1 1 1 1 1 1 1 1 1 1 1 1 1 1 1 1 1 1 1 1 1 1 1 1 1 1 1 1 1 1 1 1 1 1 1 1 1 1 1 1 1 1 1 1 1 1 1 1 1 1 1 1 1 1 1 1 1 1 1 1 1 1 1 1 1 1 1 1 1 1 1 1 1 1 1 1 1 1 1 1 1 1 1 1 1 1 1 1 1 1 1 1 1 1 1 1 1 1 1 1 1 1 1 1 1 1 1 1 1 1 1 1 1 1 1 1 1 1 1 1 1 1 1 1 1 1 1 1 1 1 1 1 1 1 1 1 1 1 1 1 1 1 1 1 1 1 1 1 1 1 1 1 1 1 1 1 1 1 1 1 1 1 1 1 1 1 1 1 1 1 1 1 1 1 1 1 1 1 1 1 1 1 1 1 1 1 1 1 1 1 1 1 1 1 1 1 1 1 1 1 1 1 1 1 1 1 1 1 1 1 1 1 1 1 1 1 1 1 1 1 1 1 1 1 1 1 1 1 1 1 1 1 1 1 1 1 1 1 1 1 1 1 1 1 1 1 1 1 1 1 1 1 1 1 1 1 1 1 1 1 1 1 1 1 1 1 1 1 1 1 1 1 1 1 1 1 1 1 1 1 1 1 1 1 1 1 1 1 1 1 1 1 1 1 1 1 1 1 1 1 1 1 1 1 1 1 1 1 1 1 1 1 1 1 1 1 1 1 1 1 1 1 1 1 1 1 1 1 1 1 1 1 1 1 1 1 1 1 1 1 1 1 1 1 1 1 1 1 1 1 1 1 1 1 1 1 1 1 1 1 1 1 1 1 1 1 1 1 1 1 1 1 1 1 1 1 1 1 1 1 1 1 1 1 1 1 1 1 1 1 1 1 1 1 1 1 1 1 1 1 1 1 1 1 1 1 1 1 1 1 1 1 1 1 1 1 1 1 1 1 1 1 1 1 1 1 1 1 1 1 1 1 1 1 1 1 1 1 1 1 1 1 1 1 1 1 1 1 1 1 1 1 1 1 1 1 1 1 1 1 1 1 1 1 1 1 1 1 1 1 1 1 1 1 1 1 1 1 1 1 1 1 1 1 1 1 1 1 1 1 1 1 1 1 1 1 1 1 1 1 1 1 1 1 1 1 1 1 1 1 1 1 1 1 1 1 1 1 1 1 1 1 1 1 1 1 1 1 1 1 1 1 1 1 1 1 1 1 1 1 1 1 1 1 1 1 1 1 1 1 1 1 1 1 1 1 1 1 1 1 1 1 1 1 1 1 1 1 1 1 1 1 1 1 1 1 1 1 1 1 1 1 1 1 1 1 1 1 1 1 1 1 1 1 1 1 1 1 1 1 1 1 1 1 1 1 1 1 1 1 1 1 1 1 1 1 1 1 1 1 1 1 1 1 1 1 1 1 1 1 1 1 1 1 1 1 1 1 1 1 1 1 1 1 1 1 1 1 1 1 1 1 1 1 1 1 1 1 1 1 1 1 1 1 1 1 1 1 1 1 1 1 1 1 1 1 1 1 1 1 1 1 1 1 1 1 1 1 1 1 1 1 1 1 1 1 1 1 1 1 1 1 1 1 1 1 1 1 1 1 1 1 1 1 1 1 1 1 1 1 1 0.9960784 1 1 1 1 1 1 1 1 1 1 1 1 1 1 1 0.9960784 1 1 1 1 1 1 1 1 1 1 1 1 1 1 1 0.9960784 1 1 1 1 1 1 1 1 1 1 1 1 1 1 1 1 1 1 1 1 1 1 1 1 1 1 1 1 1 1 1 1 1 1 1 1 1 1 1 1 1 1 1 1 1 1 1 1 1 1 1 1 1 1 1 1 1 1 1 1 1 1 1 0.9960784 1 1 1 1 1 1 1 1 1 1 1 1 1 1 1 1 1 1 1 1 1 1 1 1 1 1 1 1 1 1 1 1 1 1 1 1 1 1 1 1 1 1 1 1 1 1 1 1 1 1 1 1 1 1 1 1 1 1 1 1 1 1 1 1 1 1 1 1 1 1 1 1 1 1 1 1 1 1 1 1 1 1 1 1 1 1 1 1 1 1 1 1 1 1 1 1 1 1 1 1 1 1 1 1 1 1 1 1 1 1 1 1 1 1 1 1 1 1 1 1 1 1 1 1 1 1 1 1 1 1 1 1 1 1 1 1 1 1 1 1 1 1 1 1 1 1 1 1 1 1 1 1 1 1 1 1 1 1 1 1 1 1 1 1 1 1 1 1 1 1 1 1 1 1 1 1 1 1 1 1 1 1 1 1 1 1 1 1 1 1 1 1 1 1 1 1 1 1 1 1 1 1 1 1 1 1 1 1 1 1 1 1 1 1 1 1 1 1 1 1 1 1 1 1 1 1 1 1 1 1 1 1 1 1 1 1 1 1 1 1 1 1 1 1 1 1 1 1 1 1 1 1 1 1 1 1 1 1 1 1 1 1 1 1 1 1 1 1 1 1 1 1 1 1 1 1 1 1 1 1 1 1 1 1 1 1 1 1 1 1 1 1 1 1 1 1 1 1 1 1 1 1 1 1 1 1 1 1 1 1 1 1 1 1 1 1 1 1 1 1 1 1 1 1 1 1 1 1 1 1 1 1 1 1 1 1 1 1 1 1 1 1 1 1 1 1 1 1 1 1 1 1 1 1 1 1 1 1 1 1 1 1 1 1 1 1 1 1 1 1 1 1 1 1 1 1 1 1 1 1 1 1 1 1 1 1 1 1 1 1 1 1 1 1 1 1 1 1 1 1 1 1 1 1 1 1 1 1 1 1 1 1 1 1 1 1 1 1 1 1 1 1 1 1 1 1 1 1 1 1 1 1 1 1 1 1 1 1 1 1 1 1 1 1 1 1 1 1 1 1 1 1 1 1 1 1 1 1 1 1 1 1 1 1 1 1 1 1 1 1 1 1 1 1 1 1 1 1 1 1 1 1 1 1 1 1 1 1 1 1 1 1 1 1 1 1 1 1 1 1 1 1 1 1 1 1 1 1 1 1 1 1 1 1 1 1 1 1 1 1 1 1 1 1 1 1 1 1 1 1 1 1 1 1 1 1 1 1 1 1 1 1 1 1 1 1 1 1 1 1 1 1 1 1 1 1 1 1 1 1 1 1 1 1 1 1 1 1 1 1 1 1 1 1 1 1 1 1 1 1 1 1 1 1 1 1 1 1 1 1 1 1 1 1 1 1 1 1 1 1 1 1 1 1 1 1 1 1 1 1 1 1 1 1 1 1 1 1 1 1 1 1 1 1 1 1 1 1 1 1 1 1 1 1 1 1 1 1 1 1 1 1 1 1 1 1 1 1 1 1 1 1 1 1 1 1 1 1 1 1 1 1 1 1 1 1 1 1 1 1 1 1 1 1 1 1 1 1 1 1 1 1 1 1 1 1 1 1 1 1 1 1 1 1 1 1 1 1 1 1 1 1 1 1 1 1 1 1 1 1 1 1 1 1 1 1 1 1 1 1 1 1 1 1 1 1 1 1 1 1 1 1 1 1 1 1 1 1 1 1 1 1 1 1 1 1 1 1 1 1 1 1 1 1 1 1 1 1 1 1 1 1 1 1 1 1 1 1 1 1 1 1 1 1 1 1 1 1 1 1 1 1 1 1 1 1 1 1 1 1 1 1 1 1 1 1 1 1 1 1 1 1 1 1 1 1 1 1 1 1 1 1 1 1 1 1 1 1 1 1 1 1 1 1 1 1 1 1 1 1 1 1 1 1 1 1 1 1 1 1 1 1 1 1 1 1 1 1 1 1 1 1 1 1 1 1 1 1 1 1 1 1 1 1 1 1 1 1 1 1 1 1 1 1 1 1 1 1 1 1 1 1 1 1 1 1 1 1 1 1 1 1 1 1 1 1 1 1 1 1 1 1 1 1 1 1 1 1 1 1 1 1 1 1 1 1 1 1 1 1 1 1 1 1 1 1 1 1 1 1 1 1 1 1 1 1 1 1 1 1 1 1 1 1 1 1 1 1 1 1 1 1 1 1 1 1 1 1 1 1 1 1 1 1 1 1 1 1 1 1 1 1 1 1 1 1 1 1 1 1 1 1 1 1 1 1 1 1 1 1 1 1 1 1 1 1 1 1 1 1 1 1 1 1 1 1 1 1 1 1 1 1 1 1 1 1 1 1 1 1 1 1 1 1 1 1 1 1 1 1 1 1 1 1 1 1 1 1 1 1 1 1 1 1 1 1 1 1 1 1 1 1 1 1 1 1 1 1 1 1 1 1 1 1 1 1 1 1 1 1 1 1 1 1 1 1 1 1 1 1 1 1 1 1 1 1 1 1 1 1 1 1 1 1 1 1 1 1 1 1 1 1 1 1 1 1 1 1 1 1 1 1 1 1 1 1 1 1 1 1 1 1 1 1 1 1 1 1 1 1 1 1 1 1 1 1 1 1 1 1 1 1 1 1 1 1 1 1 1 1 1 1 1 1 1 1 1 1 1 1 1 1 1 1 1 1 1 1 1 1 1 1 1 1 1 1 1 1 1 1 1 1 1 1 1 1 1 1 1 1 1 1 1 1 1 1 1 1 1 1 1 1 1 1 1 1 1 1 1 1 1 1 1 1 1 1 1 1 1 1 1 1 1 1 1 1 1 1 1 1 1 1 1 1 1 1 1 1 1 1 1 1 1 1 1 1 1 1 1 1 1 1 1 1 1 1 1 1 1 1 1 1 1 1 1 1 1 1 1 1 1 1 1 1 1 1 1 1 1 1 1 1 1 1 1 1 1 1 1 1 1 1 1 1 1 1 1 1 1 1 1 1 1 1 1 1 1 1 1 1 1 1 1 1 1 1 1 1 1 1 1 1 1 1 1 1 1 1 1 1 1 1 1 1 1 1 1 1 1 1 1 1 1 1 1 1 1 1 1 1 1 1 1 1 1 1 1 1 1 1 1 1 1 1 1 1 1 1 1 1 1 1 1 1 1 1 1 1 1 1 1 1 1 1 1 1 1 1 1 1 1 1 1 1 1 1 1 1 1 1 1 1 1 1 1 1 1 1 1 1 1 1 1 1 1 1 1 1 1 1 1 1 1 1 1 1 1 1 1 1 1 1 1 1 1 1 1 1 1 1 1 1 1 1 1 1 1 1 1 1 1 1 1 1 1 1 1 1 1 1 1 1 1 1 1 1 1 1 1 1 1 1 1 1 1 1 1 1 1 1 1 1 1 1 1 1 1 1 1 1 1 1 1 1 1 1 1 1 1 1 1 1 1 1 1 1 1 1 1 1 1 1 1 1 1 1 1 1 1 1 1 1 1 1 1 1 1 1 1 1 1 1 1 1 1 1 1 1 1 1 1 1 1 1 1 1 1 1 1 1 1 1 1 1 1 1 1 1 1 1 1 1 1 1 1 1 1 1 1 1 1 1 1 1 1 1 1 1 1 1 1 1 1 1 1 1 1 1 1 1 1 1 1 1 1 1 1 1 1 1 1 1 1 1 1 1 1 1 1 1 1 1 1 1 1 1 1 1 1 1 1 1 1 1 1 1 1 1 1 1 1 1 1 1 1 1 1 1 1 1 1 1 1 1 1 1 1 1 1 1 1 1 1 1 1 1 1 1 1 1 1 1 1 1 1 1 1 1 1 1 1 1 1 1 1 1 1 1 1 1 1 1 1 1 1 1 1 1 1 1 1 1 1 1 1 1 1 1 1 1 1 1 1 1 1 1 1 1 1 1 1 1 1 1 1 1 1 1 1 1 1 1 1 1 1 1 1 1 1 1 1 1 1 1 1 1 1 1 1 1 1 1 1 1 1 1 1 1 1 1 1 1 1 1 1 1 1 1 1 1 1 1 1 1 1 1 1 1 1 1 1 1 1 1 1 1 1 1 1 1 1 1 1 1 1 1 1 1 1 1 1 1 1 1 1 1 1 1 1 1 1 1 1 1 1 1 1 1 1 1 1 1 1 1 1 1 1 1 1 1 1 1 1 1 1 1 1 1 1 1 1 1 1 1 1 1 1 1 1 1 1 1 1 1 1 1 1 1 1 1 1 1 1 1 1 1 1 1 1 1 1 1 1 1 1 1 1 1 1 1 1 1 1 1 1 1 1 1 1 1 1 1 1 1 1 1 1 1 1 1 1 1 1 1 1 1 1 1 1 1 1 1 1 1 1 1 1 1 1 1 1 1 1 1 1 1 1 1 1 1 1 1 1 1 1 1 1 1 1 1 1 1 1 1 1 1 1 1 1 1 1 1 1 1 1 1 1 1 1 1 1 1 1 1 1 1 1 1 1 1 1 1 1 1 1 1 1 1 1 1 1 1 1 1 1 1 1 1 1 1 1 1 1 1 1 1 1 1 1 1 1 1 1 1 1 1 1 1 1 1 1 1 1 1 1 1 1 1 1 1 1 1 1 1 1 1 1 1 1 1 1 1 1 1 1 1 1 1 1 1 1 1 1 1 1 1 1 1 1 1 1 1 1 1 1 1 1 1 1 1 1 1 1 1 1 1 1 1 1 1 1 1 1 1 1 1 1 1 1 1 1 1 1 1 1 1 1 1 1 1 1 1 1 1 1 1 1 1 1 1 1 1 1 1 1 1 1 1 1 1 1 1 1 1 1 1 1 1 1 1 1 1 1 1 1 1 1 1 1 1 1 1 1 1 1 1 1 1 1 1 1 1 1 1 1 1 1 1 1 1 1 1 1 1 1 1 1 1 1 1 1 1 1 1 1 1 1 1 1 1 1 1 1 1 1 1 1 1 1 1 1 1 1 1 1 1 1 1 1 1 1 1 1 1 1 1 1 1 1 1 1 1 1 1 1 1 1 1 1 1 1 1 1 1 1 1 1 1 1 1 1 1 1 1 1 1 1 1 1 1 1 1 1 1 1 1 1 1 1 1 1 1 1 1 1 1 1 1 1 1 1 1 1 1 1 1 1 1 1 1 1 1 1 1 1 1 1 1 1 1 1 1 1 1 1 1 1 1 1 1 1 1 1 1 1 1 1 1 1 1 1 1 1 1 1 1 1 1 1 1 1 1 1 1 1 1 1 1 1 1 1 1 1 1 1 1 1 1 1 1 1 1 1 1 1 1 1 1 1 1 1 1 1 1 1 1 1 1 1 1 1 1 1 1 1 1 1 1 1 1 1 1 1 1 1 1 1 1 1 1 1 1 1 1 1 1 1 1 1 1 1 1 1 1 1 1 1 1 1 1 1 1 1 1 1 1 1 1 1 1 1 1 1 1 1 1 1 1 1 1 1 1 1 1 1 1 1 1 1 1 1 1 1 1 1 1 1 1 1 1 1 1 1 1 1 1 1 1 1 1 1 1 1 1 1 1 1 1 1 1 1 1 1 1 1 1 1 1 1 1 1 1 1 1 1 1 1 1 1 1 1 1 1 1 1 1 1 1 1 1 1 1 1 1 1 1 1 1 1 1 1 1 1 1 1 1 1 1 1 1 1 1 1 1 1 1 1 1 1 1 1 1 1 1 1 1 1 1 1 1 1 1 1 1 1 1 1 1 1 1 1 1 1 1 1 1 1 1 1 1 1 1 1 1 1 1 1 1 1 1 1 1 1 1 1 1 1 1 1 1 1 1 1 1 1 1 1 1 1 1 1 1 1 1 1 1 1 1 1 1 1 1 1 1 1 1 1 1 1 1 1 1 1 1 1 1 1 1 1 1 1 1 1 1 1 1 1 1 1 1 1 1 1 1 1 1 1 1 1 1 1 1 1 1 1 1 1 1 1 1 1 1 1 1 1 1 1 1 1 1 1 1 1 1 1 1 1 1 1 1 1 1 1 1 1 1 1 1 1 1 1 1 1 1 1 1 1 1 1 1 1 1 1 1 1 1 1 1 1 1 1 1 1 1 1 1 1 1 1 1 1 1 1 1 1 0 1 1 1 1 1 1 1 1 1 1 1 1 1 1 1 0 1 1 1 1 1 1 1 1 1 1 1 0 1 1 1 1 1 1 1 1 1 1 1 0 1 1 1 1 1 1 1 1 1 1 1 0 1 1 1 1 1 1 1 1 1 1 1 0 1 1 1 1 1 1 1 1 1 1 1 0 1 1 1 1 1 1 1 1 1 1 1 0 1 1 1 1 1 1 1 1 1 1 1 0 1 1 1 1 1 1 1 1 1 1 1 0 1 1 1 1 1 1 1 1 1 1 1 0 1 1 1 1 1 1 1 1 1 1 1 0 1 1 1 1 1 1 1 1 1 1 1 0 1 1 1 1 1 1 1 1 1 1 1 0 1 1 1 1 1 1 1 1 1 1 1 0 1 1 1 1 1 1 1 1 1 1 1 0 1 1 1 1 1 1 1 1 1 1 1 0 1 1 1 1 1 1 1 1 1 1 1 0 1 1 1 1 1 1 1 1 1 1 1 0 1 1 1 1 1 1 1 1 1 1 1 0 1 1 1 1 1 1 1 1 1 1 1 0 1 1 1 1 1 1 1 1 1 1 1 0 1 1 1 1 1 1 1 1 1 1 1 0 1 1 1 1 1 1 1 1 1 1 1 0 1 1 1 1 1 1 1 1 1 1 1 0 1 1 1 1 1 1 1 1 1 1 1 0 1 1 1 1 1 1 1 1 1 1 1 0 1 1 1 1 1 1 1 1 1 1 1 0 1 1 1 1 1 1 1 1 1 1 1 0 1 1 1 1 1 1 1 1 1 1 1 0 1 1 1 1 1 1 1 1 1 1 1 0 1 1 1 1 1 1 1 1 1 1 1 1 1 1 1 0</float_array>
          <technique_common>
            <accessor source="#xsky_obj_timering_mesh-mesh-colors-Col-array" count="8277" stride="4">
              <param name="R" type="float"/>
              <param name="G" type="float"/>
              <param name="B" type="float"/>
              <param name="A" type="float"/>
            </accessor>
          </technique_common>
        </source>
        <vertices id="xsky_obj_timering_mesh-mesh-vertices">
          <input semantic="POSITION" source="#xsky_obj_timering_mesh-mesh-positions"/>
        </vertices>
        <triangles material="xsky_obj_timering_ring-material" count="960">
          <input semantic="VERTEX" source="#xsky_obj_timering_mesh-mesh-vertices" offset="0"/>
          <input semantic="NORMAL" source="#xsky_obj_timering_mesh-mesh-normals" offset="1"/>
          <input semantic="TEXCOORD" source="#xsky_obj_timering_mesh-mesh-map-0" offset="2" set="0"/>
          <input semantic="TEXCOORD" source="#xsky_obj_timering_mesh-mesh-map-1" offset="2" set="1"/>
          <input semantic="COLOR" source="#xsky_obj_timering_mesh-mesh-colors-Col" offset="3" set="0"/>
          <p>1 0 0 0 3 1 1 1 0 2 2 2 26 3 3 3 3 1 4 4 1 0 5 5 3 1 6 6 26 3 7 7 27 4 8 8 39 5 9 9 27 4 10 10 26 3 11 11 27 4 12 12 39 5 13 13 40 6 14 14 52 7 15 15 40 6 16 16 39 5 17 17 40 6 18 18 52 7 19 19 53 8 20 20 65 9 21 21 53 8 22 22 52 7 23 23 53 8 24 24 65 9 25 25 66 10 26 26 78 11 27 27 66 10 28 28 65 9 29 29 66 10 30 30 78 11 31 31 79 12 32 32 91 13 33 33 79 12 34 34 78 11 35 35 79 12 36 36 91 13 37 37 92 14 38 38 104 15 39 39 92 14 40 40 91 13 41 41 92 14 42 42 104 15 43 43 105 16 44 44 117 17 45 45 105 16 46 46 104 15 47 47 105 16 48 48 117 17 49 49 118 18 50 50 130 19 51 51 118 18 52 52 117 17 53 53 118 18 54 54 130 19 55 55 131 20 56 56 143 21 57 57 131 20 58 58 130 19 59 59 131 20 60 60 143 21 61 61 144 22 62 62 156 23 63 63 144 22 64 64 143 21 65 65 144 22 66 66 156 23 67 67 157 24 68 68 169 25 69 69 157 24 70 70 156 23 71 71 157 24 72 72 169 25 73 73 170 26 74 74 182 27 75 75 170 26 76 76 169 25 77 77 170 26 78 78 182 27 79 79 183 28 80 80 195 29 81 81 183 28 82 82 182 27 83 83 183 28 84 84 195 29 85 85 196 30 86 86 208 31 87 87 196 30 88 88 195 29 89 89 196 30 90 90 208 31 91 91 209 32 92 92 221 33 93 93 209 32 94 94 208 31 95 95 209 32 96 96 221 33 97 97 222 34 98 98 234 35 99 99 222 34 100 100 221 33 101 101 222 34 102 102 234 35 103 103 235 36 104 104 247 37 105 105 235 36 106 106 234 35 107 107 235 36 108 108 247 37 109 109 248 38 110 110 260 39 111 111 248 38 112 112 247 37 113 113 248 38 114 114 260 39 115 115 261 40 116 116 261 40 117 117 260 39 118 118 508 41 119 119 507 42 120 120 508 41 121 121 260 39 122 122 508 41 123 123 507 42 124 124 495 43 125 125 494 44 126 126 495 43 127 127 507 42 128 128 495 43 129 129 494 44 130 130 482 45 131 131 481 46 132 132 482 45 133 133 494 44 134 134 482 45 135 135 481 46 136 136 469 47 137 137 468 48 138 138 469 47 139 139 481 46 140 140 469 47 141 141 468 48 142 142 456 49 143 143 455 50 144 144 456 49 145 145 468 48 146 146 456 49 147 147 455 50 148 148 443 51 149 149 442 52 150 150 443 51 151 151 455 50 152 152 443 51 153 153 442 52 154 154 430 53 155 155 429 54 156 156 430 53 157 157 442 52 158 158 430 53 159 159 429 54 160 160 417 55 161 161 416 56 162 162 417 55 163 163 429 54 164 164 417 55 165 165 416 56 166 166 404 57 167 167 403 58 168 168 404 57 169 169 416 56 170 170 404 57 171 171 403 58 172 172 391 59 173 173 390 60 174 174 391 59 175 175 403 58 176 176 391 59 177 177 390 60 178 178 378 61 179 179 377 62 180 180 378 61 181 181 390 60 182 182 378 61 183 183 377 62 184 184 365 63 185 185 364 64 186 186 365 63 187 187 377 62 188 188 365 63 189 189 364 64 190 190 352 65 191 191 351 66 192 192 352 65 193 193 364 64 194 194 352 65 195 195 351 66 196 196 339 67 197 197 338 68 198 198 339 67 199 199 351 66 200 200 339 67 201 201 338 68 202 202 326 69 203 203 325 70 204 204 326 69 205 205 338 68 206 206 326 69 207 207 325 70 208 208 313 71 209 209 312 72 210 210 313 71 211 211 325 70 212 212 313 71 213 213 312 72 214 214 300 73 215 215 299 74 216 216 300 73 217 217 312 72 218 218 300 73 219 219 299 74 220 220 287 75 221 221 286 76 222 222 287 75 223 223 299 74 224 224 287 75 225 225 286 76 226 226 274 77 227 227 273 78 228 228 274 77 229 229 286 76 230 230 274 77 231 231 273 78 232 232 0 2 233 233 2 79 234 234 0 2 235 235 273 78 236 236 0 2 237 237 2 79 238 238 1 0 239 239 4 80 240 240 1 0 241 241 2 79 242 242 28 81 243 243 1 0 244 244 4 80 245 245 1 0 246 246 28 81 247 247 26 3 248 248 41 82 249 249 26 3 250 250 28 81 251 251 26 3 252 252 41 82 253 253 39 5 254 254 54 83 255 255 39 5 256 256 41 82 257 257 39 5 258 258 54 83 259 259 52 7 260 260 67 84 261 261 52 7 262 262 54 83 263 263 52 7 264 264 67 84 265 265 65 9 266 266 80 85 267 267 65 9 268 268 67 84 269 269 65 9 270 270 80 85 271 271 78 11 272 272 93 86 273 273 78 11 274 274 80 85 275 275 78 11 276 276 93 86 277 277 91 13 278 278 106 87 279 279 91 13 280 280 93 86 281 281 91 13 282 282 106 87 283 283 104 15 284 284 119 88 285 285 104 15 286 286 106 87 287 287 104 15 288 288 119 88 289 289 117 17 290 290 132 89 291 291 117 17 292 292 119 88 293 293 117 17 294 294 132 89 295 295 130 19 296 296 145 90 297 297 130 19 298 298 132 89 299 299 130 19 300 300 145 90 301 301 143 21 302 302 158 91 303 303 143 21 304 304 145 90 305 305 143 21 306 306 158 91 307 307 156 23 308 308 171 92 309 309 156 23 310 310 158 91 311 311 156 23 312 312 171 92 313 313 169 25 314 314 184 93 315 315 169 25 316 316 171 92 317 317 169 25 318 318 184 93 319 319 182 27 320 320 197 94 321 321 182 27 322 322 184 93 323 323 182 27 324 324 197 94 325 325 195 29 326 326 210 95 327 327 195 29 328 328 197 94 329 329 195 29 330 330 210 95 331 331 208 31 332 332 223 96 333 333 208 31 334 334 210 95 335 335 208 31 336 336 223 96 337 337 221 33 338 338 236 97 339 339 221 33 340 340 223 96 341 341 221 33 342 342 236 97 343 343 234 35 344 344 249 98 345 345 234 35 346 346 236 97 347 347 234 35 348 348 249 98 349 349 247 37 350 350 262 99 351 351 247 37 352 352 249 98 353 353 247 37 354 354 262 99 355 355 260 39 356 356 260 39 357 357 262 99 358 358 507 42 359 359 509 100 360 360 507 42 361 361 262 99 362 362 507 42 363 363 509 100 364 364 494 44 365 365 496 101 366 366 494 44 367 367 509 100 368 368 494 44 369 369 496 101 370 370 481 46 371 371 483 102 372 372 481 46 373 373 496 101 374 374 481 46 375 375 483 102 376 376 468 48 377 377 470 103 378 378 468 48 379 379 483 102 380 380 468 48 381 381 470 103 382 382 455 50 383 383 457 104 384 384 455 50 385 385 470 103 386 386 455 50 387 387 457 104 388 388 442 52 389 389 444 105 390 390 442 52 391 391 457 104 392 392 442 52 393 393 444 105 394 394 429 54 395 395 431 106 396 396 429 54 397 397 444 105 398 398 429 54 399 399 431 106 400 400 416 56 401 401 418 107 402 402 416 56 403 403 431 106 404 404 416 56 405 405 418 107 406 406 403 58 407 407 405 108 408 408 403 58 409 409 418 107 410 410 403 58 411 411 405 108 412 412 390 60 413 413 392 109 414 414 390 60 415 415 405 108 416 416 390 60 417 417 392 109 418 418 377 62 419 419 379 110 420 420 377 62 421 421 392 109 422 422 377 62 423 423 379 110 424 424 364 64 425 425 366 111 426 426 364 64 427 427 379 110 428 428 364 64 429 429 366 111 430 430 351 66 431 431 353 112 432 432 351 66 433 433 366 111 434 434 351 66 435 435 353 112 436 436 338 68 437 437 340 113 438 438 338 68 439 439 353 112 440 440 338 68 441 441 340 113 442 442 325 70 443 443 327 114 444 444 325 70 445 445 340 113 446 446 325 70 447 447 327 114 448 448 312 72 449 449 314 115 450 450 312 72 451 451 327 114 452 452 312 72 453 453 314 115 454 454 299 74 455 455 301 116 456 456 299 74 457 457 314 115 458 458 299 74 459 459 301 116 460 460 286 76 461 461 288 117 462 462 286 76 463 463 301 116 464 464 286 76 465 465 288 117 466 466 273 78 467 467 275 118 468 468 273 78 469 469 288 117 470 470 273 78 471 471 275 118 472 472 2 79 473 473 5 119 474 474 2 79 475 475 275 118 476 476 2 79 477 477 5 119 478 478 4 80 479 479 6 120 480 480 4 80 481 481 5 119 482 482 29 121 483 483 4 80 484 484 6 120 485 485 4 80 486 486 29 121 487 487 28 81 488 488 42 122 489 489 28 81 490 490 29 121 491 491 28 81 492 492 42 122 493 493 41 82 494 494 55 123 495 495 41 82 496 496 42 122 497 497 41 82 498 498 55 123 499 499 54 83 500 500 68 124 501 501 54 83 502 502 55 123 503 503 54 83 504 504 68 124 505 505 67 84 506 506 81 125 507 507 67 84 508 508 68 124 509 509 67 84 510 510 81 125 511 511 80 85 512 512 94 126 513 513 80 85 514 514 81 125 515 515 80 85 516 516 94 126 517 517 93 86 518 518 107 127 519 519 93 86 520 520 94 126 521 521 93 86 522 522 107 127 523 523 106 87 524 524 120 128 525 525 106 87 526 526 107 127 527 527 106 87 528 528 120 128 529 529 119 88 530 530 133 129 531 531 119 88 532 532 120 128 533 533 119 88 534 534 133 129 535 535 132 89 536 536 146 130 537 537 132 89 538 538 133 129 539 539 132 89 540 540 146 130 541 541 145 90 542 542 159 131 543 543 145 90 544 544 146 130 545 545 145 90 546 546 159 131 547 547 158 91 548 548 172 132 549 549 158 91 550 550 159 131 551 551 158 91 552 552 172 132 553 553 171 92 554 554 185 133 555 555 171 92 556 556 172 132 557 557 171 92 558 558 185 133 559 559 184 93 560 560 198 134 561 561 184 93 562 562 185 133 563 563 184 93 564 564 198 134 565 565 197 94 566 566 211 135 567 567 197 94 568 568 198 134 569 569 197 94 570 570 211 135 571 571 210 95 572 572 224 136 573 573 210 95 574 574 211 135 575 575 210 95 576 576 224 136 577 577 223 96 578 578 237 137 579 579 223 96 580 580 224 136 581 581 223 96 582 582 237 137 583 583 236 97 584 584 250 138 585 585 236 97 586 586 237 137 587 587 236 97 588 588 250 138 589 589 249 98 590 590 263 139 591 591 249 98 592 592 250 138 593 593 249 98 594 594 263 139 595 595 262 99 596 596 262 99 597 597 263 139 598 598 509 100 599 599 510 140 600 600 509 100 601 601 263 139 602 602 509 100 603 603 510 140 604 604 496 101 605 605 497 141 606 606 496 101 607 607 510 140 608 608 496 101 609 609 497 141 610 610 483 102 611 611 484 142 612 612 483 102 613 613 497 141 614 614 483 102 615 615 484 142 616 616 470 103 617 617 471 143 618 618 470 103 619 619 484 142 620 620 470 103 621 621 471 143 622 622 457 104 623 623 458 144 624 624 457 104 625 625 471 143 626 626 457 104 627 627 458 144 628 628 444 105 629 629 445 145 630 630 444 105 631 631 458 144 632 632 444 105 633 633 445 145 634 634 431 106 635 635 432 146 636 636 431 106 637 637 445 145 638 638 431 106 639 639 432 146 640 640 418 107 641 641 419 147 642 642 418 107 643 643 432 146 644 644 418 107 645 645 419 147 646 646 405 108 647 647 406 148 648 648 405 108 649 649 419 147 650 650 405 108 651 651 406 148 652 652 392 109 653 653 393 149 654 654 392 109 655 655 406 148 656 656 392 109 657 657 393 149 658 658 379 110 659 659 380 150 660 660 379 110 661 661 393 149 662 662 379 110 663 663 380 150 664 664 366 111 665 665 367 151 666 666 366 111 667 667 380 150 668 668 366 111 669 669 367 151 670 670 353 112 671 671 354 152 672 672 353 112 673 673 367 151 674 674 353 112 675 675 354 152 676 676 340 113 677 677 341 153 678 678 340 113 679 679 354 152 680 680 340 113 681 681 341 153 682 682 327 114 683 683 328 154 684 684 327 114 685 685 341 153 686 686 327 114 687 687 328 154 688 688 314 115 689 689 315 155 690 690 314 115 691 691 328 154 692 692 314 115 693 693 315 155 694 694 301 116 695 695 302 156 696 696 301 116 697 697 315 155 698 698 301 116 699 699 302 156 700 700 288 117 701 701 289 157 702 702 288 117 703 703 302 156 704 704 288 117 705 705 289 157 706 706 275 118 707 707 276 158 708 708 275 118 709 709 289 157 710 710 275 118 711 711 276 158 712 712 5 119 713 713 7 159 714 714 5 119 715 715 276 158 716 716 5 119 717 717 7 159 718 718 6 120 719 719 8 160 720 720 6 120 721 721 7 159 722 722 30 161 723 723 6 120 724 724 8 160 725 725 6 120 726 726 30 161 727 727 29 121 728 728 43 162 729 729 29 121 730 730 30 161 731 731 29 121 732 732 43 162 733 733 42 122 734 734 56 163 735 735 42 122 736 736 43 162 737 737 42 122 738 738 56 163 739 739 55 123 740 740 69 164 741 741 55 123 742 742 56 163 743 743 55 123 744 744 69 164 745 745 68 124 746 746 82 165 747 747 68 124 748 748 69 164 749 749 68 124 750 750 82 165 751 751 81 125 752 752 95 166 753 753 81 125 754 754 82 165 755 755 81 125 756 756 95 166 757 757 94 126 758 758 108 167 759 759 94 126 760 760 95 166 761 761 94 126 762 762 108 167 763 763 107 127 764 764 121 168 765 765 107 127 766 766 108 167 767 767 107 127 768 768 121 168 769 769 120 128 770 770 134 169 771 771 120 128 772 772 121 168 773 773 120 128 774 774 134 169 775 775 133 129 776 776 147 170 777 777 133 129 778 778 134 169 779 779 133 129 780 780 147 170 781 781 146 130 782 782 160 171 783 783 146 130 784 784 147 170 785 785 146 130 786 786 160 171 787 787 159 131 788 788 173 172 789 789 159 131 790 790 160 171 791 791 159 131 792 792 173 172 793 793 172 132 794 794 186 173 795 795 172 132 796 796 173 172 797 797 172 132 798 798 186 173 799 799 185 133 800 800 199 174 801 801 185 133 802 802 186 173 803 803 185 133 804 804 199 174 805 805 198 134 806 806 212 175 807 807 198 134 808 808 199 174 809 809 198 134 810 810 212 175 811 811 211 135 812 812 225 176 813 813 211 135 814 814 212 175 815 815 211 135 816 816 225 176 817 817 224 136 818 818 238 177 819 819 224 136 820 820 225 176 821 821 224 136 822 822 238 177 823 823 237 137 824 824 251 178 825 825 237 137 826 826 238 177 827 827 237 137 828 828 251 178 829 829 250 138 830 830 264 179 831 831 250 138 832 832 251 178 833 833 250 138 834 834 264 179 835 835 263 139 836 836 263 139 837 837 264 179 838 838 510 140 839 839 511 180 840 840 510 140 841 841 264 179 842 842 510 140 843 843 511 180 844 844 497 141 845 845 498 181 846 846 497 141 847 847 511 180 848 848 497 141 849 849 498 181 850 850 484 142 851 851 485 182 852 852 484 142 853 853 498 181 854 854 484 142 855 855 485 182 856 856 471 143 857 857 472 183 858 858 471 143 859 859 485 182 860 860 471 143 861 861 472 183 862 862 458 144 863 863 459 184 864 864 458 144 865 865 472 183 866 866 458 144 867 867 459 184 868 868 445 145 869 869 446 185 870 870 445 145 871 871 459 184 872 872 445 145 873 873 446 185 874 874 432 146 875 875 433 186 876 876 432 146 877 877 446 185 878 878 432 146 879 879 433 186 880 880 419 147 881 881 420 187 882 882 419 147 883 883 433 186 884 884 419 147 885 885 420 187 886 886 406 148 887 887 407 188 888 888 406 148 889 889 420 187 890 890 406 148 891 891 407 188 892 892 393 149 893 893 394 189 894 894 393 149 895 895 407 188 896 896 393 149 897 897 394 189 898 898 380 150 899 899 381 190 900 900 380 150 901 901 394 189 902 902 380 150 903 903 381 190 904 904 367 151 905 905 368 191 906 906 367 151 907 907 381 190 908 908 367 151 909 909 368 191 910 910 354 152 911 911 355 192 912 912 354 152 913 913 368 191 914 914 354 152 915 915 355 192 916 916 341 153 917 917 342 193 918 918 341 153 919 919 355 192 920 920 341 153 921 921 342 193 922 922 328 154 923 923 329 194 924 924 328 154 925 925 342 193 926 926 328 154 927 927 329 194 928 928 315 155 929 929 316 195 930 930 315 155 931 931 329 194 932 932 315 155 933 933 316 195 934 934 302 156 935 935 303 196 936 936 302 156 937 937 316 195 938 938 302 156 939 939 303 196 940 940 289 157 941 941 290 197 942 942 289 157 943 943 303 196 944 944 289 157 945 945 290 197 946 946 276 158 947 947 277 198 948 948 276 158 949 949 290 197 950 950 276 158 951 951 277 198 952 952 7 159 953 953 9 199 954 954 7 159 955 955 277 198 956 956 7 159 957 957 9 199 958 958 8 160 959 959 10 200 960 960 8 160 961 961 9 199 962 962 31 201 963 963 8 160 964 964 10 200 965 965 8 160 966 966 31 201 967 967 30 161 968 968 44 202 969 969 30 161 970 970 31 201 971 971 30 161 972 972 44 202 973 973 43 162 974 974 57 203 975 975 43 162 976 976 44 202 977 977 43 162 978 978 57 203 979 979 56 163 980 980 70 204 981 981 56 163 982 982 57 203 983 983 56 163 984 984 70 204 985 985 69 164 986 986 83 205 987 987 69 164 988 988 70 204 989 989 69 164 990 990 83 205 991 991 82 165 992 992 96 206 993 993 82 165 994 994 83 205 995 995 82 165 996 996 96 206 997 997 95 166 998 998 109 207 999 999 95 166 1000 1000 96 206 1001 1001 95 166 1002 1002 109 207 1003 1003 108 167 1004 1004 122 208 1005 1005 108 167 1006 1006 109 207 1007 1007 108 167 1008 1008 122 208 1009 1009 121 168 1010 1010 135 209 1011 1011 121 168 1012 1012 122 208 1013 1013 121 168 1014 1014 135 209 1015 1015 134 169 1016 1016 148 210 1017 1017 134 169 1018 1018 135 209 1019 1019 134 169 1020 1020 148 210 1021 1021 147 170 1022 1022 161 211 1023 1023 147 170 1024 1024 148 210 1025 1025 147 170 1026 1026 161 211 1027 1027 160 171 1028 1028 174 212 1029 1029 160 171 1030 1030 161 211 1031 1031 160 171 1032 1032 174 212 1033 1033 173 172 1034 1034 187 213 1035 1035 173 172 1036 1036 174 212 1037 1037 173 172 1038 1038 187 213 1039 1039 186 173 1040 1040 200 214 1041 1041 186 173 1042 1042 187 213 1043 1043 186 173 1044 1044 200 214 1045 1045 199 174 1046 1046 213 215 1047 1047 199 174 1048 1048 200 214 1049 1049 199 174 1050 1050 213 215 1051 1051 212 175 1052 1052 226 216 1053 1053 212 175 1054 1054 213 215 1055 1055 212 175 1056 1056 226 216 1057 1057 225 176 1058 1058 239 217 1059 1059 225 176 1060 1060 226 216 1061 1061 225 176 1062 1062 239 217 1063 1063 238 177 1064 1064 252 218 1065 1065 238 177 1066 1066 239 217 1067 1067 238 177 1068 1068 252 218 1069 1069 251 178 1070 1070 265 219 1071 1071 251 178 1072 1072 252 218 1073 1073 251 178 1074 1074 265 219 1075 1075 264 179 1076 1076 264 179 1077 1077 265 219 1078 1078 511 180 1079 1079 512 220 1080 1080 511 180 1081 1081 265 219 1082 1082 511 180 1083 1083 512 220 1084 1084 498 181 1085 1085 499 221 1086 1086 498 181 1087 1087 512 220 1088 1088 498 181 1089 1089 499 221 1090 1090 485 182 1091 1091 486 222 1092 1092 485 182 1093 1093 499 221 1094 1094 485 182 1095 1095 486 222 1096 1096 472 183 1097 1097 473 223 1098 1098 472 183 1099 1099 486 222 1100 1100 472 183 1101 1101 473 223 1102 1102 459 184 1103 1103 460 224 1104 1104 459 184 1105 1105 473 223 1106 1106 459 184 1107 1107 460 224 1108 1108 446 185 1109 1109 447 225 1110 1110 446 185 1111 1111 460 224 1112 1112 446 185 1113 1113 447 225 1114 1114 433 186 1115 1115 434 226 1116 1116 433 186 1117 1117 447 225 1118 1118 433 186 1119 1119 434 226 1120 1120 420 187 1121 1121 421 227 1122 1122 420 187 1123 1123 434 226 1124 1124 420 187 1125 1125 421 227 1126 1126 407 188 1127 1127 408 228 1128 1128 407 188 1129 1129 421 227 1130 1130 407 188 1131 1131 408 228 1132 1132 394 189 1133 1133 395 229 1134 1134 394 189 1135 1135 408 228 1136 1136 394 189 1137 1137 395 229 1138 1138 381 190 1139 1139 382 230 1140 1140 381 190 1141 1141 395 229 1142 1142 381 190 1143 1143 382 230 1144 1144 368 191 1145 1145 369 231 1146 1146 368 191 1147 1147 382 230 1148 1148 368 191 1149 1149 369 231 1150 1150 355 192 1151 1151 356 232 1152 1152 355 192 1153 1153 369 231 1154 1154 355 192 1155 1155 356 232 1156 1156 342 193 1157 1157 343 233 1158 1158 342 193 1159 1159 356 232 1160 1160 342 193 1161 1161 343 233 1162 1162 329 194 1163 1163 330 234 1164 1164 329 194 1165 1165 343 233 1166 1166 329 194 1167 1167 330 234 1168 1168 316 195 1169 1169 317 235 1170 1170 316 195 1171 1171 330 234 1172 1172 316 195 1173 1173 317 235 1174 1174 303 196 1175 1175 304 236 1176 1176 303 196 1177 1177 317 235 1178 1178 303 196 1179 1179 304 236 1180 1180 290 197 1181 1181 291 237 1182 1182 290 197 1183 1183 304 236 1184 1184 290 197 1185 1185 291 237 1186 1186 277 198 1187 1187 278 238 1188 1188 277 198 1189 1189 291 237 1190 1190 277 198 1191 1191 278 238 1192 1192 9 199 1193 1193 11 239 1194 1194 9 199 1195 1195 278 238 1196 1196 9 199 1197 1197 11 239 1198 1198 10 200 1199 1199 12 240 1200 1200 10 200 1201 1201 11 239 1202 1202 32 241 1203 1203 10 200 1204 1204 12 240 1205 1205 10 200 1206 1206 32 241 1207 1207 31 201 1208 1208 45 242 1209 1209 31 201 1210 1210 32 241 1211 1211 31 201 1212 1212 45 242 1213 1213 44 202 1214 1214 58 243 1215 1215 44 202 1216 1216 45 242 1217 1217 44 202 1218 1218 58 243 1219 1219 57 203 1220 1220 71 244 1221 1221 57 203 1222 1222 58 243 1223 1223 57 203 1224 1224 71 244 1225 1225 70 204 1226 1226 84 245 1227 1227 70 204 1228 1228 71 244 1229 1229 70 204 1230 1230 84 245 1231 1231 83 205 1232 1232 97 246 1233 1233 83 205 1234 1234 84 245 1235 1235 83 205 1236 1236 97 246 1237 1237 96 206 1238 1238 110 247 1239 1239 96 206 1240 1240 97 246 1241 1241 96 206 1242 1242 110 247 1243 1243 109 207 1244 1244 123 248 1245 1245 109 207 1246 1246 110 247 1247 1247 109 207 1248 1248 123 248 1249 1249 122 208 1250 1250 136 249 1251 1251 122 208 1252 1252 123 248 1253 1253 122 208 1254 1254 136 249 1255 1255 135 209 1256 1256 149 250 1257 1257 135 209 1258 1258 136 249 1259 1259 135 209 1260 1260 149 250 1261 1261 148 210 1262 1262 162 251 1263 1263 148 210 1264 1264 149 250 1265 1265 148 210 1266 1266 162 251 1267 1267 161 211 1268 1268 175 252 1269 1269 161 211 1270 1270 162 251 1271 1271 161 211 1272 1272 175 252 1273 1273 174 212 1274 1274 188 253 1275 1275 174 212 1276 1276 175 252 1277 1277 174 212 1278 1278 188 253 1279 1279 187 213 1280 1280 201 254 1281 1281 187 213 1282 1282 188 253 1283 1283 187 213 1284 1284 201 254 1285 1285 200 214 1286 1286 214 255 1287 1287 200 214 1288 1288 201 254 1289 1289 200 214 1290 1290 214 255 1291 1291 213 215 1292 1292 227 256 1293 1293 213 215 1294 1294 214 255 1295 1295 213 215 1296 1296 227 256 1297 1297 226 216 1298 1298 240 257 1299 1299 226 216 1300 1300 227 256 1301 1301 226 216 1302 1302 240 257 1303 1303 239 217 1304 1304 253 258 1305 1305 239 217 1306 1306 240 257 1307 1307 239 217 1308 1308 253 258 1309 1309 252 218 1310 1310 266 259 1311 1311 252 218 1312 1312 253 258 1313 1313 252 218 1314 1314 266 259 1315 1315 265 219 1316 1316 265 219 1317 1317 266 259 1318 1318 512 220 1319 1319 513 260 1320 1320 512 220 1321 1321 266 259 1322 1322 512 220 1323 1323 513 260 1324 1324 499 221 1325 1325 500 261 1326 1326 499 221 1327 1327 513 260 1328 1328 499 221 1329 1329 500 261 1330 1330 486 222 1331 1331 487 262 1332 1332 486 222 1333 1333 500 261 1334 1334 486 222 1335 1335 487 262 1336 1336 473 223 1337 1337 474 263 1338 1338 473 223 1339 1339 487 262 1340 1340 473 223 1341 1341 474 263 1342 1342 460 224 1343 1343 461 264 1344 1344 460 224 1345 1345 474 263 1346 1346 460 224 1347 1347 461 264 1348 1348 447 225 1349 1349 448 265 1350 1350 447 225 1351 1351 461 264 1352 1352 447 225 1353 1353 448 265 1354 1354 434 226 1355 1355 435 266 1356 1356 434 226 1357 1357 448 265 1358 1358 434 226 1359 1359 435 266 1360 1360 421 227 1361 1361 422 267 1362 1362 421 227 1363 1363 435 266 1364 1364 421 227 1365 1365 422 267 1366 1366 408 228 1367 1367 409 268 1368 1368 408 228 1369 1369 422 267 1370 1370 408 228 1371 1371 409 268 1372 1372 395 229 1373 1373 396 269 1374 1374 395 229 1375 1375 409 268 1376 1376 395 229 1377 1377 396 269 1378 1378 382 230 1379 1379 383 270 1380 1380 382 230 1381 1381 396 269 1382 1382 382 230 1383 1383 383 270 1384 1384 369 231 1385 1385 370 271 1386 1386 369 231 1387 1387 383 270 1388 1388 369 231 1389 1389 370 271 1390 1390 356 232 1391 1391 357 272 1392 1392 356 232 1393 1393 370 271 1394 1394 356 232 1395 1395 357 272 1396 1396 343 233 1397 1397 344 273 1398 1398 343 233 1399 1399 357 272 1400 1400 343 233 1401 1401 344 273 1402 1402 330 234 1403 1403 331 274 1404 1404 330 234 1405 1405 344 273 1406 1406 330 234 1407 1407 331 274 1408 1408 317 235 1409 1409 318 275 1410 1410 317 235 1411 1411 331 274 1412 1412 317 235 1413 1413 318 275 1414 1414 304 236 1415 1415 305 276 1416 1416 304 236 1417 1417 318 275 1418 1418 304 236 1419 1419 305 276 1420 1420 291 237 1421 1421 292 277 1422 1422 291 237 1423 1423 305 276 1424 1424 291 237 1425 1425 292 277 1426 1426 278 238 1427 1427 279 278 1428 1428 278 238 1429 1429 292 277 1430 1430 278 238 1431 1431 279 278 1432 1432 11 239 1433 1433 13 279 1434 1434 11 239 1435 1435 279 278 1436 1436 11 239 1437 1437 13 279 1438 1438 12 240 1439 1439 14 280 1440 1440 12 240 1441 1441 13 279 1442 1442 33 281 1443 1443 12 240 1444 1444 14 280 1445 1445 12 240 1446 1446 33 281 1447 1447 32 241 1448 1448 46 282 1449 1449 32 241 1450 1450 33 281 1451 1451 32 241 1452 1452 46 282 1453 1453 45 242 1454 1454 59 283 1455 1455 45 242 1456 1456 46 282 1457 1457 45 242 1458 1458 59 283 1459 1459 58 243 1460 1460 72 284 1461 1461 58 243 1462 1462 59 283 1463 1463 58 243 1464 1464 72 284 1465 1465 71 244 1466 1466 85 285 1467 1467 71 244 1468 1468 72 284 1469 1469 71 244 1470 1470 85 285 1471 1471 84 245 1472 1472 98 286 1473 1473 84 245 1474 1474 85 285 1475 1475 84 245 1476 1476 98 286 1477 1477 97 246 1478 1478 111 287 1479 1479 97 246 1480 1480 98 286 1481 1481 97 246 1482 1482 111 287 1483 1483 110 247 1484 1484 124 288 1485 1485 110 247 1486 1486 111 287 1487 1487 110 247 1488 1488 124 288 1489 1489 123 248 1490 1490 137 289 1491 1491 123 248 1492 1492 124 288 1493 1493 123 248 1494 1494 137 289 1495 1495 136 249 1496 1496 150 290 1497 1497 136 249 1498 1498 137 289 1499 1499 136 249 1500 1500 150 290 1501 1501 149 250 1502 1502 163 291 1503 1503 149 250 1504 1504 150 290 1505 1505 149 250 1506 1506 163 291 1507 1507 162 251 1508 1508 176 292 1509 1509 162 251 1510 1510 163 291 1511 1511 162 251 1512 1512 176 292 1513 1513 175 252 1514 1514 189 293 1515 1515 175 252 1516 1516 176 292 1517 1517 175 252 1518 1518 189 293 1519 1519 188 253 1520 1520 202 294 1521 1521 188 253 1522 1522 189 293 1523 1523 188 253 1524 1524 202 294 1525 1525 201 254 1526 1526 215 295 1527 1527 201 254 1528 1528 202 294 1529 1529 201 254 1530 1530 215 295 1531 1531 214 255 1532 1532 228 296 1533 1533 214 255 1534 1534 215 295 1535 1535 214 255 1536 1536 228 296 1537 1537 227 256 1538 1538 241 297 1539 1539 227 256 1540 1540 228 296 1541 1541 227 256 1542 1542 241 297 1543 1543 240 257 1544 1544 254 298 1545 1545 240 257 1546 1546 241 297 1547 1547 240 257 1548 1548 254 298 1549 1549 253 258 1550 1550 267 299 1551 1551 253 258 1552 1552 254 298 1553 1553 253 258 1554 1554 267 299 1555 1555 266 259 1556 1556 266 259 1557 1557 267 299 1558 1558 513 260 1559 1559 514 300 1560 1560 513 260 1561 1561 267 299 1562 1562 513 260 1563 1563 514 300 1564 1564 500 261 1565 1565 501 301 1566 1566 500 261 1567 1567 514 300 1568 1568 500 261 1569 1569 501 301 1570 1570 487 262 1571 1571 488 302 1572 1572 487 262 1573 1573 501 301 1574 1574 487 262 1575 1575 488 302 1576 1576 474 263 1577 1577 475 303 1578 1578 474 263 1579 1579 488 302 1580 1580 474 263 1581 1581 475 303 1582 1582 461 264 1583 1583 462 304 1584 1584 461 264 1585 1585 475 303 1586 1586 461 264 1587 1587 462 304 1588 1588 448 265 1589 1589 449 305 1590 1590 448 265 1591 1591 462 304 1592 1592 448 265 1593 1593 449 305 1594 1594 435 266 1595 1595 436 306 1596 1596 435 266 1597 1597 449 305 1598 1598 435 266 1599 1599 436 306 1600 1600 422 267 1601 1601 423 307 1602 1602 422 267 1603 1603 436 306 1604 1604 422 267 1605 1605 423 307 1606 1606 409 268 1607 1607 410 308 1608 1608 409 268 1609 1609 423 307 1610 1610 409 268 1611 1611 410 308 1612 1612 396 269 1613 1613 397 309 1614 1614 396 269 1615 1615 410 308 1616 1616 396 269 1617 1617 397 309 1618 1618 383 270 1619 1619 384 310 1620 1620 383 270 1621 1621 397 309 1622 1622 383 270 1623 1623 384 310 1624 1624 370 271 1625 1625 371 311 1626 1626 370 271 1627 1627 384 310 1628 1628 370 271 1629 1629 371 311 1630 1630 357 272 1631 1631 358 312 1632 1632 357 272 1633 1633 371 311 1634 1634 357 272 1635 1635 358 312 1636 1636 344 273 1637 1637 345 313 1638 1638 344 273 1639 1639 358 312 1640 1640 344 273 1641 1641 345 313 1642 1642 331 274 1643 1643 332 314 1644 1644 331 274 1645 1645 345 313 1646 1646 331 274 1647 1647 332 314 1648 1648 318 275 1649 1649 319 315 1650 1650 318 275 1651 1651 332 314 1652 1652 318 275 1653 1653 319 315 1654 1654 305 276 1655 1655 306 316 1656 1656 305 276 1657 1657 319 315 1658 1658 305 276 1659 1659 306 316 1660 1660 292 277 1661 1661 293 317 1662 1662 292 277 1663 1663 306 316 1664 1664 292 277 1665 1665 293 317 1666 1666 279 278 1667 1667 280 318 1668 1668 279 278 1669 1669 293 317 1670 1670 279 278 1671 1671 280 318 1672 1672 13 279 1673 1673 15 319 1674 1674 13 279 1675 1675 280 318 1676 1676 13 279 1677 1677 15 319 1678 1678 14 280 1679 1679 16 320 1680 1680 14 280 1681 1681 15 319 1682 1682 34 321 1683 1683 14 280 1684 1684 16 320 1685 1685 14 280 1686 1686 34 321 1687 1687 33 281 1688 1688 47 322 1689 1689 33 281 1690 1690 34 321 1691 1691 33 281 1692 1692 47 322 1693 1693 46 282 1694 1694 60 323 1695 1695 46 282 1696 1696 47 322 1697 1697 46 282 1698 1698 60 323 1699 1699 59 283 1700 1700 73 324 1701 1701 59 283 1702 1702 60 323 1703 1703 59 283 1704 1704 73 324 1705 1705 72 284 1706 1706 86 325 1707 1707 72 284 1708 1708 73 324 1709 1709 72 284 1710 1710 86 325 1711 1711 85 285 1712 1712 99 326 1713 1713 85 285 1714 1714 86 325 1715 1715 85 285 1716 1716 99 326 1717 1717 98 286 1718 1718 112 327 1719 1719 98 286 1720 1720 99 326 1721 1721 98 286 1722 1722 112 327 1723 1723 111 287 1724 1724 125 328 1725 1725 111 287 1726 1726 112 327 1727 1727 111 287 1728 1728 125 328 1729 1729 124 288 1730 1730 138 329 1731 1731 124 288 1732 1732 125 328 1733 1733 124 288 1734 1734 138 329 1735 1735 137 289 1736 1736 151 330 1737 1737 137 289 1738 1738 138 329 1739 1739 137 289 1740 1740 151 330 1741 1741 150 290 1742 1742 164 331 1743 1743 150 290 1744 1744 151 330 1745 1745 150 290 1746 1746 164 331 1747 1747 163 291 1748 1748 177 332 1749 1749 163 291 1750 1750 164 331 1751 1751 163 291 1752 1752 177 332 1753 1753 176 292 1754 1754 190 333 1755 1755 176 292 1756 1756 177 332 1757 1757 176 292 1758 1758 190 333 1759 1759 189 293 1760 1760 203 334 1761 1761 189 293 1762 1762 190 333 1763 1763 189 293 1764 1764 203 334 1765 1765 202 294 1766 1766 216 335 1767 1767 202 294 1768 1768 203 334 1769 1769 202 294 1770 1770 216 335 1771 1771 215 295 1772 1772 229 336 1773 1773 215 295 1774 1774 216 335 1775 1775 215 295 1776 1776 229 336 1777 1777 228 296 1778 1778 242 337 1779 1779 228 296 1780 1780 229 336 1781 1781 228 296 1782 1782 242 337 1783 1783 241 297 1784 1784 255 338 1785 1785 241 297 1786 1786 242 337 1787 1787 241 297 1788 1788 255 338 1789 1789 254 298 1790 1790 268 339 1791 1791 254 298 1792 1792 255 338 1793 1793 254 298 1794 1794 268 339 1795 1795 267 299 1796 1796 267 299 1797 1797 268 339 1798 1798 514 300 1799 1799 515 340 1800 1800 514 300 1801 1801 268 339 1802 1802 514 300 1803 1803 515 340 1804 1804 501 301 1805 1805 502 341 1806 1806 501 301 1807 1807 515 340 1808 1808 501 301 1809 1809 502 341 1810 1810 488 302 1811 1811 489 342 1812 1812 488 302 1813 1813 502 341 1814 1814 488 302 1815 1815 489 342 1816 1816 475 303 1817 1817 476 343 1818 1818 475 303 1819 1819 489 342 1820 1820 475 303 1821 1821 476 343 1822 1822 462 304 1823 1823 463 344 1824 1824 462 304 1825 1825 476 343 1826 1826 462 304 1827 1827 463 344 1828 1828 449 305 1829 1829 450 345 1830 1830 449 305 1831 1831 463 344 1832 1832 449 305 1833 1833 450 345 1834 1834 436 306 1835 1835 437 346 1836 1836 436 306 1837 1837 450 345 1838 1838 436 306 1839 1839 437 346 1840 1840 423 307 1841 1841 424 347 1842 1842 423 307 1843 1843 437 346 1844 1844 423 307 1845 1845 424 347 1846 1846 410 308 1847 1847 411 348 1848 1848 410 308 1849 1849 424 347 1850 1850 410 308 1851 1851 411 348 1852 1852 397 309 1853 1853 398 349 1854 1854 397 309 1855 1855 411 348 1856 1856 397 309 1857 1857 398 349 1858 1858 384 310 1859 1859 385 350 1860 1860 384 310 1861 1861 398 349 1862 1862 384 310 1863 1863 385 350 1864 1864 371 311 1865 1865 372 351 1866 1866 371 311 1867 1867 385 350 1868 1868 371 311 1869 1869 372 351 1870 1870 358 312 1871 1871 359 352 1872 1872 358 312 1873 1873 372 351 1874 1874 358 312 1875 1875 359 352 1876 1876 345 313 1877 1877 346 353 1878 1878 345 313 1879 1879 359 352 1880 1880 345 313 1881 1881 346 353 1882 1882 332 314 1883 1883 333 354 1884 1884 332 314 1885 1885 346 353 1886 1886 332 314 1887 1887 333 354 1888 1888 319 315 1889 1889 320 355 1890 1890 319 315 1891 1891 333 354 1892 1892 319 315 1893 1893 320 355 1894 1894 306 316 1895 1895 307 356 1896 1896 306 316 1897 1897 320 355 1898 1898 306 316 1899 1899 307 356 1900 1900 293 317 1901 1901 294 357 1902 1902 293 317 1903 1903 307 356 1904 1904 293 317 1905 1905 294 357 1906 1906 280 318 1907 1907 281 358 1908 1908 280 318 1909 1909 294 357 1910 1910 280 318 1911 1911 281 358 1912 1912 15 319 1913 1913 17 359 1914 1914 15 319 1915 1915 281 358 1916 1916 15 319 1917 1917 17 359 1918 1918 16 320 1919 1919 18 360 1920 1920 16 320 1921 1921 17 359 1922 1922 35 361 1923 1923 16 320 1924 1924 18 360 1925 1925 16 320 1926 1926 35 361 1927 1927 34 321 1928 1928 48 362 1929 1929 34 321 1930 1930 35 361 1931 1931 34 321 1932 1932 48 362 1933 1933 47 322 1934 1934 61 363 1935 1935 47 322 1936 1936 48 362 1937 1937 47 322 1938 1938 61 363 1939 1939 60 323 1940 1940 74 364 1941 1941 60 323 1942 1942 61 363 1943 1943 60 323 1944 1944 74 364 1945 1945 73 324 1946 1946 87 365 1947 1947 73 324 1948 1948 74 364 1949 1949 73 324 1950 1950 87 365 1951 1951 86 325 1952 1952 100 366 1953 1953 86 325 1954 1954 87 365 1955 1955 86 325 1956 1956 100 366 1957 1957 99 326 1958 1958 113 367 1959 1959 99 326 1960 1960 100 366 1961 1961 99 326 1962 1962 113 367 1963 1963 112 327 1964 1964 126 368 1965 1965 112 327 1966 1966 113 367 1967 1967 112 327 1968 1968 126 368 1969 1969 125 328 1970 1970 139 369 1971 1971 125 328 1972 1972 126 368 1973 1973 125 328 1974 1974 139 369 1975 1975 138 329 1976 1976 152 370 1977 1977 138 329 1978 1978 139 369 1979 1979 138 329 1980 1980 152 370 1981 1981 151 330 1982 1982 165 371 1983 1983 151 330 1984 1984 152 370 1985 1985 151 330 1986 1986 165 371 1987 1987 164 331 1988 1988 178 372 1989 1989 164 331 1990 1990 165 371 1991 1991 164 331 1992 1992 178 372 1993 1993 177 332 1994 1994 191 373 1995 1995 177 332 1996 1996 178 372 1997 1997 177 332 1998 1998 191 373 1999 1999 190 333 2000 2000 204 374 2001 2001 190 333 2002 2002 191 373 2003 2003 190 333 2004 2004 204 374 2005 2005 203 334 2006 2006 217 375 2007 2007 203 334 2008 2008 204 374 2009 2009 203 334 2010 2010 217 375 2011 2011 216 335 2012 2012 230 376 2013 2013 216 335 2014 2014 217 375 2015 2015 216 335 2016 2016 230 376 2017 2017 229 336 2018 2018 243 377 2019 2019 229 336 2020 2020 230 376 2021 2021 229 336 2022 2022 243 377 2023 2023 242 337 2024 2024 256 378 2025 2025 242 337 2026 2026 243 377 2027 2027 242 337 2028 2028 256 378 2029 2029 255 338 2030 2030 269 379 2031 2031 255 338 2032 2032 256 378 2033 2033 255 338 2034 2034 269 379 2035 2035 268 339 2036 2036 268 339 2037 2037 269 379 2038 2038 515 340 2039 2039 516 380 2040 2040 515 340 2041 2041 269 379 2042 2042 515 340 2043 2043 516 380 2044 2044 502 341 2045 2045 503 381 2046 2046 502 341 2047 2047 516 380 2048 2048 502 341 2049 2049 503 381 2050 2050 489 342 2051 2051 490 382 2052 2052 489 342 2053 2053 503 381 2054 2054 489 342 2055 2055 490 382 2056 2056 476 343 2057 2057 477 383 2058 2058 476 343 2059 2059 490 382 2060 2060 476 343 2061 2061 477 383 2062 2062 463 344 2063 2063 464 384 2064 2064 463 344 2065 2065 477 383 2066 2066 463 344 2067 2067 464 384 2068 2068 450 345 2069 2069 451 385 2070 2070 450 345 2071 2071 464 384 2072 2072 450 345 2073 2073 451 385 2074 2074 437 346 2075 2075 438 386 2076 2076 437 346 2077 2077 451 385 2078 2078 437 346 2079 2079 438 386 2080 2080 424 347 2081 2081 425 387 2082 2082 424 347 2083 2083 438 386 2084 2084 424 347 2085 2085 425 387 2086 2086 411 348 2087 2087 412 388 2088 2088 411 348 2089 2089 425 387 2090 2090 411 348 2091 2091 412 388 2092 2092 398 349 2093 2093 399 389 2094 2094 398 349 2095 2095 412 388 2096 2096 398 349 2097 2097 399 389 2098 2098 385 350 2099 2099 386 390 2100 2100 385 350 2101 2101 399 389 2102 2102 385 350 2103 2103 386 390 2104 2104 372 351 2105 2105 373 391 2106 2106 372 351 2107 2107 386 390 2108 2108 372 351 2109 2109 373 391 2110 2110 359 352 2111 2111 360 392 2112 2112 359 352 2113 2113 373 391 2114 2114 359 352 2115 2115 360 392 2116 2116 346 353 2117 2117 347 393 2118 2118 346 353 2119 2119 360 392 2120 2120 346 353 2121 2121 347 393 2122 2122 333 354 2123 2123 334 394 2124 2124 333 354 2125 2125 347 393 2126 2126 333 354 2127 2127 334 394 2128 2128 320 355 2129 2129 321 395 2130 2130 320 355 2131 2131 334 394 2132 2132 320 355 2133 2133 321 395 2134 2134 307 356 2135 2135 308 396 2136 2136 307 356 2137 2137 321 395 2138 2138 307 356 2139 2139 308 396 2140 2140 294 357 2141 2141 295 397 2142 2142 294 357 2143 2143 308 396 2144 2144 294 357 2145 2145 295 397 2146 2146 281 358 2147 2147 282 398 2148 2148 281 358 2149 2149 295 397 2150 2150 281 358 2151 2151 282 398 2152 2152 17 359 2153 2153 19 399 2154 2154 17 359 2155 2155 282 398 2156 2156 17 359 2157 2157 19 399 2158 2158 18 360 2159 2159 20 400 2160 2160 18 360 2161 2161 19 399 2162 2162 36 401 2163 2163 18 360 2164 2164 20 400 2165 2165 18 360 2166 2166 36 401 2167 2167 35 361 2168 2168 49 402 2169 2169 35 361 2170 2170 36 401 2171 2171 35 361 2172 2172 49 402 2173 2173 48 362 2174 2174 62 403 2175 2175 48 362 2176 2176 49 402 2177 2177 48 362 2178 2178 62 403 2179 2179 61 363 2180 2180 75 404 2181 2181 61 363 2182 2182 62 403 2183 2183 61 363 2184 2184 75 404 2185 2185 74 364 2186 2186 88 405 2187 2187 74 364 2188 2188 75 404 2189 2189 74 364 2190 2190 88 405 2191 2191 87 365 2192 2192 101 406 2193 2193 87 365 2194 2194 88 405 2195 2195 87 365 2196 2196 101 406 2197 2197 100 366 2198 2198 114 407 2199 2199 100 366 2200 2200 101 406 2201 2201 100 366 2202 2202 114 407 2203 2203 113 367 2204 2204 127 408 2205 2205 113 367 2206 2206 114 407 2207 2207 113 367 2208 2208 127 408 2209 2209 126 368 2210 2210 140 409 2211 2211 126 368 2212 2212 127 408 2213 2213 126 368 2214 2214 140 409 2215 2215 139 369 2216 2216 153 410 2217 2217 139 369 2218 2218 140 409 2219 2219 139 369 2220 2220 153 410 2221 2221 152 370 2222 2222 166 411 2223 2223 152 370 2224 2224 153 410 2225 2225 152 370 2226 2226 166 411 2227 2227 165 371 2228 2228 179 412 2229 2229 165 371 2230 2230 166 411 2231 2231 165 371 2232 2232 179 412 2233 2233 178 372 2234 2234 192 413 2235 2235 178 372 2236 2236 179 412 2237 2237 178 372 2238 2238 192 413 2239 2239 191 373 2240 2240 205 414 2241 2241 191 373 2242 2242 192 413 2243 2243 191 373 2244 2244 205 414 2245 2245 204 374 2246 2246 218 415 2247 2247 204 374 2248 2248 205 414 2249 2249 204 374 2250 2250 218 415 2251 2251 217 375 2252 2252 231 416 2253 2253 217 375 2254 2254 218 415 2255 2255 217 375 2256 2256 231 416 2257 2257 230 376 2258 2258 244 417 2259 2259 230 376 2260 2260 231 416 2261 2261 230 376 2262 2262 244 417 2263 2263 243 377 2264 2264 257 418 2265 2265 243 377 2266 2266 244 417 2267 2267 243 377 2268 2268 257 418 2269 2269 256 378 2270 2270 270 419 2271 2271 256 378 2272 2272 257 418 2273 2273 256 378 2274 2274 270 419 2275 2275 269 379 2276 2276 269 379 2277 2277 270 419 2278 2278 516 380 2279 2279 517 420 2280 2280 516 380 2281 2281 270 419 2282 2282 516 380 2283 2283 517 420 2284 2284 503 381 2285 2285 504 421 2286 2286 503 381 2287 2287 517 420 2288 2288 503 381 2289 2289 504 421 2290 2290 490 382 2291 2291 491 422 2292 2292 490 382 2293 2293 504 421 2294 2294 490 382 2295 2295 491 422 2296 2296 477 383 2297 2297 478 423 2298 2298 477 383 2299 2299 491 422 2300 2300 477 383 2301 2301 478 423 2302 2302 464 384 2303 2303 465 424 2304 2304 464 384 2305 2305 478 423 2306 2306 464 384 2307 2307 465 424 2308 2308 451 385 2309 2309 452 425 2310 2310 451 385 2311 2311 465 424 2312 2312 451 385 2313 2313 452 425 2314 2314 438 386 2315 2315 439 426 2316 2316 438 386 2317 2317 452 425 2318 2318 438 386 2319 2319 439 426 2320 2320 425 387 2321 2321 426 427 2322 2322 425 387 2323 2323 439 426 2324 2324 425 387 2325 2325 426 427 2326 2326 412 388 2327 2327 413 428 2328 2328 412 388 2329 2329 426 427 2330 2330 412 388 2331 2331 413 428 2332 2332 399 389 2333 2333 400 429 2334 2334 399 389 2335 2335 413 428 2336 2336 399 389 2337 2337 400 429 2338 2338 386 390 2339 2339 387 430 2340 2340 386 390 2341 2341 400 429 2342 2342 386 390 2343 2343 387 430 2344 2344 373 391 2345 2345 374 431 2346 2346 373 391 2347 2347 387 430 2348 2348 373 391 2349 2349 374 431 2350 2350 360 392 2351 2351 361 432 2352 2352 360 392 2353 2353 374 431 2354 2354 360 392 2355 2355 361 432 2356 2356 347 393 2357 2357 348 433 2358 2358 347 393 2359 2359 361 432 2360 2360 347 393 2361 2361 348 433 2362 2362 334 394 2363 2363 335 434 2364 2364 334 394 2365 2365 348 433 2366 2366 334 394 2367 2367 335 434 2368 2368 321 395 2369 2369 322 435 2370 2370 321 395 2371 2371 335 434 2372 2372 321 395 2373 2373 322 435 2374 2374 308 396 2375 2375 309 436 2376 2376 308 396 2377 2377 322 435 2378 2378 308 396 2379 2379 309 436 2380 2380 295 397 2381 2381 296 437 2382 2382 295 397 2383 2383 309 436 2384 2384 295 397 2385 2385 296 437 2386 2386 282 398 2387 2387 283 438 2388 2388 282 398 2389 2389 296 437 2390 2390 282 398 2391 2391 283 438 2392 2392 19 399 2393 2393 21 439 2394 2394 19 399 2395 2395 283 438 2396 2396 19 399 2397 2397 21 439 2398 2398 20 400 2399 2399 22 440 2400 2400 20 400 2401 2401 21 439 2402 2402 37 441 2403 2403 20 400 2404 2404 22 440 2405 2405 20 400 2406 2406 37 441 2407 2407 36 401 2408 2408 50 442 2409 2409 36 401 2410 2410 37 441 2411 2411 36 401 2412 2412 50 442 2413 2413 49 402 2414 2414 63 443 2415 2415 49 402 2416 2416 50 442 2417 2417 49 402 2418 2418 63 443 2419 2419 62 403 2420 2420 76 444 2421 2421 62 403 2422 2422 63 443 2423 2423 62 403 2424 2424 76 444 2425 2425 75 404 2426 2426 89 445 2427 2427 75 404 2428 2428 76 444 2429 2429 75 404 2430 2430 89 445 2431 2431 88 405 2432 2432 102 446 2433 2433 88 405 2434 2434 89 445 2435 2435 88 405 2436 2436 102 446 2437 2437 101 406 2438 2438 115 447 2439 2439 101 406 2440 2440 102 446 2441 2441 101 406 2442 2442 115 447 2443 2443 114 407 2444 2444 128 448 2445 2445 114 407 2446 2446 115 447 2447 2447 114 407 2448 2448 128 448 2449 2449 127 408 2450 2450 141 449 2451 2451 127 408 2452 2452 128 448 2453 2453 127 408 2454 2454 141 449 2455 2455 140 409 2456 2456 154 450 2457 2457 140 409 2458 2458 141 449 2459 2459 140 409 2460 2460 154 450 2461 2461 153 410 2462 2462 167 451 2463 2463 153 410 2464 2464 154 450 2465 2465 153 410 2466 2466 167 451 2467 2467 166 411 2468 2468 180 452 2469 2469 166 411 2470 2470 167 451 2471 2471 166 411 2472 2472 180 452 2473 2473 179 412 2474 2474 193 453 2475 2475 179 412 2476 2476 180 452 2477 2477 179 412 2478 2478 193 453 2479 2479 192 413 2480 2480 206 454 2481 2481 192 413 2482 2482 193 453 2483 2483 192 413 2484 2484 206 454 2485 2485 205 414 2486 2486 219 455 2487 2487 205 414 2488 2488 206 454 2489 2489 205 414 2490 2490 219 455 2491 2491 218 415 2492 2492 232 456 2493 2493 218 415 2494 2494 219 455 2495 2495 218 415 2496 2496 232 456 2497 2497 231 416 2498 2498 245 457 2499 2499 231 416 2500 2500 232 456 2501 2501 231 416 2502 2502 245 457 2503 2503 244 417 2504 2504 258 458 2505 2505 244 417 2506 2506 245 457 2507 2507 244 417 2508 2508 258 458 2509 2509 257 418 2510 2510 271 459 2511 2511 257 418 2512 2512 258 458 2513 2513 257 418 2514 2514 271 459 2515 2515 270 419 2516 2516 270 419 2517 2517 271 459 2518 2518 517 420 2519 2519 518 460 2520 2520 517 420 2521 2521 271 459 2522 2522 517 420 2523 2523 518 460 2524 2524 504 421 2525 2525 505 461 2526 2526 504 421 2527 2527 518 460 2528 2528 504 421 2529 2529 505 461 2530 2530 491 422 2531 2531 492 462 2532 2532 491 422 2533 2533 505 461 2534 2534 491 422 2535 2535 492 462 2536 2536 478 423 2537 2537 479 463 2538 2538 478 423 2539 2539 492 462 2540 2540 478 423 2541 2541 479 463 2542 2542 465 424 2543 2543 466 464 2544 2544 465 424 2545 2545 479 463 2546 2546 465 424 2547 2547 466 464 2548 2548 452 425 2549 2549 453 465 2550 2550 452 425 2551 2551 466 464 2552 2552 452 425 2553 2553 453 465 2554 2554 439 426 2555 2555 440 466 2556 2556 439 426 2557 2557 453 465 2558 2558 439 426 2559 2559 440 466 2560 2560 426 427 2561 2561 427 467 2562 2562 426 427 2563 2563 440 466 2564 2564 426 427 2565 2565 427 467 2566 2566 413 428 2567 2567 414 468 2568 2568 413 428 2569 2569 427 467 2570 2570 413 428 2571 2571 414 468 2572 2572 400 429 2573 2573 401 469 2574 2574 400 429 2575 2575 414 468 2576 2576 400 429 2577 2577 401 469 2578 2578 387 430 2579 2579 388 470 2580 2580 387 430 2581 2581 401 469 2582 2582 387 430 2583 2583 388 470 2584 2584 374 431 2585 2585 375 471 2586 2586 374 431 2587 2587 388 470 2588 2588 374 431 2589 2589 375 471 2590 2590 361 432 2591 2591 362 472 2592 2592 361 432 2593 2593 375 471 2594 2594 361 432 2595 2595 362 472 2596 2596 348 433 2597 2597 349 473 2598 2598 348 433 2599 2599 362 472 2600 2600 348 433 2601 2601 349 473 2602 2602 335 434 2603 2603 336 474 2604 2604 335 434 2605 2605 349 473 2606 2606 335 434 2607 2607 336 474 2608 2608 322 435 2609 2609 323 475 2610 2610 322 435 2611 2611 336 474 2612 2612 322 435 2613 2613 323 475 2614 2614 309 436 2615 2615 310 476 2616 2616 309 436 2617 2617 323 475 2618 2618 309 436 2619 2619 310 476 2620 2620 296 437 2621 2621 297 477 2622 2622 296 437 2623 2623 310 476 2624 2624 296 437 2625 2625 297 477 2626 2626 283 438 2627 2627 284 478 2628 2628 283 438 2629 2629 297 477 2630 2630 283 438 2631 2631 284 478 2632 2632 21 439 2633 2633 23 479 2634 2634 21 439 2635 2635 284 478 2636 2636 21 439 2637 2637 23 479 2638 2638 22 440 2639 2639 24 480 2640 2640 22 440 2641 2641 23 479 2642 2642 38 481 2643 2643 22 440 2644 2644 24 480 2645 2645 22 440 2646 2646 38 481 2647 2647 37 441 2648 2648 51 482 2649 2649 37 441 2650 2650 38 481 2651 2651 37 441 2652 2652 51 482 2653 2653 50 442 2654 2654 64 483 2655 2655 50 442 2656 2656 51 482 2657 2657 50 442 2658 2658 64 483 2659 2659 63 443 2660 2660 77 484 2661 2661 63 443 2662 2662 64 483 2663 2663 63 443 2664 2664 77 484 2665 2665 76 444 2666 2666 90 485 2667 2667 76 444 2668 2668 77 484 2669 2669 76 444 2670 2670 90 485 2671 2671 89 445 2672 2672 103 486 2673 2673 89 445 2674 2674 90 485 2675 2675 89 445 2676 2676 103 486 2677 2677 102 446 2678 2678 116 487 2679 2679 102 446 2680 2680 103 486 2681 2681 102 446 2682 2682 116 487 2683 2683 115 447 2684 2684 129 488 2685 2685 115 447 2686 2686 116 487 2687 2687 115 447 2688 2688 129 488 2689 2689 128 448 2690 2690 142 489 2691 2691 128 448 2692 2692 129 488 2693 2693 128 448 2694 2694 142 489 2695 2695 141 449 2696 2696 155 490 2697 2697 141 449 2698 2698 142 489 2699 2699 141 449 2700 2700 155 490 2701 2701 154 450 2702 2702 168 491 2703 2703 154 450 2704 2704 155 490 2705 2705 154 450 2706 2706 168 491 2707 2707 167 451 2708 2708 181 492 2709 2709 167 451 2710 2710 168 491 2711 2711 167 451 2712 2712 181 492 2713 2713 180 452 2714 2714 194 493 2715 2715 180 452 2716 2716 181 492 2717 2717 180 452 2718 2718 194 493 2719 2719 193 453 2720 2720 207 494 2721 2721 193 453 2722 2722 194 493 2723 2723 193 453 2724 2724 207 494 2725 2725 206 454 2726 2726 220 495 2727 2727 206 454 2728 2728 207 494 2729 2729 206 454 2730 2730 220 495 2731 2731 219 455 2732 2732 233 496 2733 2733 219 455 2734 2734 220 495 2735 2735 219 455 2736 2736 233 496 2737 2737 232 456 2738 2738 246 497 2739 2739 232 456 2740 2740 233 496 2741 2741 232 456 2742 2742 246 497 2743 2743 245 457 2744 2744 259 498 2745 2745 245 457 2746 2746 246 497 2747 2747 245 457 2748 2748 259 498 2749 2749 258 458 2750 2750 272 499 2751 2751 258 458 2752 2752 259 498 2753 2753 258 458 2754 2754 272 499 2755 2755 271 459 2756 2756 271 459 2757 2757 272 499 2758 2758 518 460 2759 2759 519 500 2760 2760 518 460 2761 2761 272 499 2762 2762 518 460 2763 2763 519 500 2764 2764 505 461 2765 2765 506 501 2766 2766 505 461 2767 2767 519 500 2768 2768 505 461 2769 2769 506 501 2770 2770 492 462 2771 2771 493 502 2772 2772 492 462 2773 2773 506 501 2774 2774 492 462 2775 2775 493 502 2776 2776 479 463 2777 2777 480 503 2778 2778 479 463 2779 2779 493 502 2780 2780 479 463 2781 2781 480 503 2782 2782 466 464 2783 2783 467 504 2784 2784 466 464 2785 2785 480 503 2786 2786 466 464 2787 2787 467 504 2788 2788 453 465 2789 2789 454 505 2790 2790 453 465 2791 2791 467 504 2792 2792 453 465 2793 2793 454 505 2794 2794 440 466 2795 2795 441 506 2796 2796 440 466 2797 2797 454 505 2798 2798 440 466 2799 2799 441 506 2800 2800 427 467 2801 2801 428 507 2802 2802 427 467 2803 2803 441 506 2804 2804 427 467 2805 2805 428 507 2806 2806 414 468 2807 2807 415 508 2808 2808 414 468 2809 2809 428 507 2810 2810 414 468 2811 2811 415 508 2812 2812 401 469 2813 2813 402 509 2814 2814 401 469 2815 2815 415 508 2816 2816 401 469 2817 2817 402 509 2818 2818 388 470 2819 2819 389 510 2820 2820 388 470 2821 2821 402 509 2822 2822 388 470 2823 2823 389 510 2824 2824 375 471 2825 2825 376 511 2826 2826 375 471 2827 2827 389 510 2828 2828 375 471 2829 2829 376 511 2830 2830 362 472 2831 2831 363 512 2832 2832 362 472 2833 2833 376 511 2834 2834 362 472 2835 2835 363 512 2836 2836 349 473 2837 2837 350 513 2838 2838 349 473 2839 2839 363 512 2840 2840 349 473 2841 2841 350 513 2842 2842 336 474 2843 2843 337 514 2844 2844 336 474 2845 2845 350 513 2846 2846 336 474 2847 2847 337 514 2848 2848 323 475 2849 2849 324 515 2850 2850 323 475 2851 2851 337 514 2852 2852 323 475 2853 2853 324 515 2854 2854 310 476 2855 2855 311 516 2856 2856 310 476 2857 2857 324 515 2858 2858 310 476 2859 2859 311 516 2860 2860 297 477 2861 2861 298 517 2862 2862 297 477 2863 2863 311 516 2864 2864 297 477 2865 2865 298 517 2866 2866 284 478 2867 2867 285 518 2868 2868 284 478 2869 2869 298 517 2870 2870 284 478 2871 2871 285 518 2872 2872 23 479 2873 2873 25 519 2874 2874 23 479 2875 2875 285 518 2876 2876 23 479 2877 2877 25 519 2878 2878 24 480 2879 2879</p>
        </triangles>
        <triangles material="xsky_obj_timering_clock-material" count="778">
          <input semantic="VERTEX" source="#xsky_obj_timering_mesh-mesh-vertices" offset="0"/>
          <input semantic="NORMAL" source="#xsky_obj_timering_mesh-mesh-normals" offset="1"/>
          <input semantic="TEXCOORD" source="#xsky_obj_timering_mesh-mesh-map-0" offset="2" set="0"/>
          <input semantic="TEXCOORD" source="#xsky_obj_timering_mesh-mesh-map-1" offset="2" set="1"/>
          <input semantic="COLOR" source="#xsky_obj_timering_mesh-mesh-colors-Col" offset="3" set="0"/>
          <p>544 520 2880 2880 543 521 2881 2881 545 522 2882 2882 542 523 2883 2883 543 521 2884 2884 544 520 2885 2885 543 521 2886 2886 542 523 2887 2887 541 524 2888 2888 540 525 2889 2889 541 524 2890 2890 542 523 2891 2891 541 524 2892 2892 540 525 2893 2893 539 526 2894 2894 538 527 2895 2895 539 526 2896 2896 540 525 2897 2897 539 526 2898 2898 538 527 2899 2899 537 528 2900 2900 536 529 2901 2901 537 528 2902 2902 538 527 2903 2903 537 528 2904 2904 536 529 2905 2905 535 530 2906 2906 534 531 2907 2907 535 530 2908 2908 536 529 2909 2909 535 530 2910 2910 534 531 2911 2911 533 532 2912 2912 532 533 2913 2913 533 532 2914 2914 534 531 2915 2915 533 532 2916 2916 532 533 2917 2917 531 534 2918 2918 530 535 2919 2919 531 534 2920 2920 532 533 2921 2921 531 534 2922 2922 530 535 2923 2923 529 536 2924 2924 528 537 2925 2925 529 536 2926 2926 530 535 2927 2927 529 536 2928 2928 528 537 2929 2929 527 538 2930 2930 526 539 2931 2931 527 538 2932 2932 528 537 2933 2933 527 538 2934 2934 526 539 2935 2935 525 540 2936 2936 524 541 2937 2937 525 540 2938 2938 526 539 2939 2939 525 540 2940 2940 524 541 2941 2941 523 542 2942 2942 520 543 2943 2943 523 542 2944 2944 524 541 2945 2945 523 542 2946 2946 520 543 2947 2947 521 544 2948 2948 522 545 2949 2949 521 544 2950 2950 520 543 2951 2951 716 546 2952 2952 521 544 2953 2953 522 545 2954 2954 521 544 2955 2955 716 546 2956 2956 717 547 2957 2957 718 548 2958 2958 717 547 2959 2959 716 546 2960 2960 717 547 2961 2961 718 548 2962 2962 719 549 2963 2963 720 550 2964 2964 719 549 2965 2965 718 548 2966 2966 719 549 2967 2967 720 550 2968 2968 721 551 2969 2969 722 552 2970 2970 721 551 2971 2971 720 550 2972 2972 721 551 2973 2973 722 552 2974 2974 723 553 2975 2975 724 554 2976 2976 723 553 2977 2977 722 552 2978 2978 723 553 2979 2979 724 554 2980 2980 725 555 2981 2981 726 556 2982 2982 725 555 2983 2983 724 554 2984 2984 725 555 2985 2985 726 556 2986 2986 727 557 2987 2987 728 558 2988 2988 727 557 2989 2989 726 556 2990 2990 727 557 2991 2991 728 558 2992 2992 729 559 2993 2993 730 560 2994 2994 729 559 2995 2995 728 558 2996 2996 729 559 2997 2997 730 560 2998 2998 731 561 2999 2999 732 562 3000 3000 731 561 3001 3001 730 560 3002 3002 731 561 3003 3003 732 562 3004 3004 733 563 3005 3005 734 564 3006 3006 733 563 3007 3007 732 562 3008 3008 733 563 3009 3009 734 564 3010 3010 735 565 3011 3011 736 566 3012 3012 735 565 3013 3013 734 564 3014 3014 735 565 3015 3015 736 566 3016 3016 737 567 3017 3017 738 568 3018 3018 737 567 3019 3019 736 566 3020 3020 737 567 3021 3021 738 568 3022 3022 739 569 3023 3023 591 570 3024 3024 594 571 3025 3025 595 572 3026 3026 594 571 3027 3027 591 570 3028 3028 590 573 3029 3029 587 574 3030 3030 590 573 3031 3031 591 570 3032 3032 590 573 3033 3033 587 574 3034 3034 586 575 3035 3035 583 576 3036 3036 586 575 3037 3037 587 574 3038 3038 586 575 3039 3039 583 576 3040 3040 582 577 3041 3041 579 578 3042 3042 582 577 3043 3043 583 576 3044 3044 582 577 3045 3045 579 578 3046 3046 578 579 3047 3047 575 580 3048 3048 578 579 3049 3049 579 578 3050 3050 578 579 3051 3051 575 580 3052 3052 574 581 3053 3053 571 582 3054 3054 574 581 3055 3055 575 580 3056 3056 574 581 3057 3057 571 582 3058 3058 570 583 3059 3059 567 584 3060 3060 570 583 3061 3061 571 582 3062 3062 570 583 3063 3063 567 584 3064 3064 566 585 3065 3065 563 586 3066 3066 566 585 3067 3067 567 584 3068 3068 566 585 3069 3069 563 586 3070 3070 562 587 3071 3071 559 588 3072 3072 562 587 3073 3073 563 586 3074 3074 562 587 3075 3075 559 588 3076 3076 558 589 3077 3077 555 590 3078 3078 558 589 3079 3079 559 588 3080 3080 558 589 3081 3081 555 590 3082 3082 554 591 3083 3083 548 592 3084 3084 554 591 3085 3085 555 590 3086 3086 554 591 3087 3087 548 592 3088 3088 546 593 3089 3089 547 594 3090 3090 546 593 3091 3091 548 592 3092 3092 546 593 3093 3093 547 594 3094 3094 549 595 3095 3095 549 595 3096 3096 547 594 3097 3097 740 596 3098 3098 741 597 3099 3099 740 596 3100 3100 547 594 3101 3101 740 596 3102 3102 741 597 3103 3103 744 598 3104 3104 745 599 3105 3105 744 598 3106 3106 741 597 3107 3107 744 598 3108 3108 745 599 3109 3109 748 600 3110 3110 749 601 3111 3111 748 600 3112 3112 745 599 3113 3113 748 600 3114 3114 749 601 3115 3115 752 602 3116 3116 753 603 3117 3117 752 602 3118 3118 749 601 3119 3119 752 602 3120 3120 753 603 3121 3121 756 604 3122 3122 757 605 3123 3123 756 604 3124 3124 753 603 3125 3125 756 604 3126 3126 757 605 3127 3127 760 606 3128 3128 761 607 3129 3129 760 606 3130 3130 757 605 3131 3131 760 606 3132 3132 761 607 3133 3133 764 608 3134 3134 765 609 3135 3135 764 608 3136 3136 761 607 3137 3137 764 608 3138 3138 765 609 3139 3139 768 610 3140 3140 769 611 3141 3141 768 610 3142 3142 765 609 3143 3143 768 610 3144 3144 769 611 3145 3145 772 612 3146 3146 773 613 3147 3147 772 612 3148 3148 769 611 3149 3149 772 612 3150 3150 773 613 3151 3151 776 614 3152 3152 777 615 3153 3153 776 614 3154 3154 773 613 3155 3155 776 614 3156 3156 777 615 3157 3157 780 616 3158 3158 781 617 3159 3159 780 616 3160 3160 777 615 3161 3161 780 616 3162 3162 781 617 3163 3163 784 618 3164 3164 785 619 3165 3165 784 618 3166 3166 781 617 3167 3167 593 620 3168 3168 596 621 3169 3169 597 622 3170 3170 596 621 3171 3171 593 620 3172 3172 592 623 3173 3173 589 624 3174 3174 592 623 3175 3175 593 620 3176 3176 592 623 3177 3177 589 624 3178 3178 588 625 3179 3179 585 626 3180 3180 588 625 3181 3181 589 624 3182 3182 588 625 3183 3183 585 626 3184 3184 584 627 3185 3185 581 628 3186 3186 584 627 3187 3187 585 626 3188 3188 584 627 3189 3189 581 628 3190 3190 580 629 3191 3191 577 630 3192 3192 580 629 3193 3193 581 628 3194 3194 580 629 3195 3195 577 630 3196 3196 576 631 3197 3197 573 632 3198 3198 576 631 3199 3199 577 630 3200 3200 576 631 3201 3201 573 632 3202 3202 572 633 3203 3203 569 634 3204 3204 572 633 3205 3205 573 632 3206 3206 572 633 3207 3207 569 634 3208 3208 568 635 3209 3209 565 636 3210 3210 568 635 3211 3211 569 634 3212 3212 568 635 3213 3213 565 636 3214 3214 564 637 3215 3215 561 638 3216 3216 564 637 3217 3217 565 636 3218 3218 564 637 3219 3219 561 638 3220 3220 560 639 3221 3221 557 640 3222 3222 560 639 3223 3223 561 638 3224 3224 560 639 3225 3225 557 640 3226 3226 556 641 3227 3227 553 642 3228 3228 556 641 3229 3229 557 640 3230 3230 556 641 3231 3231 553 642 3232 3232 551 643 3233 3233 550 644 3234 3234 551 643 3235 3235 553 642 3236 3236 551 643 3237 3237 550 644 3238 3238 552 645 3239 3239 552 645 3240 3240 550 644 3241 3241 742 646 3242 3242 743 647 3243 3243 742 646 3244 3244 550 644 3245 3245 742 646 3246 3246 743 647 3247 3247 746 648 3248 3248 747 649 3249 3249 746 648 3250 3250 743 647 3251 3251 746 648 3252 3252 747 649 3253 3253 750 650 3254 3254 751 651 3255 3255 750 650 3256 3256 747 649 3257 3257 750 650 3258 3258 751 651 3259 3259 754 652 3260 3260 755 653 3261 3261 754 652 3262 3262 751 651 3263 3263 754 652 3264 3264 755 653 3265 3265 758 654 3266 3266 759 655 3267 3267 758 654 3268 3268 755 653 3269 3269 758 654 3270 3270 759 655 3271 3271 762 656 3272 3272 763 657 3273 3273 762 656 3274 3274 759 655 3275 3275 762 656 3276 3276 763 657 3277 3277 766 658 3278 3278 767 659 3279 3279 766 658 3280 3280 763 657 3281 3281 766 658 3282 3282 767 659 3283 3283 770 660 3284 3284 771 661 3285 3285 770 660 3286 3286 767 659 3287 3287 770 660 3288 3288 771 661 3289 3289 774 662 3290 3290 775 663 3291 3291 774 662 3292 3292 771 661 3293 3293 774 662 3294 3294 775 663 3295 3295 778 664 3296 3296 779 665 3297 3297 778 664 3298 3298 775 663 3299 3299 778 664 3300 3300 779 665 3301 3301 782 666 3302 3302 783 667 3303 3303 782 666 3304 3304 779 665 3305 3305 782 666 3306 3306 783 667 3307 3307 786 668 3308 3308 787 669 3309 3309 786 668 3310 3310 783 667 3311 3311 603 670 3312 3312 604 671 3313 3313 605 672 3314 3314 604 671 3315 3315 603 670 3316 3316 602 673 3317 3317 601 674 3318 3318 602 673 3319 3319 603 670 3320 3320 602 673 3321 3321 601 674 3322 3322 599 675 3323 3323 598 676 3324 3324 599 675 3325 3325 601 674 3326 3326 599 675 3327 3327 598 676 3328 3328 600 677 3329 3329 600 677 3330 3330 598 676 3331 3331 788 678 3332 3332 789 679 3333 3333 788 678 3334 3334 598 676 3335 3335 788 678 3336 3336 789 679 3337 3337 790 680 3338 3338 791 681 3339 3339 790 680 3340 3340 789 679 3341 3341 790 680 3342 3342 791 681 3343 3343 792 682 3344 3344 793 683 3345 3345 792 682 3346 3346 791 681 3347 3347 792 682 3348 3348 793 683 3349 3349 794 684 3350 3350 795 685 3351 3351 794 684 3352 3352 793 683 3353 3353 794 684 3354 3354 795 685 3355 3355 796 686 3356 3356 797 687 3357 3357 796 686 3358 3358 795 685 3359 3359 796 686 3360 3360 797 687 3361 3361 612 688 3362 3362 613 689 3363 3363 612 688 3364 3364 797 687 3365 3365 611 690 3366 3366 612 688 3367 3367 613 689 3368 3368 612 688 3369 3369 611 690 3370 3370 610 691 3371 3371 609 692 3372 3372 610 691 3373 3373 611 690 3374 3374 610 691 3375 3375 609 692 3376 3376 607 693 3377 3377 606 694 3378 3378 607 693 3379 3379 609 692 3380 3380 607 693 3381 3381 606 694 3382 3382 608 695 3383 3383 685 696 3384 3384 683 697 3385 3385 686 698 3386 3386 682 699 3387 3387 683 697 3388 3388 685 696 3389 3389 683 697 3390 3390 682 699 3391 3391 684 700 3392 3392 865 701 3393 3393 684 700 3394 3394 682 699 3395 3395 684 700 3396 3396 865 701 3397 3397 863 702 3398 3398 864 703 3399 3399 863 702 3400 3400 865 701 3401 3401 863 702 3402 3402 864 703 3403 3403 866 704 3404 3404 673 705 3405 3405 866 704 3406 3406 864 703 3407 3407 866 704 3408 3408 673 705 3409 3409 671 706 3410 3410 670 707 3411 3411 671 706 3412 3412 673 705 3413 3413 671 706 3414 3414 670 707 3415 3415 672 708 3416 3416 672 708 3417 3417 670 707 3418 3418 677 709 3419 3419 674 710 3420 3420 677 709 3421 3421 670 707 3422 3422 677 709 3423 3423 674 710 3424 3424 675 711 3425 3425 676 712 3426 3426 675 711 3427 3427 674 710 3428 3428 675 711 3429 3429 676 712 3430 3430 681 713 3431 3431 678 714 3432 3432 681 713 3433 3433 676 712 3434 3434 681 713 3435 3435 678 714 3436 3436 679 715 3437 3437 680 716 3438 3438 679 715 3439 3439 678 714 3440 3440 679 715 3441 3441 680 716 3442 3442 710 717 3443 3443 711 718 3444 3444 710 717 3445 3445 680 716 3446 3446 710 717 3447 3447 711 718 3448 3448 712 719 3449 3449 688 720 3450 3450 687 721 3451 3451 689 722 3452 3452 705 723 3453 3453 687 721 3454 3454 688 720 3455 3455 687 721 3456 3456 705 723 3457 3457 703 724 3458 3458 702 725 3459 3459 703 724 3460 3460 705 723 3461 3461 703 724 3462 3462 702 725 3463 3463 704 726 3464 3464 704 726 3465 3465 702 725 3466 3466 867 727 3467 3467 868 728 3468 3468 867 727 3469 3469 702 725 3470 3470 867 727 3471 3471 868 728 3472 3472 870 729 3473 3473 871 730 3474 3474 870 729 3475 3475 868 728 3476 3476 870 729 3477 3477 871 730 3478 3478 873 731 3479 3479 695 732 3480 3480 696 733 3481 3481 713 734 3482 3482 696 733 3483 3483 695 732 3484 3484 694 735 3485 3485 697 736 3486 3486 694 735 3487 3487 695 732 3488 3488 694 735 3489 3489 697 736 3490 3490 690 737 3491 3491 692 738 3492 3492 690 737 3493 3493 697 736 3494 3494 691 739 3495 3495 690 737 3496 3496 692 738 3497 3497 690 737 3498 3498 691 739 3499 3499 693 740 3500 3500 714 741 3501 3501 693 740 3502 3502 691 739 3503 3503 693 740 3504 3504 714 741 3505 3505 715 742 3506 3506 869 743 3507 3507 715 742 3508 3508 714 741 3509 3509 802 744 3510 3510 800 745 3511 3511 803 746 3512 3512 799 747 3513 3513 800 745 3514 3514 802 744 3515 3515 800 745 3516 3516 799 747 3517 3517 798 748 3518 3518 801 749 3519 3519 798 748 3520 3520 799 747 3521 3521 616 750 3522 3522 798 748 3523 3523 801 749 3524 3524 798 748 3525 3525 616 750 3526 3526 614 751 3527 3527 615 752 3528 3528 614 751 3529 3529 616 750 3530 3530 614 751 3531 3531 615 752 3532 3532 617 753 3533 3533 618 754 3534 3534 617 753 3535 3535 615 752 3536 3536 617 753 3537 3537 618 754 3538 3538 619 755 3539 3539 620 756 3540 3540 619 755 3541 3541 618 754 3542 3542 619 755 3543 3543 620 756 3544 3544 621 757 3545 3545 622 758 3546 3546 621 757 3547 3547 620 756 3548 3548 621 757 3549 3549 622 758 3550 3550 623 759 3551 3551 624 760 3552 3552 623 759 3553 3553 622 758 3554 3554 623 759 3555 3555 624 760 3556 3556 625 761 3557 3557 626 762 3558 3558 625 761 3559 3559 624 760 3560 3560 625 761 3561 3561 626 762 3562 3562 627 763 3563 3563 627 763 3564 3564 626 762 3565 3565 811 764 3566 3566 810 765 3567 3567 811 764 3568 3568 626 762 3569 3569 811 764 3570 3570 810 765 3571 3571 809 766 3572 3572 808 767 3573 3573 809 766 3574 3574 810 765 3575 3575 809 766 3576 3576 808 767 3577 3577 806 768 3578 3578 805 769 3579 3579 806 768 3580 3580 808 767 3581 3581 806 768 3582 3582 805 769 3583 3583 804 770 3584 3584 807 771 3585 3585 804 770 3586 3586 805 769 3587 3587 813 772 3588 3588 814 773 3589 3589 815 774 3590 3590 814 773 3591 3591 813 772 3592 3592 812 775 3593 3593 629 776 3594 3594 812 775 3595 3595 813 772 3596 3596 812 775 3597 3597 629 776 3598 3598 630 777 3599 3599 630 777 3600 3600 629 776 3601 3601 628 778 3602 3602 631 779 3603 3603 628 778 3604 3604 629 776 3605 3605 628 778 3606 3606 631 779 3607 3607 632 780 3608 3608 633 781 3609 3609 632 780 3610 3610 631 779 3611 3611 632 780 3612 3612 633 781 3613 3613 634 782 3614 3614 635 783 3615 3615 634 782 3616 3616 633 781 3617 3617 634 782 3618 3618 635 783 3619 3619 636 784 3620 3620 637 785 3621 3621 636 784 3622 3622 635 783 3623 3623 636 784 3624 3624 637 785 3625 3625 638 786 3626 3626 639 787 3627 3627 638 786 3628 3628 637 785 3629 3629 638 786 3630 3630 639 787 3631 3631 640 788 3632 3632 641 789 3633 3633 640 788 3634 3634 639 787 3635 3635 823 790 3636 3636 640 788 3637 3637 641 789 3638 3638 640 788 3639 3639 823 790 3640 3640 822 791 3641 3641 821 792 3642 3642 822 791 3643 3643 823 790 3644 3644 822 791 3645 3645 821 792 3646 3646 820 793 3647 3647 818 794 3648 3648 820 793 3649 3649 821 792 3650 3650 820 793 3651 3651 818 794 3652 3652 816 795 3653 3653 817 796 3654 3654 816 795 3655 3655 818 794 3656 3656 816 795 3657 3657 817 796 3658 3658 819 797 3659 3659 828 798 3660 3660 825 799 3661 3661 829 800 3662 3662 824 801 3663 3663 825 799 3664 3664 828 798 3665 3665 825 799 3666 3666 824 801 3667 3667 643 802 3668 3668 645 803 3669 3669 643 802 3670 3670 824 801 3671 3671 642 804 3672 3672 643 802 3673 3673 645 803 3674 3674 643 802 3675 3675 642 804 3676 3676 644 805 3677 3677 650 806 3678 3678 644 805 3679 3679 642 804 3680 3680 644 805 3681 3681 650 806 3682 3682 651 807 3683 3683 654 808 3684 3684 651 807 3685 3685 650 806 3686 3686 651 807 3687 3687 654 808 3688 3688 655 809 3689 3689 658 810 3690 3690 655 809 3691 3691 654 808 3692 3692 655 809 3693 3693 658 810 3694 3694 659 811 3695 3695 662 812 3696 3696 659 811 3697 3697 658 810 3698 3698 659 811 3699 3699 662 812 3700 3700 663 813 3701 3701 666 814 3702 3702 663 813 3703 3703 662 812 3704 3704 663 813 3705 3705 666 814 3706 3706 667 815 3707 3707 667 815 3708 3708 666 814 3709 3709 845 816 3710 3710 844 817 3711 3711 845 816 3712 3712 666 814 3713 3713 845 816 3714 3714 844 817 3715 3715 841 818 3716 3716 840 819 3717 3717 841 818 3718 3718 844 817 3719 3719 841 818 3720 3720 840 819 3721 3721 835 820 3722 3722 832 821 3723 3723 835 820 3724 3724 840 819 3725 3725 835 820 3726 3726 832 821 3727 3727 833 822 3728 3728 834 823 3729 3729 833 822 3730 3730 832 821 3731 3731 830 824 3732 3732 827 825 3733 3733 831 826 3734 3734 826 827 3735 3735 827 825 3736 3736 830 824 3737 3737 827 825 3738 3738 826 827 3739 3739 646 828 3740 3740 648 829 3741 3741 646 828 3742 3742 826 827 3743 3743 647 830 3744 3744 646 828 3745 3745 648 829 3746 3746 646 828 3747 3747 647 830 3748 3748 649 831 3749 3749 652 832 3750 3750 649 831 3751 3751 647 830 3752 3752 649 831 3753 3753 652 832 3754 3754 653 833 3755 3755 656 834 3756 3756 653 833 3757 3757 652 832 3758 3758 653 833 3759 3759 656 834 3760 3760 657 835 3761 3761 660 836 3762 3762 657 835 3763 3763 656 834 3764 3764 657 835 3765 3765 660 836 3766 3766 661 837 3767 3767 664 838 3768 3768 661 837 3769 3769 660 836 3770 3770 661 837 3771 3771 664 838 3772 3772 665 839 3773 3773 668 840 3774 3774 665 839 3775 3775 664 838 3776 3776 665 839 3777 3777 668 840 3778 3778 669 841 3779 3779 669 841 3780 3780 668 840 3781 3781 847 842 3782 3782 846 843 3783 3783 847 842 3784 3784 668 840 3785 3785 847 842 3786 3786 846 843 3787 3787 843 844 3788 3788 842 845 3789 3789 843 844 3790 3790 846 843 3791 3791 843 844 3792 3792 842 845 3793 3793 838 846 3794 3794 837 847 3795 3795 838 846 3796 3796 842 845 3797 3797 838 846 3798 3798 837 847 3799 3799 836 848 3800 3800 839 849 3801 3801 836 848 3802 3802 837 847 3803 3803 861 850 3804 3804 860 851 3805 3805 862 852 3806 3806 709 853 3807 3807 860 851 3808 3808 861 850 3809 3809 860 851 3810 3810 709 853 3811 3811 708 854 3812 3812 701 855 3813 3813 708 854 3814 3814 709 853 3815 3815 708 854 3816 3816 701 855 3817 3817 699 856 3818 3818 698 857 3819 3819 699 856 3820 3820 701 855 3821 3821 699 856 3822 3822 698 857 3823 3823 700 858 3824 3824 706 859 3825 3825 700 858 3826 3826 698 857 3827 3827 700 858 3828 3828 706 859 3829 3829 707 860 3830 3830 848 861 3831 3831 707 860 3832 3832 706 859 3833 3833 707 860 3834 3834 848 861 3835 3835 851 862 3836 3836 851 862 3837 3837 848 861 3838 3838 849 863 3839 3839 850 864 3840 3840 849 863 3841 3841 848 861 3842 3842 849 863 3843 3843 850 864 3844 3844 855 865 3845 3845 852 866 3846 3846 855 865 3847 3847 850 864 3848 3848 855 865 3849 3849 852 866 3850 3850 853 867 3851 3851 854 868 3852 3852 853 867 3853 3853 852 866 3854 3854 853 867 3855 3855 854 868 3856 3856 859 869 3857 3857 856 870 3858 3858 859 869 3859 3859 854 868 3860 3860 859 869 3861 3861 856 870 3862 3862 857 871 3863 3863 858 872 3864 3864 857 871 3865 3865 856 870 3866 3866 857 871 3867 3867 858 872 3868 3868 872 873 3869 3869 998 874 3870 3870 1005 875 3871 3871 1006 876 3872 3872 997 877 3873 3873 1005 875 3874 3874 998 874 3875 3875 1005 875 3876 3876 997 877 3877 3877 1007 878 3878 3878 999 879 3879 3879 1007 878 3880 3880 997 877 3881 3881 1007 878 3882 3882 999 879 3883 3883 1008 880 3884 3884 1000 881 3885 3885 1008 880 3886 3886 999 879 3887 3887 1008 880 3888 3888 1000 881 3889 3889 1009 882 3890 3890 1001 883 3891 3891 1009 882 3892 3892 1000 881 3893 3893 1009 882 3894 3894 1001 883 3895 3895 1003 884 3896 3896 995 885 3897 3897 1003 884 3898 3898 1001 883 3899 3899 1003 884 3900 3900 995 885 3901 3901 1002 886 3902 3902 994 887 3903 3903 1002 886 3904 3904 995 885 3905 3905 1002 886 3906 3906 994 887 3907 3907 1004 888 3908 3908 1004 888 3909 3909 994 887 3910 3910 996 889 3911 3911 986 890 3912 3912 996 889 3913 3913 994 887 3914 3914 996 889 3915 3915 986 890 3916 3916 988 891 3917 3917 978 892 3918 3918 988 891 3919 3919 986 890 3920 3920 988 891 3921 3921 978 892 3922 3922 980 893 3923 3923 970 894 3924 3924 980 893 3925 3925 978 892 3926 3926 980 893 3927 3927 970 894 3928 3928 972 895 3929 3929 962 896 3930 3930 972 895 3931 3931 970 894 3932 3932 972 895 3933 3933 962 896 3934 3934 964 897 3935 3935 954 898 3936 3936 964 897 3937 3937 962 896 3938 3938 964 897 3939 3939 954 898 3940 3940 956 899 3941 3941 946 900 3942 3942 956 899 3943 3943 954 898 3944 3944 956 899 3945 3945 946 900 3946 3946 948 901 3947 3947 938 902 3948 3948 948 901 3949 3949 946 900 3950 3950 948 901 3951 3951 938 902 3952 3952 940 903 3953 3953 930 904 3954 3954 940 903 3955 3955 938 902 3956 3956 940 903 3957 3957 930 904 3958 3958 932 905 3959 3959 922 906 3960 3960 932 905 3961 3961 930 904 3962 3962 932 905 3963 3963 922 906 3964 3964 924 907 3965 3965 914 908 3966 3966 924 907 3967 3967 922 906 3968 3968 924 907 3969 3969 914 908 3970 3970 916 909 3971 3971 906 910 3972 3972 916 909 3973 3973 914 908 3974 3974 916 909 3975 3975 906 910 3976 3976 908 911 3977 3977 898 912 3978 3978 908 911 3979 3979 906 910 3980 3980 908 911 3981 3981 898 912 3982 3982 900 913 3983 3983 890 914 3984 3984 900 913 3985 3985 898 912 3986 3986 900 913 3987 3987 890 914 3988 3988 892 915 3989 3989 874 916 3990 3990 892 915 3991 3991 890 914 3992 3992 892 915 3993 3993 874 916 3994 3994 878 917 3995 3995 877 918 3996 3996 878 917 3997 3997 874 916 3998 3998 878 917 3999 3999 877 918 4000 4000 879 919 4001 4001 1130 920 4002 4002 879 919 4003 4003 877 918 4004 4004 879 919 4005 4005 1130 920 4006 4006 1132 921 4007 4007 1122 922 4008 4008 1132 921 4009 4009 1130 920 4010 4010 1132 921 4011 4011 1122 922 4012 4012 1124 923 4013 4013 1114 924 4014 4014 1124 923 4015 4015 1122 922 4016 4016 1124 923 4017 4017 1114 924 4018 4018 1116 925 4019 4019 1106 926 4020 4020 1116 925 4021 4021 1114 924 4022 4022 1116 925 4023 4023 1106 926 4024 4024 1108 927 4025 4025 1098 928 4026 4026 1108 927 4027 4027 1106 926 4028 4028 1108 927 4029 4029 1098 928 4030 4030 1100 929 4031 4031 1090 930 4032 4032 1100 929 4033 4033 1098 928 4034 4034 1100 929 4035 4035 1090 930 4036 4036 1092 931 4037 4037 1082 932 4038 4038 1092 931 4039 4039 1090 930 4040 4040 1092 931 4041 4041 1082 932 4042 4042 1084 933 4043 4043 1074 934 4044 4044 1084 933 4045 4045 1082 932 4046 4046 1084 933 4047 4047 1074 934 4048 4048 1076 935 4049 4049 1066 936 4050 4050 1076 935 4051 4051 1074 934 4052 4052 1076 935 4053 4053 1066 936 4054 4054 1068 937 4055 4055 1058 938 4056 4056 1068 937 4057 4057 1066 936 4058 4058 1068 937 4059 4059 1058 938 4060 4060 1060 939 4061 4061 1050 940 4062 4062 1060 939 4063 4063 1058 938 4064 4064 1060 939 4065 4065 1050 940 4066 4066 1052 941 4067 4067 1042 942 4068 4068 1052 941 4069 4069 1050 940 4070 4070 1052 941 4071 4071 1042 942 4072 4072 1044 943 4073 4073 1034 944 4074 4074 1044 943 4075 4075 1042 942 4076 4076 1044 943 4077 4077 1034 944 4078 4078 1036 945 4079 4079 1026 946 4080 4080 1036 945 4081 4081 1034 944 4082 4082 1036 945 4083 4083 1026 946 4084 4084 1028 947 4085 4085 1010 948 4086 4086 1028 947 4087 4087 1026 946 4088 4088 1028 947 4089 4089 1010 948 4090 4090 1014 949 4091 4091 1013 950 4092 4092 1014 949 4093 4093 1010 948 4094 4094 1014 949 4095 4095 1013 950 4096 4096 1015 951 4097 4097 1010 948 4098 4098 1011 952 4099 4099 1013 950 4100 4100 1012 953 4101 4101 1011 952 4102 4102 1010 948 4103 4103 1011 952 4104 4104 1012 953 4105 4105 1025 954 4106 4106 1024 955 4107 4107 1025 954 4108 4108 1012 953 4109 4109 1025 954 4110 4110 1024 955 4111 4111 1023 956 4112 4112 1022 957 4113 4113 1023 956 4114 4114 1024 955 4115 4115 1023 956 4116 4116 1022 957 4117 4117 1021 958 4118 4118 1020 959 4119 4119 1021 958 4120 4120 1022 957 4121 4121 1021 958 4122 4122 1020 959 4123 4123 1018 960 4124 4124 1017 961 4125 4125 1018 960 4126 4126 1020 959 4127 4127 1018 960 4128 4128 1017 961 4129 4129 1016 962 4130 4130 1016 962 4131 4131 1017 961 4132 4132 1019 963 4133 4133 1029 964 4134 4134 1019 963 4135 4135 1017 961 4136 4136 1019 963 4137 4137 1029 964 4138 4138 1030 965 4139 4139 1037 966 4140 4140 1030 965 4141 4141 1029 964 4142 4142 1030 965 4143 4143 1037 966 4144 4144 1038 967 4145 4145 1045 968 4146 4146 1038 967 4147 4147 1037 966 4148 4148 1038 967 4149 4149 1045 968 4150 4150 1046 969 4151 4151 1053 970 4152 4152 1046 969 4153 4153 1045 968 4154 4154 1046 969 4155 4155 1053 970 4156 4156 1054 971 4157 4157 1061 972 4158 4158 1054 971 4159 4159 1053 970 4160 4160 1054 971 4161 4161 1061 972 4162 4162 1062 973 4163 4163 1069 974 4164 4164 1062 973 4165 4165 1061 972 4166 4166 1062 973 4167 4167 1069 974 4168 4168 1070 975 4169 4169 1077 976 4170 4170 1070 975 4171 4171 1069 974 4172 4172 1070 975 4173 4173 1077 976 4174 4174 1078 977 4175 4175 1085 978 4176 4176 1078 977 4177 4177 1077 976 4178 4178 1078 977 4179 4179 1085 978 4180 4180 1086 979 4181 4181 1093 980 4182 4182 1086 979 4183 4183 1085 978 4184 4184 1086 979 4185 4185 1093 980 4186 4186 1094 981 4187 4187 1101 982 4188 4188 1094 981 4189 4189 1093 980 4190 4190 1094 981 4191 4191 1101 982 4192 4192 1102 983 4193 4193 1109 984 4194 4194 1102 983 4195 4195 1101 982 4196 4196 1102 983 4197 4197 1109 984 4198 4198 1110 985 4199 4199 1117 986 4200 4200 1110 985 4201 4201 1109 984 4202 4202 1110 985 4203 4203 1117 986 4204 4204 1118 987 4205 4205 1125 988 4206 4206 1118 987 4207 4207 1117 986 4208 4208 1118 987 4209 4209 1125 988 4210 4210 1126 989 4211 4211 1133 990 4212 4212 1126 989 4213 4213 1125 988 4214 4214 1126 989 4215 4215 1133 990 4216 4216 1134 991 4217 4217 882 992 4218 4218 1134 991 4219 4219 1133 990 4220 4220 1134 991 4221 4221 882 992 4222 4222 880 993 4223 4223 881 994 4224 4224 880 993 4225 4225 882 992 4226 4226 880 993 4227 4227 881 994 4228 4228 883 995 4229 4229 893 996 4230 4230 883 995 4231 4231 881 994 4232 4232 883 995 4233 4233 893 996 4234 4234 894 997 4235 4235 901 998 4236 4236 894 997 4237 4237 893 996 4238 4238 894 997 4239 4239 901 998 4240 4240 902 999 4241 4241 909 1000 4242 4242 902 999 4243 4243 901 998 4244 4244 902 999 4245 4245 909 1000 4246 4246 910 1001 4247 4247 917 1002 4248 4248 910 1001 4249 4249 909 1000 4250 4250 910 1001 4251 4251 917 1002 4252 4252 918 1003 4253 4253 925 1004 4254 4254 918 1003 4255 4255 917 1002 4256 4256 918 1003 4257 4257 925 1004 4258 4258 926 1005 4259 4259 933 1006 4260 4260 926 1005 4261 4261 925 1004 4262 4262 926 1005 4263 4263 933 1006 4264 4264 934 1007 4265 4265 941 1008 4266 4266 934 1007 4267 4267 933 1006 4268 4268 934 1007 4269 4269 941 1008 4270 4270 942 1009 4271 4271 949 1010 4272 4272 942 1009 4273 4273 941 1008 4274 4274 942 1009 4275 4275 949 1010 4276 4276 950 1011 4277 4277 957 1012 4278 4278 950 1011 4279 4279 949 1010 4280 4280 950 1011 4281 4281 957 1012 4282 4282 958 1013 4283 4283 965 1014 4284 4284 958 1013 4285 4285 957 1012 4286 4286 958 1013 4287 4287 965 1014 4288 4288 966 1015 4289 4289 973 1016 4290 4290 966 1015 4291 4291 965 1014 4292 4292 966 1015 4293 4293 973 1016 4294 4294 974 1017 4295 4295 981 1018 4296 4296 974 1017 4297 4297 973 1016 4298 4298 974 1017 4299 4299 981 1018 4300 4300 982 1019 4301 4301 989 1020 4302 4302 982 1019 4303 4303 981 1018 4304 4304 982 1019 4305 4305 989 1020 4306 4306 990 1021 4307 4307 997 877 4308 4308 990 1021 4309 4309 989 1020 4310 4310 990 1021 4311 4311 997 877 4312 4312 998 874 4313 4313 989 1020 4314 4314 999 879 4315 4315 997 877 4316 4316 991 1022 4317 4317 999 879 4318 4318 989 1020 4319 4319 999 879 4320 4320 991 1022 4321 4321 1000 881 4322 4322 992 1023 4323 4323 1000 881 4324 4324 991 1022 4325 4325 1000 881 4326 4326 992 1023 4327 4327 1001 883 4328 4328 993 1024 4329 4329 1001 883 4330 4330 992 1023 4331 4331 1001 883 4332 4332 993 1024 4333 4333 995 885 4334 4334 987 1025 4335 4335 995 885 4336 4336 993 1024 4337 4337 995 885 4338 4338 987 1025 4339 4339 994 887 4340 4340 994 887 4341 4341 987 1025 4342 4342 986 890 4343 4343 979 1026 4344 4344 986 890 4345 4345 987 1025 4346 4346 986 890 4347 4347 979 1026 4348 4348 978 892 4349 4349 971 1027 4350 4350 978 892 4351 4351 979 1026 4352 4352 978 892 4353 4353 971 1027 4354 4354 970 894 4355 4355 963 1028 4356 4356 970 894 4357 4357 971 1027 4358 4358 970 894 4359 4359 963 1028 4360 4360 962 896 4361 4361 955 1029 4362 4362 962 896 4363 4363 963 1028 4364 4364 962 896 4365 4365 955 1029 4366 4366 954 898 4367 4367 947 1030 4368 4368 954 898 4369 4369 955 1029 4370 4370 954 898 4371 4371 947 1030 4372 4372 946 900 4373 4373 939 1031 4374 4374 946 900 4375 4375 947 1030 4376 4376 946 900 4377 4377 939 1031 4378 4378 938 902 4379 4379 931 1032 4380 4380 938 902 4381 4381 939 1031 4382 4382 938 902 4383 4383 931 1032 4384 4384 930 904 4385 4385 923 1033 4386 4386 930 904 4387 4387 931 1032 4388 4388 930 904 4389 4389 923 1033 4390 4390 922 906 4391 4391 915 1034 4392 4392 922 906 4393 4393 923 1033 4394 4394 922 906 4395 4395 915 1034 4396 4396 914 908 4397 4397 907 1035 4398 4398 914 908 4399 4399 915 1034 4400 4400 914 908 4401 4401 907 1035 4402 4402 906 910 4403 4403 899 1036 4404 4404 906 910 4405 4405 907 1035 4406 4406 906 910 4407 4407 899 1036 4408 4408 898 912 4409 4409 891 1037 4410 4410 898 912 4411 4411 899 1036 4412 4412 898 912 4413 4413 891 1037 4414 4414 890 914 4415 4415 876 1038 4416 4416 890 914 4417 4417 891 1037 4418 4418 890 914 4419 4419 876 1038 4420 4420 874 916 4421 4421 875 1039 4422 4422 874 916 4423 4423 876 1038 4424 4424 874 916 4425 4425 875 1039 4426 4426 877 918 4427 4427 1131 1040 4428 4428 877 918 4429 4429 875 1039 4430 4430 877 918 4431 4431 1131 1040 4432 4432 1130 920 4433 4433 1123 1041 4434 4434 1130 920 4435 4435 1131 1040 4436 4436 1130 920 4437 4437 1123 1041 4438 4438 1122 922 4439 4439 1115 1042 4440 4440 1122 922 4441 4441 1123 1041 4442 4442 1122 922 4443 4443 1115 1042 4444 4444 1114 924 4445 4445 1107 1043 4446 4446 1114 924 4447 4447 1115 1042 4448 4448 1114 924 4449 4449 1107 1043 4450 4450 1106 926 4451 4451 1099 1044 4452 4452 1106 926 4453 4453 1107 1043 4454 4454 1106 926 4455 4455 1099 1044 4456 4456 1098 928 4457 4457 1091 1045 4458 4458 1098 928 4459 4459 1099 1044 4460 4460 1098 928 4461 4461 1091 1045 4462 4462 1090 930 4463 4463 1083 1046 4464 4464 1090 930 4465 4465 1091 1045 4466 4466 1090 930 4467 4467 1083 1046 4468 4468 1082 932 4469 4469 1075 1047 4470 4470 1082 932 4471 4471 1083 1046 4472 4472 1082 932 4473 4473 1075 1047 4474 4474 1074 934 4475 4475 1067 1048 4476 4476 1074 934 4477 4477 1075 1047 4478 4478 1074 934 4479 4479 1067 1048 4480 4480 1066 936 4481 4481 1059 1049 4482 4482 1066 936 4483 4483 1067 1048 4484 4484 1066 936 4485 4485 1059 1049 4486 4486 1058 938 4487 4487 1051 1050 4488 4488 1058 938 4489 4489 1059 1049 4490 4490 1058 938 4491 4491 1051 1050 4492 4492 1050 940 4493 4493 1043 1051 4494 4494 1050 940 4495 4495 1051 1050 4496 4496 1050 940 4497 4497 1043 1051 4498 4498 1042 942 4499 4499 1035 1052 4500 4500 1042 942 4501 4501 1043 1051 4502 4502 1042 942 4503 4503 1035 1052 4504 4504 1034 944 4505 4505 1027 1053 4506 4506 1034 944 4507 4507 1035 1052 4508 4508 1034 944 4509 4509 1027 1053 4510 4510 1026 946 4511 4511 1012 953 4512 4512 1026 946 4513 4513 1027 1053 4514 4514 1026 946 4515 4515 1012 953 4516 4516 1010 948 4517 4517 1027 1053 4518 4518 1024 955 4519 4519 1012 953 4520 4520 1033 1054 4521 4521 1024 955 4522 4522 1027 1053 4523 4523 1024 955 4524 4524 1033 1054 4525 4525 1022 957 4526 4526 1032 1055 4527 4527 1022 957 4528 4528 1033 1054 4529 4529 1022 957 4530 4530 1032 1055 4531 4531 1020 959 4532 4532 1031 1056 4533 4533 1020 959 4534 4534 1032 1055 4535 4535 1020 959 4536 4536 1031 1056 4537 4537 1017 961 4538 4538 1017 961 4539 4539 1031 1056 4540 4540 1029 964 4541 4541 1039 1057 4542 4542 1029 964 4543 4543 1031 1056 4544 4544 1029 964 4545 4545 1039 1057 4546 4546 1037 966 4547 4547 1047 1058 4548 4548 1037 966 4549 4549 1039 1057 4550 4550 1037 966 4551 4551 1047 1058 4552 4552 1045 968 4553 4553 1055 1059 4554 4554 1045 968 4555 4555 1047 1058 4556 4556 1045 968 4557 4557 1055 1059 4558 4558 1053 970 4559 4559 1063 1060 4560 4560 1053 970 4561 4561 1055 1059 4562 4562 1053 970 4563 4563 1063 1060 4564 4564 1061 972 4565 4565 1071 1061 4566 4566 1061 972 4567 4567 1063 1060 4568 4568 1061 972 4569 4569 1071 1061 4570 4570 1069 974 4571 4571 1079 1062 4572 4572 1069 974 4573 4573 1071 1061 4574 4574 1069 974 4575 4575 1079 1062 4576 4576 1077 976 4577 4577 1087 1063 4578 4578 1077 976 4579 4579 1079 1062 4580 4580 1077 976 4581 4581 1087 1063 4582 4582 1085 978 4583 4583 1095 1064 4584 4584 1085 978 4585 4585 1087 1063 4586 4586 1085 978 4587 4587 1095 1064 4588 4588 1093 980 4589 4589 1103 1065 4590 4590 1093 980 4591 4591 1095 1064 4592 4592 1093 980 4593 4593 1103 1065 4594 4594 1101 982 4595 4595 1111 1066 4596 4596 1101 982 4597 4597 1103 1065 4598 4598 1101 982 4599 4599 1111 1066 4600 4600 1109 984 4601 4601 1119 1067 4602 4602 1109 984 4603 4603 1111 1066 4604 4604 1109 984 4605 4605 1119 1067 4606 4606 1117 986 4607 4607 1127 1068 4608 4608 1117 986 4609 4609 1119 1067 4610 4610 1117 986 4611 4611 1127 1068 4612 4612 1125 988 4613 4613 1135 1069 4614 4614 1125 988 4615 4615 1127 1068 4616 4616 1125 988 4617 4617 1135 1069 4618 4618 1133 990 4619 4619 885 1070 4620 4620 1133 990 4621 4621 1135 1069 4622 4622 1133 990 4623 4623 885 1070 4624 4624 882 992 4625 4625 884 1071 4626 4626 882 992 4627 4627 885 1070 4628 4628 882 992 4629 4629 884 1071 4630 4630 881 994 4631 4631 895 1072 4632 4632 881 994 4633 4633 884 1071 4634 4634 881 994 4635 4635 895 1072 4636 4636 893 996 4637 4637 903 1073 4638 4638 893 996 4639 4639 895 1072 4640 4640 893 996 4641 4641 903 1073 4642 4642 901 998 4643 4643 911 1074 4644 4644 901 998 4645 4645 903 1073 4646 4646 901 998 4647 4647 911 1074 4648 4648 909 1000 4649 4649 919 1075 4650 4650 909 1000 4651 4651 911 1074 4652 4652 909 1000 4653 4653 919 1075 4654 4654 917 1002 4655 4655 927 1076 4656 4656 917 1002 4657 4657 919 1075 4658 4658 917 1002 4659 4659 927 1076 4660 4660 925 1004 4661 4661 935 1077 4662 4662 925 1004 4663 4663 927 1076 4664 4664 925 1004 4665 4665 935 1077 4666 4666 933 1006 4667 4667 943 1078 4668 4668 933 1006 4669 4669 935 1077 4670 4670 933 1006 4671 4671 943 1078 4672 4672 941 1008 4673 4673 951 1079 4674 4674 941 1008 4675 4675 943 1078 4676 4676 941 1008 4677 4677 951 1079 4678 4678 949 1010 4679 4679 959 1080 4680 4680 949 1010 4681 4681 951 1079 4682 4682 949 1010 4683 4683 959 1080 4684 4684 957 1012 4685 4685 967 1081 4686 4686 957 1012 4687 4687 959 1080 4688 4688 957 1012 4689 4689 967 1081 4690 4690 965 1014 4691 4691 975 1082 4692 4692 965 1014 4693 4693 967 1081 4694 4694 965 1014 4695 4695 975 1082 4696 4696 973 1016 4697 4697 983 1083 4698 4698 973 1016 4699 4699 975 1082 4700 4700 973 1016 4701 4701 983 1083 4702 4702 981 1018 4703 4703 991 1022 4704 4704 981 1018 4705 4705 983 1083 4706 4706 981 1018 4707 4707 991 1022 4708 4708 989 1020 4709 4709 983 1083 4710 4710 992 1023 4711 4711 991 1022 4712 4712 984 1084 4713 4713 992 1023 4714 4714 983 1083 4715 4715 992 1023 4716 4716 984 1084 4717 4717 993 1024 4718 4718 985 1085 4719 4719 993 1024 4720 4720 984 1084 4721 4721 993 1024 4722 4722 985 1085 4723 4723 987 1025 4724 4724 987 1025 4725 4725 985 1085 4726 4726 979 1026 4727 4727 977 1086 4728 4728 979 1026 4729 4729 985 1085 4730 4730 979 1026 4731 4731 977 1086 4732 4732 971 1027 4733 4733 969 1087 4734 4734 971 1027 4735 4735 977 1086 4736 4736 971 1027 4737 4737 969 1087 4738 4738 963 1028 4739 4739 961 1088 4740 4740 963 1028 4741 4741 969 1087 4742 4742 963 1028 4743 4743 961 1088 4744 4744 955 1029 4745 4745 953 1089 4746 4746 955 1029 4747 4747 961 1088 4748 4748 955 1029 4749 4749 953 1089 4750 4750 947 1030 4751 4751 945 1090 4752 4752 947 1030 4753 4753 953 1089 4754 4754 947 1030 4755 4755 945 1090 4756 4756 939 1031 4757 4757 937 1091 4758 4758 939 1031 4759 4759 945 1090 4760 4760 939 1031 4761 4761 937 1091 4762 4762 931 1032 4763 4763 929 1092 4764 4764 931 1032 4765 4765 937 1091 4766 4766 931 1032 4767 4767 929 1092 4768 4768 923 1033 4769 4769 921 1093 4770 4770 923 1033 4771 4771 929 1092 4772 4772 923 1033 4773 4773 921 1093 4774 4774 915 1034 4775 4775 913 1094 4776 4776 915 1034 4777 4777 921 1093 4778 4778 915 1034 4779 4779 913 1094 4780 4780 907 1035 4781 4781 905 1095 4782 4782 907 1035 4783 4783 913 1094 4784 4784 907 1035 4785 4785 905 1095 4786 4786 899 1036 4787 4787 897 1096 4788 4788 899 1036 4789 4789 905 1095 4790 4790 899 1036 4791 4791 897 1096 4792 4792 891 1037 4793 4793 888 1097 4794 4794 891 1037 4795 4795 897 1096 4796 4796 891 1037 4797 4797 888 1097 4798 4798 876 1038 4799 4799 889 1098 4800 4800 876 1038 4801 4801 888 1097 4802 4802 876 1038 4803 4803 889 1098 4804 4804 875 1039 4805 4805 1137 1099 4806 4806 875 1039 4807 4807 889 1098 4808 4808 875 1039 4809 4809 1137 1099 4810 4810 1131 1040 4811 4811 1129 1100 4812 4812 1131 1040 4813 4813 1137 1099 4814 4814 1131 1040 4815 4815 1129 1100 4816 4816 1123 1041 4817 4817 1121 1101 4818 4818 1123 1041 4819 4819 1129 1100 4820 4820 1123 1041 4821 4821 1121 1101 4822 4822 1115 1042 4823 4823 1113 1102 4824 4824 1115 1042 4825 4825 1121 1101 4826 4826 1115 1042 4827 4827 1113 1102 4828 4828 1107 1043 4829 4829 1105 1103 4830 4830 1107 1043 4831 4831 1113 1102 4832 4832 1107 1043 4833 4833 1105 1103 4834 4834 1099 1044 4835 4835 1097 1104 4836 4836 1099 1044 4837 4837 1105 1103 4838 4838 1099 1044 4839 4839 1097 1104 4840 4840 1091 1045 4841 4841 1089 1105 4842 4842 1091 1045 4843 4843 1097 1104 4844 4844 1091 1045 4845 4845 1089 1105 4846 4846 1083 1046 4847 4847 1081 1106 4848 4848 1083 1046 4849 4849 1089 1105 4850 4850 1083 1046 4851 4851 1081 1106 4852 4852 1075 1047 4853 4853 1073 1107 4854 4854 1075 1047 4855 4855 1081 1106 4856 4856 1075 1047 4857 4857 1073 1107 4858 4858 1067 1048 4859 4859 1065 1108 4860 4860 1067 1048 4861 4861 1073 1107 4862 4862 1067 1048 4863 4863 1065 1108 4864 4864 1059 1049 4865 4865 1057 1109 4866 4866 1059 1049 4867 4867 1065 1108 4868 4868 1059 1049 4869 4869 1057 1109 4870 4870 1051 1050 4871 4871 1049 1110 4872 4872 1051 1050 4873 4873 1057 1109 4874 4874 1051 1050 4875 4875 1049 1110 4876 4876 1043 1051 4877 4877 1041 1111 4878 4878 1043 1051 4879 4879 1049 1110 4880 4880 1043 1051 4881 4881 1041 1111 4882 4882 1035 1052 4883 4883 1033 1054 4884 4884 1035 1052 4885 4885 1041 1111 4886 4886 1035 1052 4887 4887 1033 1054 4888 4888 1027 1053 4889 4889 1041 1111 4890 4890 1032 1055 4891 4891 1033 1054 4892 4892 1040 1112 4893 4893 1032 1055 4894 4894 1041 1111 4895 4895 1032 1055 4896 4896 1040 1112 4897 4897 1031 1056 4898 4898 1031 1056 4899 4899 1040 1112 4900 4900 1039 1057 4901 4901 1048 1113 4902 4902 1039 1057 4903 4903 1040 1112 4904 4904 1039 1057 4905 4905 1048 1113 4906 4906 1047 1058 4907 4907 1056 1114 4908 4908 1047 1058 4909 4909 1048 1113 4910 4910 1047 1058 4911 4911 1056 1114 4912 4912 1055 1059 4913 4913 1064 1115 4914 4914 1055 1059 4915 4915 1056 1114 4916 4916 1055 1059 4917 4917 1064 1115 4918 4918 1063 1060 4919 4919 1072 1116 4920 4920 1063 1060 4921 4921 1064 1115 4922 4922 1063 1060 4923 4923 1072 1116 4924 4924 1071 1061 4925 4925 1080 1117 4926 4926 1071 1061 4927 4927 1072 1116 4928 4928 1071 1061 4929 4929 1080 1117 4930 4930 1079 1062 4931 4931 1088 1118 4932 4932 1079 1062 4933 4933 1080 1117 4934 4934 1079 1062 4935 4935 1088 1118 4936 4936 1087 1063 4937 4937 1096 1119 4938 4938 1087 1063 4939 4939 1088 1118 4940 4940 1087 1063 4941 4941 1096 1119 4942 4942 1095 1064 4943 4943 1104 1120 4944 4944 1095 1064 4945 4945 1096 1119 4946 4946 1095 1064 4947 4947 1104 1120 4948 4948 1103 1065 4949 4949 1112 1121 4950 4950 1103 1065 4951 4951 1104 1120 4952 4952 1103 1065 4953 4953 1112 1121 4954 4954 1111 1066 4955 4955 1120 1122 4956 4956 1111 1066 4957 4957 1112 1121 4958 4958 1111 1066 4959 4959 1120 1122 4960 4960 1119 1067 4961 4961 1128 1123 4962 4962 1119 1067 4963 4963 1120 1122 4964 4964 1119 1067 4965 4965 1128 1123 4966 4966 1127 1068 4967 4967 1136 1124 4968 4968 1127 1068 4969 4969 1128 1123 4970 4970 1127 1068 4971 4971 1136 1124 4972 4972 1135 1069 4973 4973 887 1125 4974 4974 1135 1069 4975 4975 1136 1124 4976 4976 1135 1069 4977 4977 887 1125 4978 4978 885 1070 4979 4979 886 1126 4980 4980 885 1070 4981 4981 887 1125 4982 4982 885 1070 4983 4983 886 1126 4984 4984 884 1071 4985 4985 896 1127 4986 4986 884 1071 4987 4987 886 1126 4988 4988 884 1071 4989 4989 896 1127 4990 4990 895 1072 4991 4991 904 1128 4992 4992 895 1072 4993 4993 896 1127 4994 4994 895 1072 4995 4995 904 1128 4996 4996 903 1073 4997 4997 912 1129 4998 4998 903 1073 4999 4999 904 1128 5000 5000 903 1073 5001 5001 912 1129 5002 5002 911 1074 5003 5003 920 1130 5004 5004 911 1074 5005 5005 912 1129 5006 5006 911 1074 5007 5007 920 1130 5008 5008 919 1075 5009 5009 928 1131 5010 5010 919 1075 5011 5011 920 1130 5012 5012 919 1075 5013 5013 928 1131 5014 5014 927 1076 5015 5015 936 1132 5016 5016 927 1076 5017 5017 928 1131 5018 5018 927 1076 5019 5019 936 1132 5020 5020 935 1077 5021 5021 944 1133 5022 5022 935 1077 5023 5023 936 1132 5024 5024 935 1077 5025 5025 944 1133 5026 5026 943 1078 5027 5027 952 1134 5028 5028 943 1078 5029 5029 944 1133 5030 5030 943 1078 5031 5031 952 1134 5032 5032 951 1079 5033 5033 960 1135 5034 5034 951 1079 5035 5035 952 1134 5036 5036 951 1079 5037 5037 960 1135 5038 5038 959 1080 5039 5039 968 1136 5040 5040 959 1080 5041 5041 960 1135 5042 5042 959 1080 5043 5043 968 1136 5044 5044 967 1081 5045 5045 976 1137 5046 5046 967 1081 5047 5047 968 1136 5048 5048 967 1081 5049 5049 976 1137 5050 5050 975 1082 5051 5051 984 1084 5052 5052 975 1082 5053 5053 976 1137 5054 5054 975 1082 5055 5055 984 1084 5056 5056 983 1083 5057 5057 976 1137 5058 5058 985 1085 5059 5059 984 1084 5060 5060 985 1085 5061 5061 976 1137 5062 5062 977 1086 5063 5063 968 1136 5064 5064 977 1086 5065 5065 976 1137 5066 5066 977 1086 5067 5067 968 1136 5068 5068 969 1087 5069 5069 960 1135 5070 5070 969 1087 5071 5071 968 1136 5072 5072 969 1087 5073 5073 960 1135 5074 5074 961 1088 5075 5075 952 1134 5076 5076 961 1088 5077 5077 960 1135 5078 5078 961 1088 5079 5079 952 1134 5080 5080 953 1089 5081 5081 944 1133 5082 5082 953 1089 5083 5083 952 1134 5084 5084 953 1089 5085 5085 944 1133 5086 5086 945 1090 5087 5087 936 1132 5088 5088 945 1090 5089 5089 944 1133 5090 5090 945 1090 5091 5091 936 1132 5092 5092 937 1091 5093 5093 928 1131 5094 5094 937 1091 5095 5095 936 1132 5096 5096 937 1091 5097 5097 928 1131 5098 5098 929 1092 5099 5099 920 1130 5100 5100 929 1092 5101 5101 928 1131 5102 5102 929 1092 5103 5103 920 1130 5104 5104 921 1093 5105 5105 912 1129 5106 5106 921 1093 5107 5107 920 1130 5108 5108 921 1093 5109 5109 912 1129 5110 5110 913 1094 5111 5111 904 1128 5112 5112 913 1094 5113 5113 912 1129 5114 5114 913 1094 5115 5115 904 1128 5116 5116 905 1095 5117 5117 896 1127 5118 5118 905 1095 5119 5119 904 1128 5120 5120 905 1095 5121 5121 896 1127 5122 5122 897 1096 5123 5123 886 1126 5124 5124 897 1096 5125 5125 896 1127 5126 5126 897 1096 5127 5127 886 1126 5128 5128 888 1097 5129 5129 887 1125 5130 5130 888 1097 5131 5131 886 1126 5132 5132 888 1097 5133 5133 887 1125 5134 5134 889 1098 5135 5135 1136 1124 5136 5136 889 1098 5137 5137 887 1125 5138 5138 889 1098 5139 5139 1136 1124 5140 5140 1137 1099 5141 5141 1128 1123 5142 5142 1137 1099 5143 5143 1136 1124 5144 5144 1137 1099 5145 5145 1128 1123 5146 5146 1129 1100 5147 5147 1120 1122 5148 5148 1129 1100 5149 5149 1128 1123 5150 5150 1129 1100 5151 5151 1120 1122 5152 5152 1121 1101 5153 5153 1112 1121 5154 5154 1121 1101 5155 5155 1120 1122 5156 5156 1121 1101 5157 5157 1112 1121 5158 5158 1113 1102 5159 5159 1104 1120 5160 5160 1113 1102 5161 5161 1112 1121 5162 5162 1113 1102 5163 5163 1104 1120 5164 5164 1105 1103 5165 5165 1096 1119 5166 5166 1105 1103 5167 5167 1104 1120 5168 5168 1105 1103 5169 5169 1096 1119 5170 5170 1097 1104 5171 5171 1088 1118 5172 5172 1097 1104 5173 5173 1096 1119 5174 5174 1097 1104 5175 5175 1088 1118 5176 5176 1089 1105 5177 5177 1080 1117 5178 5178 1089 1105 5179 5179 1088 1118 5180 5180 1089 1105 5181 5181 1080 1117 5182 5182 1081 1106 5183 5183 1072 1116 5184 5184 1081 1106 5185 5185 1080 1117 5186 5186 1081 1106 5187 5187 1072 1116 5188 5188 1073 1107 5189 5189 1064 1115 5190 5190 1073 1107 5191 5191 1072 1116 5192 5192 1073 1107 5193 5193 1064 1115 5194 5194 1065 1108 5195 5195 1056 1114 5196 5196 1065 1108 5197 5197 1064 1115 5198 5198 1065 1108 5199 5199 1056 1114 5200 5200 1057 1109 5201 5201 1048 1113 5202 5202 1057 1109 5203 5203 1056 1114 5204 5204 1057 1109 5205 5205 1048 1113 5206 5206 1049 1110 5207 5207 1040 1112 5208 5208 1049 1110 5209 5209 1048 1113 5210 5210 1049 1110 5211 5211 1040 1112 5212 5212 1041 1111 5213 5213</p>
        </triangles>
        <triangles material="xsky_obj_timering_hand-material" count="101">
          <input semantic="VERTEX" source="#xsky_obj_timering_mesh-mesh-vertices" offset="0"/>
          <input semantic="NORMAL" source="#xsky_obj_timering_mesh-mesh-normals" offset="1"/>
          <input semantic="TEXCOORD" source="#xsky_obj_timering_mesh-mesh-map-0" offset="2" set="0"/>
          <input semantic="TEXCOORD" source="#xsky_obj_timering_mesh-mesh-map-1" offset="2" set="1"/>
          <input semantic="COLOR" source="#xsky_obj_timering_mesh-mesh-colors-Col" offset="3" set="0"/>
          <p>1139 1138 5214 5214 1152 1139 5215 5215 1153 1140 5216 5216 1152 1139 5217 5217 1139 1138 5218 5218 1140 1141 5219 5219 1140 1141 5220 5220 1139 1138 5221 5221 1138 1142 5222 5222 1141 1143 5223 5223 1138 1142 5224 5224 1139 1138 5225 5225 1138 1142 5226 5226 1141 1143 5227 5227 1142 1144 5228 5228 1143 1145 5229 5229 1142 1144 5230 5230 1141 1143 5231 5231 1142 1144 5232 5232 1143 1145 5233 5233 1144 1146 5234 5234 1145 1147 5235 5235 1144 1146 5236 5236 1143 1145 5237 5237 1144 1146 5238 5238 1145 1147 5239 5239 1146 1148 5240 5240 1147 1149 5241 5241 1146 1148 5242 5242 1145 1147 5243 5243 1154 1150 5244 5244 1146 1148 5245 5245 1147 1149 5246 5246 1146 1148 5247 5247 1154 1150 5248 5248 1155 1151 5249 5249 1150 1152 5250 5250 1156 1153 5251 5251 1157 1154 5252 5252 1156 1153 5253 5253 1150 1152 5254 5254 1148 1155 5255 5255 1149 1156 5256 5256 1148 1155 5257 5257 1150 1152 5258 5258 1148 1155 5259 5259 1149 1156 5260 5260 1151 1157 5261 5261 1158 1158 5262 5262 1151 1157 5263 5263 1149 1156 5264 5264 1160 1159 5265 5265 1159 1160 5266 5266 1161 1161 5267 5267 1162 1162 5268 5268 1159 1160 5269 5269 1160 1159 5270 5270 1159 1160 5271 5271 1162 1162 5272 5272 1163 1163 5273 5273 1164 1164 5274 5274 1163 1163 5275 5275 1162 1162 5276 5276 1163 1163 5277 5277 1164 1164 5278 5278 1165 1165 5279 5279 1166 1166 5280 5280 1165 1165 5281 5281 1164 1164 5282 5282 1165 1165 5283 5283 1166 1166 5284 5284 1167 1167 5285 5285 1168 1168 5286 5286 1167 1167 5287 5287 1166 1166 5288 5288 1167 1167 5289 5289 1168 1168 5290 5290 1169 1169 5291 5291 1170 1170 5292 5292 1169 1169 5293 5293 1168 1168 5294 5294 1169 1169 5295 5295 1170 1170 5296 5296 1171 1171 5297 5297 1172 1172 5298 5298 1171 1171 5299 5299 1170 1170 5300 5300 1171 1171 5301 5301 1172 1172 5302 5302 1173 1173 5303 5303 1174 1174 5304 5304 1173 1173 5305 5305 1172 1172 5306 5306 1173 1173 5307 5307 1174 1174 5308 5308 1175 1175 5309 5309 1176 1176 5310 5310 1175 1175 5311 5311 1174 1174 5312 5312 1175 1175 5313 5313 1176 1176 5314 5314 1177 1177 5315 5315 1178 1178 5316 5316 1177 1177 5317 5317 1176 1176 5318 5318 1177 1177 5319 5319 1178 1178 5320 5320 1179 1179 5321 5321 1180 1180 5322 5322 1179 1179 5323 5323 1178 1178 5324 5324 1179 1179 5325 5325 1180 1180 5326 5326 1181 1181 5327 5327 1182 1182 5328 5328 1181 1181 5329 5329 1180 1180 5330 5330 1181 1181 5331 5331 1182 1182 5332 5332 1161 1161 5333 5333 1160 1159 5334 5334 1161 1161 5335 5335 1182 1182 5336 5336 1187 1183 5337 5337 1188 1184 5338 5338 1189 1185 5339 5339 1186 1186 5340 5340 1188 1184 5341 5341 1187 1183 5342 5342 1188 1184 5343 5343 1186 1186 5344 5344 1208 1187 5345 5345 1184 1188 5346 5346 1208 1187 5347 5347 1186 1186 5348 5348 1208 1187 5349 5349 1184 1188 5350 5350 1207 1189 5351 5351 1206 1190 5352 5352 1207 1189 5353 5353 1184 1188 5354 5354 1207 1189 5355 5355 1206 1190 5356 5356 1205 1191 5357 5357 1204 1192 5358 5358 1205 1191 5359 5359 1206 1190 5360 5360 1205 1191 5361 5361 1204 1192 5362 5362 1203 1193 5363 5363 1202 1194 5364 5364 1203 1193 5365 5365 1204 1192 5366 5366 1203 1193 5367 5367 1202 1194 5368 5368 1201 1195 5369 5369 1200 1196 5370 5370 1201 1195 5371 5371 1202 1194 5372 5372 1201 1195 5373 5373 1200 1196 5374 5374 1199 1197 5375 5375 1198 1198 5376 5376 1199 1197 5377 5377 1200 1196 5378 5378 1199 1197 5379 5379 1198 1198 5380 5380 1197 1199 5381 5381 1196 1200 5382 5382 1197 1199 5383 5383 1198 1198 5384 5384 1197 1199 5385 5385 1196 1200 5386 5386 1195 1201 5387 5387 1194 1202 5388 5388 1195 1201 5389 5389 1196 1200 5390 5390 1195 1201 5391 5391 1194 1202 5392 5392 1193 1203 5393 5393 1192 1204 5394 5394 1193 1203 5395 5395 1194 1202 5396 5396 1193 1203 5397 5397 1192 1204 5398 5398 1191 1205 5399 5399 1190 1206 5400 5400 1191 1205 5401 5401 1192 1204 5402 5402 1191 1205 5403 5403 1190 1206 5404 5404 1189 1185 5405 5405 1189 1185 5406 5406 1190 1206 5407 5407 1187 1183 5408 5408 1211 1207 5409 5409 1187 1183 5410 5410 1190 1206 5411 5411 1187 1183 5412 5412 1211 1207 5413 5413 1186 1186 5414 5414 1183 1208 5415 5415 1186 1186 5416 5416 1211 1207 5417 5417 1186 1186 5418 5418 1183 1208 5419 5419 1184 1188 5420 5420 1185 1209 5421 5421 1184 1188 5422 5422 1183 1208 5423 5423 1184 1188 5424 5424 1185 1209 5425 5425 1206 1190 5426 5426 1215 1210 5427 5427 1206 1190 5428 5428 1185 1209 5429 5429 1216 1211 5430 5430 1206 1190 5431 5431 1215 1210 5432 5432 1206 1190 5433 5433 1216 1211 5434 5434 1204 1192 5435 5435 1204 1192 5436 5436 1216 1211 5437 5437 1202 1194 5438 5438 1217 1212 5439 5439 1202 1194 5440 5440 1216 1211 5441 5441 1202 1194 5442 5442 1217 1212 5443 5443 1200 1196 5444 5444 1219 1213 5445 5445 1200 1196 5446 5446 1217 1212 5447 5447 1218 1214 5448 5448 1200 1196 5449 5449 1219 1213 5450 5450 1200 1196 5451 5451 1218 1214 5452 5452 1198 1198 5453 5453 1198 1198 5454 5454 1218 1214 5455 5455 1196 1200 5456 5456 1210 1215 5457 5457 1196 1200 5458 5458 1218 1214 5459 5459 1209 1216 5460 5460 1196 1200 5461 5461 1210 1215 5462 5462 1196 1200 5463 5463 1209 1216 5464 5464 1194 1202 5465 5465 1213 1217 5466 5466 1194 1202 5467 5467 1209 1216 5468 5468 1194 1202 5469 5469 1213 1217 5470 5470 1192 1204 5471 5471 1192 1204 5472 5472 1213 1217 5473 5473 1190 1206 5474 5474 1212 1218 5475 5475 1190 1206 5476 5476 1213 1217 5477 5477 1190 1206 5478 5478 1212 1218 5479 5479 1211 1207 5480 5480 1214 1219 5481 5481 1211 1207 5482 5482 1212 1218 5483 5483 1211 1207 5484 5484 1214 1219 5485 5485 1183 1208 5486 5486 1183 1208 5487 5487 1214 1219 5488 5488 1185 1209 5489 5489 1185 1209 5490 5490 1214 1219 5491 5491 1215 1210 5492 5492 1215 1210 5493 5493 1214 1219 5494 5494 1216 1211 5495 5495 1216 1211 5496 5496 1214 1219 5497 5497 1217 1212 5498 5498 1217 1212 5499 5499 1214 1219 5500 5500 1219 1213 5501 5501 1219 1213 5502 5502 1214 1219 5503 5503 1218 1214 5504 5504 1218 1214 5505 5505 1214 1219 5506 5506 1210 1215 5507 5507 1210 1215 5508 5508 1214 1219 5509 5509 1209 1216 5510 5510 1209 1216 5511 5511 1214 1219 5512 5512 1213 1217 5513 5513 1212 1218 5514 5514 1213 1217 5515 5515 1214 1219 5516 5516</p>
        </triangles>
        <triangles material="xsky_obj_timering_edge-material" count="824">
          <input semantic="VERTEX" source="#xsky_obj_timering_mesh-mesh-vertices" offset="0"/>
          <input semantic="NORMAL" source="#xsky_obj_timering_mesh-mesh-normals" offset="1"/>
          <input semantic="TEXCOORD" source="#xsky_obj_timering_mesh-mesh-map-0" offset="2" set="0"/>
          <input semantic="TEXCOORD" source="#xsky_obj_timering_mesh-mesh-map-1" offset="2" set="1"/>
          <input semantic="COLOR" source="#xsky_obj_timering_mesh-mesh-colors-Col" offset="3" set="0"/>
          <p>1634 1220 5517 5517 1633 1220 5518 5518 1632 1220 5519 5519 1643 1220 5520 5520 1642 1220 5521 5521 1641 1220 5522 5522 1646 1220 5523 5523 1645 1220 5524 5524 1642 1220 5525 5525 1849 1221 5526 5526 1848 1222 5527 5527 1847 1223 5528 5528 1852 1224 5529 5529 1851 1225 5530 5530 1850 1226 5531 5531 1855 1227 5532 5532 1854 1228 5533 5533 1853 1229 5534 5534 1858 1230 5535 5535 1857 1231 5536 5536 1856 1232 5537 5537 1861 1233 5538 5538 1860 1234 5539 5539 1859 1235 5540 5540 1864 1236 5541 5541 1863 1237 5542 5542 1862 1238 5543 5543 1867 1239 5544 5544 1866 1240 5545 5545 1865 1241 5546 5546 1870 1242 5547 5547 1869 1243 5548 5548 1868 1244 5549 5549 1873 1245 5550 5550 1872 1246 5551 5551 1871 1247 5552 5552 1876 1248 5553 5553 1875 1249 5554 5554 1874 1249 5555 5555 1879 1250 5556 5556 1878 1251 5557 5557 1877 1252 5558 5558 1882 1253 5559 5559 1881 1254 5560 5560 1880 1255 5561 5561 1885 1256 5562 5562 1884 1257 5563 5563 1883 1258 5564 5564 1888 1259 5565 5565 1887 1260 5566 5566 1886 1261 5567 5567 1891 1262 5568 5568 1890 1263 5569 5569 1889 1264 5570 5570 1894 1265 5571 5571 1893 1266 5572 5572 1892 1267 5573 5573 1897 1268 5574 5574 1896 1269 5575 5575 1895 1270 5576 5576 1900 1271 5577 5577 1899 1272 5578 5578 1898 1273 5579 5579 1903 1274 5580 5580 1902 1275 5581 5581 1901 1276 5582 5582 1906 1277 5583 5583 1905 1278 5584 5584 1904 1279 5585 5585 1909 1280 5586 5586 1908 1281 5587 5587 1907 1282 5588 5588 1912 1283 5589 5589 1911 1284 5590 5590 1910 1285 5591 5591 1915 1286 5592 5592 1914 1287 5593 5593 1913 1288 5594 5594 1918 1289 5595 5595 1917 1290 5596 5596 1916 1291 5597 5597 1921 1292 5598 5598 1920 1293 5599 5599 1919 1294 5600 5600 1924 1295 5601 5601 1923 1296 5602 5602 1922 1297 5603 5603 1927 1298 5604 5604 1926 1299 5605 5605 1925 1300 5606 5606 1930 1301 5607 5607 1929 1302 5608 5608 1928 1303 5609 5609 1933 1304 5610 5610 1932 1305 5611 5611 1931 1306 5612 5612 1936 1307 5613 5613 1935 1308 5614 5614 1934 1309 5615 5615 1939 1310 5616 5616 1938 1311 5617 5617 1937 1312 5618 5618 1942 1313 5619 5619 1941 1314 5620 5620 1940 1315 5621 5621 1945 1316 5622 5622 1944 1317 5623 5623 1943 1316 5624 5624 1948 1318 5625 5625 1947 1319 5626 5626 1946 1320 5627 5627 1951 1321 5628 5628 1950 1322 5629 5629 1949 1323 5630 5630 1954 1324 5631 5631 1953 1325 5632 5632 1952 1326 5633 5633 1957 1327 5634 5634 1956 1328 5635 5635 1955 1329 5636 5636 1960 1330 5637 5637 1959 1331 5638 5638 1958 1332 5639 5639 1963 1333 5640 5640 1962 1334 5641 5641 1961 1335 5642 5642 1966 1336 5643 5643 1965 1337 5644 5644 1964 1338 5645 5645 1969 1339 5646 5646 1968 1340 5647 5647 1967 1341 5648 5648 1972 1342 5649 5649 1971 1343 5650 5650 1970 1344 5651 5651 1975 1345 5652 5652 1974 1346 5653 5653 1973 1347 5654 5654 1978 1348 5655 5655 1977 1348 5656 5656 1976 1349 5657 5657 1981 1350 5658 5658 1980 1351 5659 5659 1979 1352 5660 5660 1984 1353 5661 5661 1983 1354 5662 5662 1982 1355 5663 5663 1987 1356 5664 5664 1986 1357 5665 5665 1985 1358 5666 5666 1990 1359 5667 5667 1989 1360 5668 5668 1988 1361 5669 5669 1993 1362 5670 5670 1992 1363 5671 5671 1991 1364 5672 5672 1996 1365 5673 5673 1995 1366 5674 5674 1994 1367 5675 5675 1999 1368 5676 5676 1998 1369 5677 5677 1997 1370 5678 5678 2002 1371 5679 5679 2001 1372 5680 5680 2000 1373 5681 5681 2005 1374 5682 5682 2004 1375 5683 5683 2003 1376 5684 5684 2008 1377 5685 5685 2007 1378 5686 5686 2006 1379 5687 5687 2011 1380 5688 5688 2010 1381 5689 5689 2009 1382 5690 5690 2014 1383 5691 5691 2013 1384 5692 5692 2012 1385 5693 5693 2017 1386 5694 5694 2016 1387 5695 5695 2015 1388 5696 5696 2020 1389 5697 5697 2019 1390 5698 5698 2018 1391 5699 5699 2023 1392 5700 5700 2022 1393 5701 5701 2021 1394 5702 5702 2026 1395 5703 5703 2025 1396 5704 5704 2024 1397 5705 5705 2029 1398 5706 5706 2028 1399 5707 5707 2027 1400 5708 5708 2032 1401 5709 5709 2031 1402 5710 5710 2030 1403 5711 5711 2035 1404 5712 5712 2034 1405 5713 5713 2033 1406 5714 5714 2038 1407 5715 5715 2037 1408 5716 5716 2036 1409 5717 5717 1243 1410 5718 5718 1244 1411 5719 5719 1245 1412 5720 5720 1244 1411 5721 5721 1243 1410 5722 5722 1242 1413 5723 5723 1241 1414 5724 5724 1242 1413 5725 5725 1243 1410 5726 5726 1242 1413 5727 5727 1241 1414 5728 5728 1240 1415 5729 5729 1239 1416 5730 5730 1240 1415 5731 5731 1241 1414 5732 5732 1240 1415 5733 5733 1239 1416 5734 5734 1238 1417 5735 5735 1237 1418 5736 5736 1238 1417 5737 5737 1239 1416 5738 5738 1238 1417 5739 5739 1237 1418 5740 5740 1236 1419 5741 5741 1235 1420 5742 5742 1236 1419 5743 5743 1237 1418 5744 5744 1236 1419 5745 5745 1235 1420 5746 5746 1234 1421 5747 5747 1233 1422 5748 5748 1234 1421 5749 5749 1235 1420 5750 5750 1234 1421 5751 5751 1233 1422 5752 5752 1232 1423 5753 5753 1231 1424 5754 5754 1232 1423 5755 5755 1233 1422 5756 5756 1232 1423 5757 5757 1231 1424 5758 5758 1230 1425 5759 5759 1229 1426 5760 5760 1230 1425 5761 5761 1231 1424 5762 5762 1230 1425 5763 5763 1229 1426 5764 5764 1228 1427 5765 5765 1227 1428 5766 5766 1228 1427 5767 5767 1229 1426 5768 5768 1228 1427 5769 5769 1227 1428 5770 5770 1226 1429 5771 5771 1225 1430 5772 5772 1226 1429 5773 5773 1227 1428 5774 5774 1226 1429 5775 5775 1225 1430 5776 5776 1224 1431 5777 5777 1223 1432 5778 5778 1224 1431 5779 5779 1225 1430 5780 5780 1224 1431 5781 5781 1223 1432 5782 5782 1221 1433 5783 5783 1220 1434 5784 5784 1221 1433 5785 5785 1223 1432 5786 5786 1221 1433 5787 5787 1220 1434 5788 5788 1222 1435 5789 5789 1222 1435 5790 5790 1220 1434 5791 5791 1323 1436 5792 5792 1324 1437 5793 5793 1323 1436 5794 5794 1220 1434 5795 5795 1323 1436 5796 5796 1324 1437 5797 5797 1325 1438 5798 5798 1326 1439 5799 5799 1325 1438 5800 5800 1324 1437 5801 5801 1325 1438 5802 5802 1326 1439 5803 5803 1327 1440 5804 5804 1328 1441 5805 5805 1327 1440 5806 5806 1326 1439 5807 5807 1327 1440 5808 5808 1328 1441 5809 5809 1329 1442 5810 5810 1330 1443 5811 5811 1329 1442 5812 5812 1328 1441 5813 5813 1329 1442 5814 5814 1330 1443 5815 5815 1331 1444 5816 5816 1332 1445 5817 5817 1331 1444 5818 5818 1330 1443 5819 5819 1331 1444 5820 5820 1332 1445 5821 5821 1333 1446 5822 5822 1334 1447 5823 5823 1333 1446 5824 5824 1332 1445 5825 5825 1333 1446 5826 5826 1334 1447 5827 5827 1335 1448 5828 5828 1336 1449 5829 5829 1335 1448 5830 5830 1334 1447 5831 5831 1335 1448 5832 5832 1336 1449 5833 5833 1337 1450 5834 5834 1338 1451 5835 5835 1337 1450 5836 5836 1336 1449 5837 5837 1337 1450 5838 5838 1338 1451 5839 5839 1339 1452 5840 5840 1340 1453 5841 5841 1339 1452 5842 5842 1338 1451 5843 5843 1339 1452 5844 5844 1340 1453 5845 5845 1341 1454 5846 5846 1342 1455 5847 5847 1341 1454 5848 5848 1340 1453 5849 5849 1341 1454 5850 5850 1342 1455 5851 5851 1343 1456 5852 5852 1344 1457 5853 5853 1343 1456 5854 5854 1342 1455 5855 5855 1343 1456 5856 5856 1344 1457 5857 5857 1345 1458 5858 5858 1346 1459 5859 5859 1345 1458 5860 5860 1344 1457 5861 5861 1294 1460 5862 5862 1291 1461 5863 5863 1295 1462 5864 5864 1290 1463 5865 5865 1291 1461 5866 5866 1294 1460 5867 5867 1291 1461 5868 5868 1290 1463 5869 5869 1287 1464 5870 5870 1286 1465 5871 5871 1287 1464 5872 5872 1290 1463 5873 5873 1287 1464 5874 5874 1286 1465 5875 5875 1283 1466 5876 5876 1282 1467 5877 5877 1283 1466 5878 5878 1286 1465 5879 5879 1283 1466 5880 5880 1282 1467 5881 5881 1279 1468 5882 5882 1278 1469 5883 5883 1279 1468 5884 5884 1282 1467 5885 5885 1279 1468 5886 5886 1278 1469 5887 5887 1275 1470 5888 5888 1274 1471 5889 5889 1275 1470 5890 5890 1278 1469 5891 5891 1275 1470 5892 5892 1274 1471 5893 5893 1271 1472 5894 5894 1270 1473 5895 5895 1271 1472 5896 5896 1274 1471 5897 5897 1271 1472 5898 5898 1270 1473 5899 5899 1267 1474 5900 5900 1266 1475 5901 5901 1267 1474 5902 5902 1270 1473 5903 5903 1267 1474 5904 5904 1266 1475 5905 5905 1263 1476 5906 5906 1262 1477 5907 5907 1263 1476 5908 5908 1266 1475 5909 5909 1263 1476 5910 5910 1262 1477 5911 5911 1259 1478 5912 5912 1258 1479 5913 5913 1259 1478 5914 5914 1262 1477 5915 5915 1259 1478 5916 5916 1258 1479 5917 5917 1255 1480 5918 5918 1254 1481 5919 5919 1255 1480 5920 5920 1258 1479 5921 5921 1255 1480 5922 5922 1254 1481 5923 5923 1248 1482 5924 5924 1247 1483 5925 5925 1248 1482 5926 5926 1254 1481 5927 5927 1248 1482 5928 5928 1247 1483 5929 5929 1246 1484 5930 5930 1249 1485 5931 5931 1246 1484 5932 5932 1247 1483 5933 5933 1347 1486 5934 5934 1246 1484 5935 5935 1249 1485 5936 5936 1246 1484 5937 5937 1347 1486 5938 5938 1348 1487 5939 5939 1351 1488 5940 5940 1348 1487 5941 5941 1347 1486 5942 5942 1348 1487 5943 5943 1351 1488 5944 5944 1352 1489 5945 5945 1355 1490 5946 5946 1352 1489 5947 5947 1351 1488 5948 5948 1352 1489 5949 5949 1355 1490 5950 5950 1356 1491 5951 5951 1359 1492 5952 5952 1356 1491 5953 5953 1355 1490 5954 5954 1356 1491 5955 5955 1359 1492 5956 5956 1360 1493 5957 5957 1363 1494 5958 5958 1360 1493 5959 5959 1359 1492 5960 5960 1360 1493 5961 5961 1363 1494 5962 5962 1364 1495 5963 5963 1367 1496 5964 5964 1364 1495 5965 5965 1363 1494 5966 5966 1364 1495 5967 5967 1367 1496 5968 5968 1368 1497 5969 5969 1371 1498 5970 5970 1368 1497 5971 5971 1367 1496 5972 5972 1368 1497 5973 5973 1371 1498 5974 5974 1372 1499 5975 5975 1375 1500 5976 5976 1372 1499 5977 5977 1371 1498 5978 5978 1372 1499 5979 5979 1375 1500 5980 5980 1376 1501 5981 5981 1379 1502 5982 5982 1376 1501 5983 5983 1375 1500 5984 5984 1376 1501 5985 5985 1379 1502 5986 5986 1380 1503 5987 5987 1383 1504 5988 5988 1380 1503 5989 5989 1379 1502 5990 5990 1380 1503 5991 5991 1383 1504 5992 5992 1384 1505 5993 5993 1387 1506 5994 5994 1384 1505 5995 5995 1383 1504 5996 5996 1384 1505 5997 5997 1387 1506 5998 5998 1388 1507 5999 5999 1391 1508 6000 6000 1388 1507 6001 6001 1387 1506 6002 6002 1388 1507 6003 6003 1391 1508 6004 6004 1392 1509 6005 6005 1296 1510 6006 6006 1293 1511 6007 6007 1297 1512 6008 6008 1292 1513 6009 6009 1293 1511 6010 6010 1296 1510 6011 6011 1293 1511 6012 6012 1292 1513 6013 6013 1289 1514 6014 6014 1288 1515 6015 6015 1289 1514 6016 6016 1292 1513 6017 6017 1289 1514 6018 6018 1288 1515 6019 6019 1285 1516 6020 6020 1284 1517 6021 6021 1285 1516 6022 6022 1288 1515 6023 6023 1285 1516 6024 6024 1284 1517 6025 6025 1281 1518 6026 6026 1280 1519 6027 6027 1281 1518 6028 6028 1284 1517 6029 6029 1281 1518 6030 6030 1280 1519 6031 6031 1277 1520 6032 6032 1276 1521 6033 6033 1277 1520 6034 6034 1280 1519 6035 6035 1277 1520 6036 6036 1276 1521 6037 6037 1273 1522 6038 6038 1272 1523 6039 6039 1273 1522 6040 6040 1276 1521 6041 6041 1273 1522 6042 6042 1272 1523 6043 6043 1269 1524 6044 6044 1268 1525 6045 6045 1269 1524 6046 6046 1272 1523 6047 6047 1269 1524 6048 6048 1268 1525 6049 6049 1265 1526 6050 6050 1264 1527 6051 6051 1265 1526 6052 6052 1268 1525 6053 6053 1265 1526 6054 6054 1264 1527 6055 6055 1261 1528 6056 6056 1260 1529 6057 6057 1261 1528 6058 6058 1264 1527 6059 6059 1261 1528 6060 6060 1260 1529 6061 6061 1257 1530 6062 6062 1256 1531 6063 6063 1257 1530 6064 6064 1260 1529 6065 6065 1257 1530 6066 6066 1256 1531 6067 6067 1253 1532 6068 6068 1250 1533 6069 6069 1253 1532 6070 6070 1256 1531 6071 6071 1253 1532 6072 6072 1250 1533 6073 6073 1251 1534 6074 6074 1252 1535 6075 6075 1251 1534 6076 6076 1250 1533 6077 6077 1349 1536 6078 6078 1251 1534 6079 6079 1252 1535 6080 6080 1251 1534 6081 6081 1349 1536 6082 6082 1350 1537 6083 6083 1353 1538 6084 6084 1350 1537 6085 6085 1349 1536 6086 6086 1350 1537 6087 6087 1353 1538 6088 6088 1354 1539 6089 6089 1357 1540 6090 6090 1354 1539 6091 6091 1353 1538 6092 6092 1354 1539 6093 6093 1357 1540 6094 6094 1358 1541 6095 6095 1361 1542 6096 6096 1358 1541 6097 6097 1357 1540 6098 6098 1358 1541 6099 6099 1361 1542 6100 6100 1362 1543 6101 6101 1365 1544 6102 6102 1362 1543 6103 6103 1361 1542 6104 6104 1362 1543 6105 6105 1365 1544 6106 6106 1366 1545 6107 6107 1369 1546 6108 6108 1366 1545 6109 6109 1365 1544 6110 6110 1366 1545 6111 6111 1369 1546 6112 6112 1370 1547 6113 6113 1373 1548 6114 6114 1370 1547 6115 6115 1369 1546 6116 6116 1370 1547 6117 6117 1373 1548 6118 6118 1374 1549 6119 6119 1377 1550 6120 6120 1374 1549 6121 6121 1373 1548 6122 6122 1374 1549 6123 6123 1377 1550 6124 6124 1378 1551 6125 6125 1381 1552 6126 6126 1378 1551 6127 6127 1377 1550 6128 6128 1378 1551 6129 6129 1381 1552 6130 6130 1382 1553 6131 6131 1385 1554 6132 6132 1382 1553 6133 6133 1381 1552 6134 6134 1382 1553 6135 6135 1385 1554 6136 6136 1386 1555 6137 6137 1389 1556 6138 6138 1386 1555 6139 6139 1385 1554 6140 6140 1386 1555 6141 6141 1389 1556 6142 6142 1390 1557 6143 6143 1393 1558 6144 6144 1390 1557 6145 6145 1389 1556 6146 6146 1390 1557 6147 6147 1393 1558 6148 6148 1394 1559 6149 6149 1307 1560 6150 6150 1310 1560 6151 6151 1311 1560 6152 6152 1310 1560 6153 6153 1307 1560 6154 6154 1308 1560 6155 6155 1309 1560 6156 6156 1308 1560 6157 6157 1307 1560 6158 6158 1308 1560 6159 6159 1309 1560 6160 6160 1412 1560 6161 6161 1411 1560 6162 6162 1412 1560 6163 6163 1309 1560 6164 6164 1412 1560 6165 6165 1411 1560 6166 6166 1410 1561 6167 6167 1413 1562 6168 6168 1410 1561 6169 6169 1411 1560 6170 6170 1666 1560 6171 6171 1410 1561 6172 6172 1413 1562 6173 6173 1665 1563 6174 6174 1410 1561 6175 6175 1666 1560 6176 6176 1410 1561 6177 6177 1665 1563 6178 6178 1663 1564 6179 6179 1662 1565 6180 6180 1663 1564 6181 6181 1665 1563 6182 6182 1664 1566 6183 6183 1663 1564 6184 6184 1662 1565 6185 6185 1663 1564 6186 6186 1664 1566 6187 6187 1668 1560 6188 6188 1670 1567 6189 6189 1668 1560 6190 6190 1664 1566 6191 6191 1667 1568 6192 6192 1668 1560 6193 6193 1670 1567 6194 6194 1669 1569 6195 6195 1668 1560 6196 6196 1667 1568 6197 6197 1668 1560 6198 6198 1669 1569 6199 6199 1677 1570 6200 6200 1679 1571 6201 6201 1677 1570 6202 6202 1669 1569 6203 6203 1676 1572 6204 6204 1677 1570 6205 6205 1679 1571 6206 6206 1678 1573 6207 6207 1677 1570 6208 6208 1676 1572 6209 6209 1677 1570 6210 6210 1678 1573 6211 6211 1415 1560 6212 6212 1683 1574 6213 6213 1415 1560 6214 6214 1678 1573 6215 6215 1684 1560 6216 6216 1415 1560 6217 6217 1683 1574 6218 6218 1685 1560 6219 6219 1415 1560 6220 6220 1684 1560 6221 6221 1416 1575 6222 6222 1415 1560 6223 6223 1685 1560 6224 6224 1306 1560 6225 6225 1415 1560 6226 6226 1416 1575 6227 6227 1415 1560 6228 6228 1306 1560 6229 6229 1304 1560 6230 6230 1303 1560 6231 6231 1304 1560 6232 6232 1306 1560 6233 6233 1304 1560 6234 6234 1303 1560 6235 6235 1305 1560 6236 6236 1320 1560 6237 6237 1305 1560 6238 6238 1303 1560 6239 6239 1305 1560 6240 6240 1320 1560 6241 6241 1321 1560 6242 6242 1322 1560 6243 6243 1321 1560 6244 6244 1320 1560 6245 6245 1686 1576 6246 6246 1416 1575 6247 6247 1685 1560 6248 6248 1674 1577 6249 6249 1416 1575 6250 6250 1686 1576 6251 6251 1416 1575 6252 6252 1674 1577 6253 6253 1672 1578 6254 6254 1673 1579 6255 6255 1672 1578 6256 6256 1674 1577 6257 6257 1300 1580 6258 6258 1672 1578 6259 6259 1673 1579 6260 6260 1672 1578 6261 6261 1300 1580 6262 6262 1298 1581 6263 6263 1299 1582 6264 6264 1298 1581 6265 6265 1300 1580 6266 6266 1298 1581 6267 6267 1299 1582 6268 6268 1301 1583 6269 6269 1302 1560 6270 6270 1301 1583 6271 6271 1299 1582 6272 6272 1661 1584 6273 6273 1301 1583 6274 6274 1302 1560 6275 6275 1301 1583 6276 6276 1661 1584 6277 6277 1413 1562 6278 6278 1413 1562 6279 6279 1661 1584 6280 6280 1666 1560 6281 6281 1666 1560 6282 6282 1661 1584 6283 6283 1665 1563 6284 6284 1665 1563 6285 6285 1661 1584 6286 6286 1662 1565 6287 6287 1662 1565 6288 6288 1661 1584 6289 6289 1664 1566 6290 6290 1302 1560 6291 6291 1664 1566 6292 6292 1661 1584 6293 6293 1299 1582 6294 6294 1664 1566 6295 6295 1302 1560 6296 6296 1664 1566 6297 6297 1299 1582 6298 6298 1670 1567 6299 6299 1670 1567 6300 6300 1299 1582 6301 6301 1667 1568 6302 6302 1667 1568 6303 6303 1299 1582 6304 6304 1669 1569 6305 6305 1300 1580 6306 6306 1669 1569 6307 6307 1299 1582 6308 6308 1673 1579 6309 6309 1669 1569 6310 6310 1300 1580 6311 6311 1669 1569 6312 6312 1673 1579 6313 6313 1679 1571 6314 6314 1679 1571 6315 6315 1673 1579 6316 6316 1676 1572 6317 6317 1674 1577 6318 6318 1676 1572 6319 6319 1673 1579 6320 6320 1676 1572 6321 6321 1674 1577 6322 6322 1678 1573 6323 6323 1686 1576 6324 6324 1678 1573 6325 6325 1674 1577 6326 6326 1678 1573 6327 6327 1686 1576 6328 6328 1683 1574 6329 6329 1683 1574 6330 6330 1686 1576 6331 6331 1684 1560 6332 6332 1685 1560 6333 6333 1684 1560 6334 6334 1686 1576 6335 6335 1407 1585 6336 6336 1408 1586 6337 6337 1409 1220 6338 6338 1408 1586 6339 6339 1407 1585 6340 6340 1319 1587 6341 6341 1318 1588 6342 6342 1319 1587 6343 6343 1407 1585 6344 6344 1319 1587 6345 6345 1318 1588 6346 6346 1315 1589 6347 6347 1312 1590 6348 6348 1315 1589 6349 6349 1318 1588 6350 6350 1315 1589 6351 6351 1312 1590 6352 6352 1313 1220 6353 6353 1314 1591 6354 6354 1313 1220 6355 6355 1312 1590 6356 6356 1313 1220 6357 6357 1314 1591 6358 6358 1316 1592 6359 6359 1317 1593 6360 6360 1316 1592 6361 6361 1314 1591 6362 6362 1316 1592 6363 6363 1317 1593 6364 6364 1396 1594 6365 6365 1398 1595 6366 6366 1396 1594 6367 6367 1317 1593 6368 6368 1395 1596 6369 6369 1396 1594 6370 6370 1398 1595 6371 6371 1396 1594 6372 6372 1395 1596 6373 6373 1397 1597 6374 6374 1402 1598 6375 6375 1397 1597 6376 6376 1395 1596 6377 6377 1397 1597 6378 6378 1402 1598 6379 6379 1400 1220 6380 6380 1399 1599 6381 6381 1400 1220 6382 6382 1402 1598 6383 6383 1400 1220 6384 6384 1399 1599 6385 6385 1401 1600 6386 6386 1406 1601 6387 6387 1401 1600 6388 6388 1399 1599 6389 6389 1401 1600 6390 6390 1406 1601 6391 6391 1404 1602 6392 6392 1403 1603 6393 6393 1404 1602 6394 6394 1406 1601 6395 6395 1404 1602 6396 6396 1403 1603 6397 6397 1405 1604 6398 6398 1414 1220 6399 6399 1405 1604 6400 6400 1403 1603 6401 6401 1529 1605 6402 6402 1524 1606 6403 6403 1530 1607 6404 6404 1523 1608 6405 6405 1524 1606 6406 6406 1529 1605 6407 6407 1524 1606 6408 6408 1523 1608 6409 6409 1518 1609 6410 6410 1517 1610 6411 6411 1518 1609 6412 6412 1523 1608 6413 6413 1518 1609 6414 6414 1517 1610 6415 6415 1512 1611 6416 6416 1511 1612 6417 6417 1512 1611 6418 6418 1517 1610 6419 6419 1512 1611 6420 6420 1511 1612 6421 6421 1506 1613 6422 6422 1505 1614 6423 6423 1506 1613 6424 6424 1511 1612 6425 6425 1506 1613 6426 6426 1505 1614 6427 6427 1500 1615 6428 6428 1499 1616 6429 6429 1500 1615 6430 6430 1505 1614 6431 6431 1500 1615 6432 6432 1499 1616 6433 6433 1494 1617 6434 6434 1493 1618 6435 6435 1494 1617 6436 6436 1499 1616 6437 6437 1494 1617 6438 6438 1493 1618 6439 6439 1488 1619 6440 6440 1487 1620 6441 6441 1488 1619 6442 6442 1493 1618 6443 6443 1488 1619 6444 6444 1487 1620 6445 6445 1482 1621 6446 6446 1481 1622 6447 6447 1482 1621 6448 6448 1487 1620 6449 6449 1482 1621 6450 6450 1481 1622 6451 6451 1476 1623 6452 6452 1475 1624 6453 6453 1476 1623 6454 6454 1481 1622 6455 6455 1476 1623 6456 6456 1475 1624 6457 6457 1470 1625 6458 6458 1469 1626 6459 6459 1470 1625 6460 6460 1475 1624 6461 6461 1470 1625 6462 6462 1469 1626 6463 6463 1459 1627 6464 6464 1458 1628 6465 6465 1459 1627 6466 6466 1469 1626 6467 6467 1459 1627 6468 6468 1458 1628 6469 6469 1453 1629 6470 6470 1452 1630 6471 6471 1453 1629 6472 6472 1458 1628 6473 6473 1453 1629 6474 6474 1452 1630 6475 6475 1448 1631 6476 6476 1447 1632 6477 6477 1448 1631 6478 6478 1452 1630 6479 6479 1448 1631 6480 6480 1447 1632 6481 6481 1442 1633 6482 6482 1441 1634 6483 6483 1442 1633 6484 6484 1447 1632 6485 6485 1442 1633 6486 6486 1441 1634 6487 6487 1429 1635 6488 6488 1426 1636 6489 6489 1429 1635 6490 6490 1441 1634 6491 6491 1429 1635 6492 6492 1426 1636 6493 6493 1427 1637 6494 6494 1428 1638 6495 6495 1427 1637 6496 6496 1426 1636 6497 6497 1427 1637 6498 6498 1428 1638 6499 6499 1625 1639 6500 6500 1624 1640 6501 6501 1625 1639 6502 6502 1428 1638 6503 6503 1625 1639 6504 6504 1624 1640 6505 6505 1620 1641 6506 6506 1619 1642 6507 6507 1620 1641 6508 6508 1624 1640 6509 6509 1620 1641 6510 6510 1619 1642 6511 6511 1614 1643 6512 6512 1613 1644 6513 6513 1614 1643 6514 6514 1619 1642 6515 6515 1614 1643 6516 6516 1613 1644 6517 6517 1608 1645 6518 6518 1607 1646 6519 6519 1608 1645 6520 6520 1613 1644 6521 6521 1608 1645 6522 6522 1607 1646 6523 6523 1602 1647 6524 6524 1601 1648 6525 6525 1602 1647 6526 6526 1607 1646 6527 6527 1602 1647 6528 6528 1601 1648 6529 6529 1596 1649 6530 6530 1595 1650 6531 6531 1596 1649 6532 6532 1601 1648 6533 6533 1596 1649 6534 6534 1595 1650 6535 6535 1590 1651 6536 6536 1589 1652 6537 6537 1590 1651 6538 6538 1595 1650 6539 6539 1590 1651 6540 6540 1589 1652 6541 6541 1584 1653 6542 6542 1583 1654 6543 6543 1584 1653 6544 6544 1589 1652 6545 6545 1584 1653 6546 6546 1583 1654 6547 6547 1578 1655 6548 6548 1577 1656 6549 6549 1578 1655 6550 6550 1583 1654 6551 6551 1578 1655 6552 6552 1577 1656 6553 6553 1572 1657 6554 6554 1571 1658 6555 6555 1572 1657 6556 6556 1577 1656 6557 6557 1572 1657 6558 6558 1571 1658 6559 6559 1566 1659 6560 6560 1565 1660 6561 6561 1566 1659 6562 6562 1571 1658 6563 6563 1566 1659 6564 6564 1565 1660 6565 6565 1560 1661 6566 6566 1559 1662 6567 6567 1560 1661 6568 6568 1565 1660 6569 6569 1560 1661 6570 6570 1559 1662 6571 6571 1554 1663 6572 6572 1553 1664 6573 6573 1554 1663 6574 6574 1559 1662 6575 6575 1554 1663 6576 6576 1553 1664 6577 6577 1548 1665 6578 6578 1547 1666 6579 6579 1548 1665 6580 6580 1553 1664 6581 6581 1548 1665 6582 6582 1547 1666 6583 6583 1541 1667 6584 6584 1538 1668 6585 6585 1541 1667 6586 6586 1547 1666 6587 6587 1541 1667 6588 6588 1538 1668 6589 6589 1539 1669 6590 6590 1539 1669 6591 6591 1538 1668 6592 6592 1540 1670 6593 6593 1542 1671 6594 6594 1540 1670 6595 6595 1538 1668 6596 6596 1540 1670 6597 6597 1542 1671 6598 6598 1543 1672 6599 6599 1534 1673 6600 6600 1543 1672 6601 6601 1542 1671 6602 6602 1543 1672 6603 6603 1534 1673 6604 6604 1532 1674 6605 6605 1533 1675 6606 6606 1532 1674 6607 6607 1534 1673 6608 6608 1532 1674 6609 6609 1533 1675 6610 6610 1535 1676 6611 6611 1536 1677 6612 6612 1535 1676 6613 6613 1533 1675 6614 6614 1535 1676 6615 6615 1536 1677 6616 6616 1537 1678 6617 6617 1533 1675 6618 6618 1546 1679 6619 6619 1536 1677 6620 6620 1544 1680 6621 6621 1546 1679 6622 6622 1533 1675 6623 6623 1546 1679 6624 6624 1544 1680 6625 6625 1552 1681 6626 6626 1550 1682 6627 6627 1552 1681 6628 6628 1544 1680 6629 6629 1552 1681 6630 6630 1550 1682 6631 6631 1558 1683 6632 6632 1556 1684 6633 6633 1558 1683 6634 6634 1550 1682 6635 6635 1558 1683 6636 6636 1556 1684 6637 6637 1564 1685 6638 6638 1562 1686 6639 6639 1564 1685 6640 6640 1556 1684 6641 6641 1564 1685 6642 6642 1562 1686 6643 6643 1570 1687 6644 6644 1568 1688 6645 6645 1570 1687 6646 6646 1562 1686 6647 6647 1570 1687 6648 6648 1568 1688 6649 6649 1576 1689 6650 6650 1574 1690 6651 6651 1576 1689 6652 6652 1568 1688 6653 6653 1576 1689 6654 6654 1574 1690 6655 6655 1582 1691 6656 6656 1580 1692 6657 6657 1582 1691 6658 6658 1574 1690 6659 6659 1582 1691 6660 6660 1580 1692 6661 6661 1588 1693 6662 6662 1586 1694 6663 6663 1588 1693 6664 6664 1580 1692 6665 6665 1588 1693 6666 6666 1586 1694 6667 6667 1594 1695 6668 6668 1592 1696 6669 6669 1594 1695 6670 6670 1586 1694 6671 6671 1594 1695 6672 6672 1592 1696 6673 6673 1600 1697 6674 6674 1598 1698 6675 6675 1600 1697 6676 6676 1592 1696 6677 6677 1600 1697 6678 6678 1598 1698 6679 6679 1606 1699 6680 6680 1604 1700 6681 6681 1606 1699 6682 6682 1598 1698 6683 6683 1606 1699 6684 6684 1604 1700 6685 6685 1612 1701 6686 6686 1610 1702 6687 6687 1612 1701 6688 6688 1604 1700 6689 6689 1612 1701 6690 6690 1610 1702 6691 6691 1618 1703 6692 6692 1616 1704 6693 6693 1618 1703 6694 6694 1610 1702 6695 6695 1618 1703 6696 6696 1616 1704 6697 6697 1622 1705 6698 6698 1623 1706 6699 6699 1622 1705 6700 6700 1616 1704 6701 6701 1622 1705 6702 6702 1623 1706 6703 6703 1424 1707 6704 6704 1425 1708 6705 6705 1424 1707 6706 6706 1623 1706 6707 6707 1421 1709 6708 6708 1424 1707 6709 6709 1425 1708 6710 6710 1424 1707 6711 6711 1421 1709 6712 6712 1422 1710 6713 6713 1423 1711 6714 6714 1422 1710 6715 6715 1421 1709 6716 6716 1422 1710 6717 6717 1423 1711 6718 6718 1440 1712 6719 6719 1439 1713 6720 6720 1440 1712 6721 6721 1423 1711 6722 6722 1440 1712 6723 6723 1439 1713 6724 6724 1446 1714 6725 6725 1444 1715 6726 6726 1446 1714 6727 6727 1439 1713 6728 6728 1446 1714 6729 6729 1444 1715 6730 6730 1450 1716 6731 6731 1451 1717 6732 6732 1450 1716 6733 6733 1444 1715 6734 6734 1450 1716 6735 6735 1451 1717 6736 6736 1456 1718 6737 6737 1457 1719 6738 6738 1456 1718 6739 6739 1451 1717 6740 6740 1456 1718 6741 6741 1457 1719 6742 6742 1468 1720 6743 6743 1467 1721 6744 6744 1468 1720 6745 6745 1457 1719 6746 6746 1468 1720 6747 6747 1467 1721 6748 6748 1474 1722 6749 6749 1472 1723 6750 6750 1474 1722 6751 6751 1467 1721 6752 6752 1474 1722 6753 6753 1472 1723 6754 6754 1480 1724 6755 6755 1478 1725 6756 6756 1480 1724 6757 6757 1472 1723 6758 6758 1480 1724 6759 6759 1478 1725 6760 6760 1486 1726 6761 6761 1484 1727 6762 6762 1486 1726 6763 6763 1478 1725 6764 6764 1486 1726 6765 6765 1484 1727 6766 6766 1492 1728 6767 6767 1490 1729 6768 6768 1492 1728 6769 6769 1484 1727 6770 6770 1492 1728 6771 6771 1490 1729 6772 6772 1498 1730 6773 6773 1496 1731 6774 6774 1498 1730 6775 6775 1490 1729 6776 6776 1498 1730 6777 6777 1496 1731 6778 6778 1504 1732 6779 6779 1502 1733 6780 6780 1504 1732 6781 6781 1496 1731 6782 6782 1504 1732 6783 6783 1502 1733 6784 6784 1510 1734 6785 6785 1508 1735 6786 6786 1510 1734 6787 6787 1502 1733 6788 6788 1510 1734 6789 6789 1508 1735 6790 6790 1516 1736 6791 6791 1514 1737 6792 6792 1516 1736 6793 6793 1508 1735 6794 6794 1516 1736 6795 6795 1514 1737 6796 6796 1522 1738 6797 6797 1520 1739 6798 6798 1522 1738 6799 6799 1514 1737 6800 6800 1522 1738 6801 6801 1520 1739 6802 6802 1528 1740 6803 6803 1528 1740 6804 6804 1520 1739 6805 6805 1526 1741 6806 6806 1521 1742 6807 6807 1526 1741 6808 6808 1520 1739 6809 6809 1526 1741 6810 6810 1521 1742 6811 6811 1527 1743 6812 6812 1525 1744 6813 6813 1527 1743 6814 6814 1521 1742 6815 6815 1527 1743 6816 6816 1525 1744 6817 6817 1531 1745 6818 6818 1523 1608 6819 6819 1531 1745 6820 6820 1525 1744 6821 6821 1531 1745 6822 6822 1523 1608 6823 6823 1529 1605 6824 6824 1525 1744 6825 6825 1517 1610 6826 6826 1523 1608 6827 6827 1519 1746 6828 6828 1517 1610 6829 6829 1525 1744 6830 6830 1517 1610 6831 6831 1519 1746 6832 6832 1511 1612 6833 6833 1513 1747 6834 6834 1511 1612 6835 6835 1519 1746 6836 6836 1511 1612 6837 6837 1513 1747 6838 6838 1505 1614 6839 6839 1507 1748 6840 6840 1505 1614 6841 6841 1513 1747 6842 6842 1505 1614 6843 6843 1507 1748 6844 6844 1499 1616 6845 6845 1501 1749 6846 6846 1499 1616 6847 6847 1507 1748 6848 6848 1499 1616 6849 6849 1501 1749 6850 6850 1493 1618 6851 6851 1495 1750 6852 6852 1493 1618 6853 6853 1501 1749 6854 6854 1493 1618 6855 6855 1495 1750 6856 6856 1487 1620 6857 6857 1489 1751 6858 6858 1487 1620 6859 6859 1495 1750 6860 6860 1487 1620 6861 6861 1489 1751 6862 6862 1481 1622 6863 6863 1483 1752 6864 6864 1481 1622 6865 6865 1489 1751 6866 6866 1481 1622 6867 6867 1483 1752 6868 6868 1475 1624 6869 6869 1477 1753 6870 6870 1475 1624 6871 6871 1483 1752 6872 6872 1475 1624 6873 6873 1477 1753 6874 6874 1469 1626 6875 6875 1471 1754 6876 6876 1469 1626 6877 6877 1477 1753 6878 6878 1469 1626 6879 6879 1471 1754 6880 6880 1458 1628 6881 6881 1460 1755 6882 6882 1458 1628 6883 6883 1471 1754 6884 6884 1458 1628 6885 6885 1460 1755 6886 6886 1452 1630 6887 6887 1454 1756 6888 6888 1452 1630 6889 6889 1460 1755 6890 6890 1452 1630 6891 6891 1454 1756 6892 6892 1447 1632 6893 6893 1449 1757 6894 6894 1447 1632 6895 6895 1454 1756 6896 6896 1447 1632 6897 6897 1449 1757 6898 6898 1441 1634 6899 6899 1443 1758 6900 6900 1441 1634 6901 6901 1449 1757 6902 6902 1441 1634 6903 6903 1443 1758 6904 6904 1426 1636 6905 6905 1430 1759 6906 6906 1426 1636 6907 6907 1443 1758 6908 6908 1426 1636 6909 6909 1430 1759 6910 6910 1428 1638 6911 6911 1431 1760 6912 6912 1428 1638 6913 6913 1430 1759 6914 6914 1428 1638 6915 6915 1431 1760 6916 6916 1624 1640 6917 6917 1626 1761 6918 6918 1624 1640 6919 6919 1431 1760 6920 6920 1624 1640 6921 6921 1626 1761 6922 6922 1619 1642 6923 6923 1621 1762 6924 6924 1619 1642 6925 6925 1626 1761 6926 6926 1619 1642 6927 6927 1621 1762 6928 6928 1613 1644 6929 6929 1615 1763 6930 6930 1613 1644 6931 6931 1621 1762 6932 6932 1613 1644 6933 6933 1615 1763 6934 6934 1607 1646 6935 6935 1609 1764 6936 6936 1607 1646 6937 6937 1615 1763 6938 6938 1607 1646 6939 6939 1609 1764 6940 6940 1601 1648 6941 6941 1603 1765 6942 6942 1601 1648 6943 6943 1609 1764 6944 6944 1601 1648 6945 6945 1603 1765 6946 6946 1595 1650 6947 6947 1597 1766 6948 6948 1595 1650 6949 6949 1603 1765 6950 6950 1595 1650 6951 6951 1597 1766 6952 6952 1589 1652 6953 6953 1591 1767 6954 6954 1589 1652 6955 6955 1597 1766 6956 6956 1589 1652 6957 6957 1591 1767 6958 6958 1583 1654 6959 6959 1585 1768 6960 6960 1583 1654 6961 6961 1591 1767 6962 6962 1583 1654 6963 6963 1585 1768 6964 6964 1577 1656 6965 6965 1579 1769 6966 6966 1577 1656 6967 6967 1585 1768 6968 6968 1577 1656 6969 6969 1579 1769 6970 6970 1571 1658 6971 6971 1573 1770 6972 6972 1571 1658 6973 6973 1579 1769 6974 6974 1571 1658 6975 6975 1573 1770 6976 6976 1565 1660 6977 6977 1567 1771 6978 6978 1565 1660 6979 6979 1573 1770 6980 6980 1565 1660 6981 6981 1567 1771 6982 6982 1559 1662 6983 6983 1561 1772 6984 6984 1559 1662 6985 6985 1567 1771 6986 6986 1559 1662 6987 6987 1561 1772 6988 6988 1553 1664 6989 6989 1555 1773 6990 6990 1553 1664 6991 6991 1561 1772 6992 6992 1553 1664 6993 6993 1555 1773 6994 6994 1547 1666 6995 6995 1549 1774 6996 6996 1547 1666 6997 6997 1555 1773 6998 6998 1547 1666 6999 6999 1549 1774 7000 7000 1538 1668 7001 7001 1538 1668 7002 7002 1549 1774 7003 7003 1542 1671 7004 7004 1545 1775 7005 7005 1542 1671 7006 7006 1549 1774 7007 7007 1542 1671 7008 7008 1545 1775 7009 7009 1534 1673 7010 7010 1544 1680 7011 7011 1534 1673 7012 7012 1545 1775 7013 7013 1534 1673 7014 7014 1544 1680 7015 7015 1533 1675 7016 7016 1545 1775 7017 7017 1550 1682 7018 7018 1544 1680 7019 7019 1551 1776 7020 7020 1550 1682 7021 7021 1545 1775 7022 7022 1550 1682 7023 7023 1551 1776 7024 7024 1556 1684 7025 7025 1557 1777 7026 7026 1556 1684 7027 7027 1551 1776 7028 7028 1556 1684 7029 7029 1557 1777 7030 7030 1562 1686 7031 7031 1563 1778 7032 7032 1562 1686 7033 7033 1557 1777 7034 7034 1562 1686 7035 7035 1563 1778 7036 7036 1568 1688 7037 7037 1569 1779 7038 7038 1568 1688 7039 7039 1563 1778 7040 7040 1568 1688 7041 7041 1569 1779 7042 7042 1574 1690 7043 7043 1575 1780 7044 7044 1574 1690 7045 7045 1569 1779 7046 7046 1574 1690 7047 7047 1575 1780 7048 7048 1580 1692 7049 7049 1581 1781 7050 7050 1580 1692 7051 7051 1575 1780 7052 7052 1580 1692 7053 7053 1581 1781 7054 7054 1586 1694 7055 7055 1587 1782 7056 7056 1586 1694 7057 7057 1581 1781 7058 7058 1586 1694 7059 7059 1587 1782 7060 7060 1592 1696 7061 7061 1593 1783 7062 7062 1592 1696 7063 7063 1587 1782 7064 7064 1592 1696 7065 7065 1593 1783 7066 7066 1598 1698 7067 7067 1599 1784 7068 7068 1598 1698 7069 7069 1593 1783 7070 7070 1598 1698 7071 7071 1599 1784 7072 7072 1604 1700 7073 7073 1605 1785 7074 7074 1604 1700 7075 7075 1599 1784 7076 7076 1604 1700 7077 7077 1605 1785 7078 7078 1610 1702 7079 7079 1611 1786 7080 7080 1610 1702 7081 7081 1605 1785 7082 7082 1610 1702 7083 7083 1611 1786 7084 7084 1616 1704 7085 7085 1617 1787 7086 7086 1616 1704 7087 7087 1611 1786 7088 7088 1687 1788 7089 7089 1616 1704 7090 7090 1617 1787 7091 7091 1689 1789 7092 7092 1616 1704 7093 7093 1687 1788 7094 7094 1616 1704 7095 7095 1689 1789 7096 7096 1623 1706 7097 7097 1688 1790 7098 7098 1623 1706 7099 7099 1689 1789 7100 7100 1681 1791 7101 7101 1623 1706 7102 7102 1688 1790 7103 7103 1680 1792 7104 7104 1623 1706 7105 7105 1681 1791 7106 7106 1682 1793 7107 7107 1623 1706 7108 7108 1680 1792 7109 7109 1631 1794 7110 7110 1623 1706 7111 7111 1682 1793 7112 7112 1623 1706 7113 7113 1631 1794 7114 7114 1425 1708 7115 7115 1700 1795 7116 7116 1425 1708 7117 7117 1631 1794 7118 7118 1425 1708 7119 7119 1700 1795 7120 7120 1421 1709 7121 7121 1671 1796 7122 7122 1421 1709 7123 7123 1700 1795 7124 7124 1421 1709 7125 7125 1671 1796 7126 7126 1423 1711 7127 7127 1434 1797 7128 7128 1423 1711 7129 7129 1671 1796 7130 7130 1433 1798 7131 7131 1423 1711 7132 7132 1434 1797 7133 7133 1435 1799 7134 7134 1423 1711 7135 7135 1433 1798 7136 7136 1436 1800 7137 7137 1423 1711 7138 7138 1435 1799 7139 7139 1423 1711 7140 7140 1436 1800 7141 7141 1439 1713 7142 7142 1437 1801 7143 7143 1439 1713 7144 7144 1436 1800 7145 7145 1438 1802 7146 7146 1439 1713 7147 7147 1437 1801 7148 7148 1439 1713 7149 7149 1438 1802 7150 7150 1444 1715 7151 7151 1445 1803 7152 7152 1444 1715 7153 7153 1438 1802 7154 7154 1699 1804 7155 7155 1444 1715 7156 7156 1445 1803 7157 7157 1698 1805 7158 7158 1444 1715 7159 7159 1699 1804 7160 7160 1444 1715 7161 7161 1698 1805 7162 7162 1451 1717 7163 7163 1697 1806 7164 7164 1451 1717 7165 7165 1698 1805 7166 7166 1694 1807 7167 7167 1451 1717 7168 7168 1697 1806 7169 7169 1693 1808 7170 7170 1451 1717 7171 7171 1694 1807 7172 7172 1695 1809 7173 7173 1451 1717 7174 7174 1693 1808 7175 7175 1451 1717 7176 7176 1695 1809 7177 7177 1457 1719 7178 7178 1463 1810 7179 7179 1457 1719 7180 7180 1695 1809 7181 7181 1462 1811 7182 7182 1457 1719 7183 7183 1463 1810 7184 7184 1457 1719 7185 7185 1462 1811 7186 7186 1467 1721 7187 7187 1466 1812 7188 7188 1467 1721 7189 7189 1462 1811 7190 7190 1465 1813 7191 7191 1467 1721 7192 7192 1466 1812 7193 7193 1467 1721 7194 7194 1465 1813 7195 7195 1472 1723 7196 7196 1473 1814 7197 7197 1472 1723 7198 7198 1465 1813 7199 7199 1472 1723 7200 7200 1473 1814 7201 7201 1478 1725 7202 7202 1479 1815 7203 7203 1478 1725 7204 7204 1473 1814 7205 7205 1478 1725 7206 7206 1479 1815 7207 7207 1484 1727 7208 7208 1485 1816 7209 7209 1484 1727 7210 7210 1479 1815 7211 7211 1484 1727 7212 7212 1485 1816 7213 7213 1490 1729 7214 7214 1491 1817 7215 7215 1490 1729 7216 7216 1485 1816 7217 7217 1490 1729 7218 7218 1491 1817 7219 7219 1496 1731 7220 7220 1497 1818 7221 7221 1496 1731 7222 7222 1491 1817 7223 7223 1496 1731 7224 7224 1497 1818 7225 7225 1502 1733 7226 7226 1503 1819 7227 7227 1502 1733 7228 7228 1497 1818 7229 7229 1502 1733 7230 7230 1503 1819 7231 7231 1508 1735 7232 7232 1509 1820 7233 7233 1508 1735 7234 7234 1503 1819 7235 7235 1508 1735 7236 7236 1509 1820 7237 7237 1514 1737 7238 7238 1515 1821 7239 7239 1514 1737 7240 7240 1509 1820 7241 7241 1514 1737 7242 7242 1515 1821 7243 7243 1520 1739 7244 7244 1520 1739 7245 7245 1515 1821 7246 7246 1521 1742 7247 7247 1519 1746 7248 7248 1521 1742 7249 7249 1515 1821 7250 7250 1521 1742 7251 7251 1519 1746 7252 7252 1525 1744 7253 7253 1515 1821 7254 7254 1513 1747 7255 7255 1519 1746 7256 7256 1509 1820 7257 7257 1513 1747 7258 7258 1515 1821 7259 7259 1513 1747 7260 7260 1509 1820 7261 7261 1507 1748 7262 7262 1503 1819 7263 7263 1507 1748 7264 7264 1509 1820 7265 7265 1507 1748 7266 7266 1503 1819 7267 7267 1501 1749 7268 7268 1497 1818 7269 7269 1501 1749 7270 7270 1503 1819 7271 7271 1501 1749 7272 7272 1497 1818 7273 7273 1495 1750 7274 7274 1491 1817 7275 7275 1495 1750 7276 7276 1497 1818 7277 7277 1495 1750 7278 7278 1491 1817 7279 7279 1489 1751 7280 7280 1485 1816 7281 7281 1489 1751 7282 7282 1491 1817 7283 7283 1489 1751 7284 7284 1485 1816 7285 7285 1483 1752 7286 7286 1479 1815 7287 7287 1483 1752 7288 7288 1485 1816 7289 7289 1483 1752 7290 7290 1479 1815 7291 7291 1477 1753 7292 7292 1473 1814 7293 7293 1477 1753 7294 7294 1479 1815 7295 7295 1477 1753 7296 7296 1473 1814 7297 7297 1471 1754 7298 7298 1465 1813 7299 7299 1471 1754 7300 7300 1473 1814 7301 7301 1471 1754 7302 7302 1465 1813 7303 7303 1460 1755 7304 7304 1461 1822 7305 7305 1460 1755 7306 7306 1465 1813 7307 7307 1460 1755 7308 7308 1461 1822 7309 7309 1454 1756 7310 7310 1455 1823 7311 7311 1454 1756 7312 7312 1461 1822 7313 7313 1454 1756 7314 7314 1455 1823 7315 7315 1449 1757 7316 7316 1445 1803 7317 7317 1449 1757 7318 7318 1455 1823 7319 7319 1449 1757 7320 7320 1445 1803 7321 7321 1443 1758 7322 7322 1438 1802 7323 7323 1443 1758 7324 7324 1445 1803 7325 7325 1443 1758 7326 7326 1438 1802 7327 7327 1430 1759 7328 7328 1418 1824 7329 7329 1430 1759 7330 7330 1438 1802 7331 7331 1419 1825 7332 7332 1430 1759 7333 7333 1418 1824 7334 7334 1432 1826 7335 7335 1430 1759 7336 7336 1419 1825 7337 7337 1430 1759 7338 7338 1432 1826 7339 7339 1431 1760 7340 7340 1431 1760 7341 7341 1432 1826 7342 7342 1626 1761 7343 7343 1627 1827 7344 7344 1626 1761 7345 7345 1432 1826 7346 7346 1626 1761 7347 7347 1627 1827 7348 7348 1621 1762 7349 7349 1617 1787 7350 7350 1621 1762 7351 7351 1627 1827 7352 7352 1621 1762 7353 7353 1617 1787 7354 7354 1615 1763 7355 7355 1611 1786 7356 7356 1615 1763 7357 7357 1617 1787 7358 7358 1615 1763 7359 7359 1611 1786 7360 7360 1609 1764 7361 7361 1605 1785 7362 7362 1609 1764 7363 7363 1611 1786 7364 7364 1609 1764 7365 7365 1605 1785 7366 7366 1603 1765 7367 7367 1599 1784 7368 7368 1603 1765 7369 7369 1605 1785 7370 7370 1603 1765 7371 7371 1599 1784 7372 7372 1597 1766 7373 7373 1593 1783 7374 7374 1597 1766 7375 7375 1599 1784 7376 7376 1597 1766 7377 7377 1593 1783 7378 7378 1591 1767 7379 7379 1587 1782 7380 7380 1591 1767 7381 7381 1593 1783 7382 7382 1591 1767 7383 7383 1587 1782 7384 7384 1585 1768 7385 7385 1581 1781 7386 7386 1585 1768 7387 7387 1587 1782 7388 7388 1585 1768 7389 7389 1581 1781 7390 7390 1579 1769 7391 7391 1575 1780 7392 7392 1579 1769 7393 7393 1581 1781 7394 7394 1579 1769 7395 7395 1575 1780 7396 7396 1573 1770 7397 7397 1569 1779 7398 7398 1573 1770 7399 7399 1575 1780 7400 7400 1573 1770 7401 7401 1569 1779 7402 7402 1567 1771 7403 7403 1563 1778 7404 7404 1567 1771 7405 7405 1569 1779 7406 7406 1567 1771 7407 7407 1563 1778 7408 7408 1561 1772 7409 7409 1557 1777 7410 7410 1561 1772 7411 7411 1563 1778 7412 7412 1561 1772 7413 7413 1557 1777 7414 7414 1555 1773 7415 7415 1551 1776 7416 7416 1555 1773 7417 7417 1557 1777 7418 7418 1555 1773 7419 7419 1551 1776 7420 7420 1549 1774 7421 7421 1545 1775 7422 7422 1549 1774 7423 7423 1551 1776 7424 7424 1627 1827 7425 7425 1687 1788 7426 7426 1617 1787 7427 7427 1629 1828 7428 7428 1687 1788 7429 7429 1627 1827 7430 7430 1687 1788 7431 7431 1629 1828 7432 7432 1689 1789 7433 7433 1681 1791 7434 7434 1689 1789 7435 7435 1629 1828 7436 7436 1689 1789 7437 7437 1681 1791 7438 7438 1688 1790 7439 7439 1629 1828 7440 7440 1680 1792 7441 7441 1681 1791 7442 7442 1628 1829 7443 7443 1680 1792 7444 7444 1629 1828 7445 7445 1680 1792 7446 7446 1628 1829 7447 7447 1682 1793 7448 7448 1630 1830 7449 7449 1682 1793 7450 7450 1628 1829 7451 7451 1700 1795 7452 7452 1682 1793 7453 7453 1630 1830 7454 7454 1682 1793 7455 7455 1700 1795 7456 7456 1631 1794 7457 7457 1675 1831 7458 7458 1700 1795 7459 7459 1630 1830 7460 7460 1420 1832 7461 7461 1700 1795 7462 7462 1675 1831 7463 7463 1434 1797 7464 7464 1700 1795 7465 7465 1420 1832 7466 7466 1700 1795 7467 7467 1434 1797 7468 7468 1671 1796 7469 7469 1437 1801 7470 7470 1434 1797 7471 7471 1420 1832 7472 7472 1434 1797 7473 7473 1437 1801 7474 7474 1433 1798 7475 7475 1433 1798 7476 7476 1437 1801 7477 7477 1435 1799 7478 7478 1436 1800 7479 7479 1435 1799 7480 7480 1437 1801 7481 7481 1418 1824 7482 7482 1437 1801 7483 7483 1420 1832 7484 7484 1437 1801 7485 7485 1418 1824 7486 7486 1438 1802 7487 7487 1417 1833 7488 7488 1418 1824 7489 7489 1420 1832 7490 7490 1418 1824 7491 7491 1417 1833 7492 7492 1419 1825 7493 7493 1675 1831 7494 7494 1419 1825 7495 7495 1417 1833 7496 7496 1419 1825 7497 7497 1675 1831 7498 7498 1432 1826 7499 7499 1630 1830 7500 7500 1432 1826 7501 7501 1675 1831 7502 7502 1432 1826 7503 7503 1630 1830 7504 7504 1627 1827 7505 7505 1628 1829 7506 7506 1627 1827 7507 7507 1630 1830 7508 7508 1627 1827 7509 7509 1628 1829 7510 7510 1629 1828 7511 7511 1417 1833 7512 7512 1420 1832 7513 7513 1675 1831 7514 7514 1464 1834 7515 7515 1465 1813 7516 7516 1466 1812 7517 7517 1465 1813 7518 7518 1464 1834 7519 7519 1461 1822 7520 7520 1690 1835 7521 7521 1461 1822 7522 7522 1464 1834 7523 7523 1691 1836 7524 7524 1461 1822 7525 7525 1690 1835 7526 7526 1461 1822 7527 7527 1691 1836 7528 7528 1455 1823 7529 7529 1692 1837 7530 7530 1455 1823 7531 7531 1691 1836 7532 7532 1696 1838 7533 7533 1455 1823 7534 7534 1692 1837 7535 7535 1455 1823 7536 7536 1696 1838 7537 7537 1445 1803 7538 7538 1699 1804 7539 7539 1445 1803 7540 7540 1696 1838 7541 7541 1636 1839 7542 7542 1635 1840 7543 7543 1637 1220 7544 7544 1635 1840 7545 7545 1636 1839 7546 7546 1638 1841 7547 7547 1644 1842 7548 7548 1638 1841 7549 7549 1636 1839 7550 7550 1647 1843 7551 7551 1638 1841 7552 7552 1644 1842 7553 7553 1638 1841 7554 7554 1647 1843 7555 7555 1648 1844 7556 7556 1636 1839 7557 7557 1639 1845 7558 7558 1644 1842 7559 7559 1639 1845 7560 7560 1636 1839 7561 7561 1640 1220 7562 7562 1650 1846 7563 7563 1649 1847 7564 7564 1651 1848 7565 7565 1652 1849 7566 7566 1649 1847 7567 7567 1650 1846 7568 7568 1656 1850 7569 7569 1649 1847 7570 7570 1652 1849 7571 7571 1658 1560 7572 7572 1649 1847 7573 7573 1656 1850 7574 7574 1649 1847 7575 7575 1658 1560 7576 7576 1660 1560 7577 7577 1659 1560 7578 7578 1658 1560 7579 7579 1656 1850 7580 7580 1653 1560 7581 7581 1652 1849 7582 7582 1650 1846 7583 7583 1654 1851 7584 7584 1652 1849 7585 7585 1655 1852 7586 7586 1652 1849 7587 7587 1654 1851 7588 7588 1656 1850 7589 7589 1657 1560 7590 7590 1656 1850 7591 7591 1654 1851 7592 7592 1706 1853 7593 7593 1705 1854 7594 7594 1707 1855 7595 7595 1705 1854 7596 7596 1706 1853 7597 7597 1708 1856 7598 7598 1708 1856 7599 7599 1706 1853 7600 7600 1709 1857 7601 7601 1840 1858 7602 7602 1709 1857 7603 7603 1706 1853 7604 7604 1709 1857 7605 7605 1840 1858 7606 7606 1839 1859 7607 7607 1838 1860 7608 7608 1839 1859 7609 7609 1840 1858 7610 7610 1839 1859 7611 7611 1838 1860 7612 7612 1837 1861 7613 7613 1786 1862 7614 7614 1837 1861 7615 7615 1838 1860 7616 7616 1837 1861 7617 7617 1786 1862 7618 7618 1787 1863 7619 7619 1787 1863 7620 7620 1786 1862 7621 7621 1785 1864 7622 7622 1784 1865 7623 7623 1785 1864 7624 7624 1786 1862 7625 7625 1785 1864 7626 7626 1784 1865 7627 7627 1783 1866 7628 7628 1782 1867 7629 7629 1783 1866 7630 7630 1784 1865 7631 7631 1783 1866 7632 7632 1782 1867 7633 7633 1781 1868 7634 7634 1779 1869 7635 7635 1781 1868 7636 7636 1782 1867 7637 7637 1781 1868 7638 7638 1779 1869 7639 7639 1780 1870 7640 7640 1780 1870 7641 7641 1779 1869 7642 7642 1778 1871 7643 7643 1777 1872 7644 7644 1778 1871 7645 7645 1779 1869 7646 7646 1778 1871 7647 7647 1777 1872 7648 7648 1776 1873 7649 7649 1776 1873 7650 7650 1777 1872 7651 7651 1772 1874 7652 7652 1771 1875 7653 7653 1772 1874 7654 7654 1777 1872 7655 7655 1772 1874 7656 7656 1771 1875 7657 7657 1770 1876 7658 7658 1773 1877 7659 7659 1770 1876 7660 7660 1771 1875 7661 7661 1774 1878 7662 7662 1770 1876 7663 7663 1773 1877 7664 7664 1770 1876 7665 7665 1774 1878 7666 7666 1775 1879 7667 7667 1701 1880 7668 7668 1775 1879 7669 7669 1774 1878 7670 7670 1775 1879 7671 7671 1701 1880 7672 7672 1704 1881 7673 7673 1704 1881 7674 7674 1701 1880 7675 7675 1702 1882 7676 7676 1703 1883 7677 7677 1702 1882 7678 7678 1701 1880 7679 7679 1702 1882 7680 7680 1703 1883 7681 7681 1841 1884 7682 7682 1842 1885 7683 7683 1841 1884 7684 7684 1703 1883 7685 7685 1836 1886 7686 7686 1841 1884 7687 7687 1842 1885 7688 7688 1841 1884 7689 7689 1836 1886 7690 7690 1835 1887 7691 7691 1832 1888 7692 7692 1835 1887 7693 7693 1836 1886 7694 7694 1835 1887 7695 7695 1832 1888 7696 7696 1833 1889 7697 7697 1834 1890 7698 7698 1833 1889 7699 7699 1832 1888 7700 7700 1742 1891 7701 7701 1745 1892 7702 7702 1746 1893 7703 7703 1740 1894 7704 7704 1745 1892 7705 7705 1742 1891 7706 7706 1747 1895 7707 7707 1745 1892 7708 7708 1740 1894 7709 7709 1745 1892 7710 7710 1747 1895 7711 7711 1750 1896 7712 7712 1751 1897 7713 7713 1750 1896 7714 7714 1747 1895 7715 7715 1822 1898 7716 7716 1750 1896 7717 7717 1751 1897 7718 7718 1750 1896 7719 7719 1822 1898 7720 7720 1823 1899 7721 7721 1823 1899 7722 7722 1822 1898 7723 7723 1821 1900 7724 7724 1815 1901 7725 7725 1821 1900 7726 7726 1822 1898 7727 7727 1821 1900 7728 7728 1815 1901 7729 7729 1816 1902 7730 7730 1816 1902 7731 7731 1815 1901 7732 7732 1814 1903 7733 7733 1817 1904 7734 7734 1814 1903 7735 7735 1815 1901 7736 7736 1814 1903 7737 7737 1817 1904 7738 7738 1818 1905 7739 7739 1845 1906 7740 7740 1818 1905 7741 7741 1817 1904 7742 7742 1818 1905 7743 7743 1845 1906 7744 7744 1846 1907 7745 7745 1741 1908 7746 7746 1740 1894 7747 7747 1742 1891 7748 7748 1740 1894 7749 7749 1741 1908 7750 7750 1734 1909 7751 7751 1736 1910 7752 7752 1734 1909 7753 7753 1741 1908 7754 7754 1735 1911 7755 7755 1734 1909 7756 7756 1736 1910 7757 7757 1734 1909 7758 7758 1735 1911 7759 7759 1737 1912 7760 7760 1843 1913 7761 7761 1737 1912 7762 7762 1735 1911 7763 7763 1737 1912 7764 7764 1843 1913 7765 7765 1726 1914 7766 7766 1725 1915 7767 7767 1726 1914 7768 7768 1843 1913 7769 7769 1726 1914 7770 7770 1725 1915 7771 7771 1724 1916 7772 7772 1727 1917 7773 7773 1724 1916 7774 7774 1725 1915 7775 7775 1800 1918 7776 7776 1724 1916 7777 7777 1727 1917 7778 7778 1724 1916 7779 7779 1800 1918 7780 7780 1801 1919 7781 7781 1804 1920 7782 7782 1801 1919 7783 7783 1800 1918 7784 7784 1801 1919 7785 7785 1804 1920 7786 7786 1805 1921 7787 7787 1806 1922 7788 7788 1805 1921 7789 7789 1804 1920 7790 7790 1800 1918 7791 7791 1807 1923 7792 7792 1804 1920 7793 7793 1844 1924 7794 7794 1725 1915 7795 7795 1843 1913 7796 7796 1754 1925 7797 7797 1756 1926 7798 7798 1755 1927 7799 7799 1756 1926 7800 7800 1754 1925 7801 7801 1764 1928 7802 7802 1761 1929 7803 7803 1764 1928 7804 7804 1754 1925 7805 7805 1764 1928 7806 7806 1761 1929 7807 7807 1762 1930 7808 7808 1763 1931 7809 7809 1762 1930 7810 7810 1761 1929 7811 7811 1826 1932 7812 7812 1762 1930 7813 7813 1763 1931 7814 7814 1762 1930 7815 7815 1826 1932 7816 7816 1827 1933 7817 7817 1829 1934 7818 7818 1827 1933 7819 7819 1826 1932 7820 7820 1827 1933 7821 7821 1829 1934 7822 7822 1830 1935 7823 7823 1831 1936 7824 7824 1830 1935 7825 7825 1829 1934 7826 7826 1758 1937 7827 7827 1757 1938 7828 7828 1759 1939 7829 7829 1760 1940 7830 7830 1757 1938 7831 7831 1758 1937 7832 7832 1757 1938 7833 7833 1760 1940 7834 7834 1765 1941 7835 7835 1767 1942 7836 7836 1766 1943 7837 7837 1768 1944 7838 7838 1766 1943 7839 7839 1767 1942 7840 7840 1769 1945 7841 7841 1828 1946 7842 7842 1769 1945 7843 7843 1767 1942 7844 7844 1790 1947 7845 7845 1789 1948 7846 7846 1791 1949 7847 7847 1788 1950 7848 7848 1789 1948 7849 7849 1790 1947 7850 7850 1789 1948 7851 7851 1788 1950 7852 7852 1710 1951 7853 7853 1712 1952 7854 7854 1710 1951 7855 7855 1788 1950 7856 7856 1711 1953 7857 7857 1710 1951 7858 7858 1712 1952 7859 7859 1710 1951 7860 7860 1711 1953 7861 7861 1713 1954 7862 7862 1714 1955 7863 7863 1713 1954 7864 7864 1711 1953 7865 7865 1713 1954 7866 7866 1714 1955 7867 7867 1715 1956 7868 7868 1716 1957 7869 7869 1715 1956 7870 7870 1714 1955 7871 7871 1715 1956 7872 7872 1716 1957 7873 7873 1717 1958 7874 7874 1718 1959 7875 7875 1717 1958 7876 7876 1716 1957 7877 7877 1717 1958 7878 7878 1718 1959 7879 7879 1719 1960 7880 7880 1720 1961 7881 7881 1719 1960 7882 7882 1718 1959 7883 7883 1719 1960 7884 7884 1720 1961 7885 7885 1721 1962 7886 7886 1722 1963 7887 7887 1721 1962 7888 7888 1720 1961 7889 7889 1721 1962 7890 7890 1722 1963 7891 7891 1723 1964 7892 7892 1723 1964 7893 7893 1722 1963 7894 7894 1799 1965 7895 7895 1798 1966 7896 7896 1799 1965 7897 7897 1722 1963 7898 7898 1799 1965 7899 7899 1798 1966 7900 7900 1797 1967 7901 7901 1796 1968 7902 7902 1797 1967 7903 7903 1798 1966 7904 7904 1797 1967 7905 7905 1796 1968 7906 7906 1794 1969 7907 7907 1793 1970 7908 7908 1794 1969 7909 7909 1796 1968 7910 7910 1794 1969 7911 7911 1793 1970 7912 7912 1792 1971 7913 7913 1795 1972 7914 7914 1792 1971 7915 7915 1793 1970 7916 7916 1803 1973 7917 7917 1808 1974 7918 7918 1809 1975 7919 7919 1808 1974 7920 7920 1803 1973 7921 7921 1802 1976 7922 7922 1729 1977 7923 7923 1802 1976 7924 7924 1803 1973 7925 7925 1802 1976 7926 7926 1729 1977 7927 7927 1730 1978 7928 7928 1730 1978 7929 7929 1729 1977 7930 7930 1728 1979 7931 7931 1731 1980 7932 7932 1728 1979 7933 7933 1729 1977 7934 7934 1728 1979 7935 7935 1731 1980 7936 7936 1732 1981 7937 7937 1733 1982 7938 7938 1732 1981 7939 7939 1731 1980 7940 7940 1732 1981 7941 7941 1733 1982 7942 7942 1738 1983 7943 7943 1739 1984 7944 7944 1738 1983 7945 7945 1733 1982 7946 7946 1738 1983 7947 7947 1739 1984 7948 7948 1743 1985 7949 7949 1744 1986 7950 7950 1743 1985 7951 7951 1739 1984 7952 7952 1743 1985 7953 7953 1744 1986 7954 7954 1748 1987 7955 7955 1749 1988 7956 7956 1748 1987 7957 7957 1744 1986 7958 7958 1748 1987 7959 7959 1749 1988 7960 7960 1752 1989 7961 7961 1753 1990 7962 7962 1752 1989 7963 7963 1749 1988 7964 7964 1825 1991 7965 7965 1752 1989 7966 7966 1753 1990 7967 7967 1752 1989 7968 7968 1825 1991 7969 7969 1824 1992 7970 7970 1820 1993 7971 7971 1824 1992 7972 7972 1825 1991 7973 7973 1824 1992 7974 7974 1820 1993 7975 7975 1819 1994 7976 7976 1812 1995 7977 7977 1819 1994 7978 7978 1820 1993 7979 7979 1819 1994 7980 7980 1812 1995 7981 7981 1810 1996 7982 7982 1811 1997 7983 7983 1810 1996 7984 7984 1812 1995 7985 7985 1810 1996 7986 7986 1811 1997 7987 7987 1813 1998 7988 7988</p>
        </triangles>
        <triangles material="xsky_obj_timering_board-material" count="96">
          <input semantic="VERTEX" source="#xsky_obj_timering_mesh-mesh-vertices" offset="0"/>
          <input semantic="NORMAL" source="#xsky_obj_timering_mesh-mesh-normals" offset="1"/>
          <input semantic="TEXCOORD" source="#xsky_obj_timering_mesh-mesh-map-0" offset="2" set="0"/>
          <input semantic="TEXCOORD" source="#xsky_obj_timering_mesh-mesh-map-1" offset="2" set="1"/>
          <input semantic="COLOR" source="#xsky_obj_timering_mesh-mesh-colors-Col" offset="3" set="0"/>
          <p>2040 1999 7989 7989 2039 2000 7990 7990 2041 2001 7991 7991 2042 2002 7992 7992 2039 2000 7993 7993 2040 1999 7994 7994 2039 2000 7995 7995 2042 2002 7996 7996 2043 2003 7997 7997 2044 2004 7998 7998 2043 2003 7999 7999 2042 2002 8000 8000 2043 2003 8001 8001 2044 2004 8002 8002 2045 2005 8003 8003 2046 2006 8004 8004 2045 2005 8005 8005 2044 2004 8006 8006 2045 2005 8007 8007 2046 2006 8008 8008 2047 2007 8009 8009 2048 2008 8010 8010 2047 2007 8011 8011 2046 2006 8012 8012 2047 2007 8013 8013 2048 2008 8014 8014 2049 2009 8015 8015 2050 2010 8016 8016 2049 2009 8017 8017 2048 2008 8018 8018 2049 2009 8019 8019 2050 2010 8020 8020 2051 2011 8021 8021 2052 2012 8022 8022 2051 2011 8023 8023 2050 2010 8024 8024 2051 2011 8025 8025 2052 2012 8026 8026 2053 2013 8027 8027 2054 2014 8028 8028 2053 2013 8029 8029 2052 2012 8030 8030 2053 2013 8031 8031 2054 2014 8032 8032 2055 2015 8033 8033 2056 2016 8034 8034 2055 2015 8035 8035 2054 2014 8036 8036 2055 2015 8037 8037 2056 2016 8038 8038 2057 2017 8039 8039 2058 2018 8040 8040 2057 2017 8041 8041 2056 2016 8042 8042 2057 2017 8043 8043 2058 2018 8044 8044 2059 2019 8045 8045 2060 2020 8046 8046 2059 2019 8047 8047 2058 2018 8048 8048 2059 2019 8049 8049 2060 2020 8050 8050 2061 2021 8051 8051 2062 2022 8052 8052 2061 2021 8053 8053 2060 2020 8054 8054 2061 2021 8055 8055 2062 2022 8056 8056 2063 2023 8057 8057 2064 2024 8058 8058 2063 2023 8059 8059 2062 2022 8060 8060 2063 2023 8061 8061 2064 2024 8062 8062 2065 2025 8063 8063 2066 2026 8064 8064 2065 2025 8065 8065 2064 2024 8066 8066 2065 2025 8067 8067 2066 2026 8068 8068 2067 2027 8069 8069 2068 2028 8070 8070 2067 2027 8071 8071 2066 2026 8072 8072 2067 2027 8073 8073 2068 2028 8074 8074 2069 2029 8075 8075 2070 2030 8076 8076 2069 2029 8077 8077 2068 2028 8078 8078 2069 2029 8079 8079 2070 2030 8080 8080 2071 2031 8081 8081 2072 2032 8082 8082 2071 2031 8083 8083 2070 2030 8084 8084 2071 2031 8085 8085 2072 2032 8086 8086 2073 2033 8087 8087 2074 2034 8088 8088 2073 2033 8089 8089 2072 2032 8090 8090 2073 2033 8091 8091 2074 2034 8092 8092 2075 2035 8093 8093 2076 2036 8094 8094 2075 2035 8095 8095 2074 2034 8096 8096 2075 2035 8097 8097 2076 2036 8098 8098 2077 2037 8099 8099 2078 2038 8100 8100 2077 2037 8101 8101 2076 2036 8102 8102 2077 2037 8103 8103 2078 2038 8104 8104 2079 2039 8105 8105 2080 2040 8106 8106 2079 2039 8107 8107 2078 2038 8108 8108 2079 2039 8109 8109 2080 2040 8110 8110 2081 2041 8111 8111 2082 2042 8112 8112 2081 2041 8113 8113 2080 2040 8114 8114 2081 2041 8115 8115 2082 2042 8116 8116 2083 2043 8117 8117 2084 2044 8118 8118 2083 2043 8119 8119 2082 2042 8120 8120 2083 2043 8121 8121 2084 2044 8122 8122 2085 2045 8123 8123 2086 2046 8124 8124 2085 2045 8125 8125 2084 2044 8126 8126 2085 2045 8127 8127 2086 2046 8128 8128 2087 2047 8129 8129 2088 2048 8130 8130 2087 2047 8131 8131 2086 2046 8132 8132 2087 2047 8133 8133 2088 2048 8134 8134 2089 2049 8135 8135 2090 2050 8136 8136 2089 2049 8137 8137 2088 2048 8138 8138 2089 2049 8139 8139 2090 2050 8140 8140 2091 2051 8141 8141 2092 2052 8142 8142 2091 2051 8143 8143 2090 2050 8144 8144 2091 2051 8145 8145 2092 2052 8146 8146 2093 2053 8147 8147 2094 2054 8148 8148 2093 2053 8149 8149 2092 2052 8150 8150 2093 2053 8151 8151 2094 2054 8152 8152 2095 2055 8153 8153 2096 2056 8154 8154 2095 2055 8155 8155 2094 2054 8156 8156 2095 2055 8157 8157 2096 2056 8158 8158 2097 2057 8159 8159 2098 2058 8160 8160 2097 2057 8161 8161 2096 2056 8162 8162 2097 2057 8163 8163 2098 2058 8164 8164 2099 2059 8165 8165 2100 2060 8166 8166 2099 2059 8167 8167 2098 2058 8168 8168 2099 2059 8169 8169 2100 2060 8170 8170 2101 2061 8171 8171 2102 2062 8172 8172 2101 2061 8173 8173 2100 2060 8174 8174 2101 2061 8175 8175 2102 2062 8176 8176 2041 2001 8177 8177 2041 2001 8178 8178 2102 2062 8179 8179 2040 1999 8180 8180 2103 2063 8181 8181 2040 1999 8182 8182 2102 2062 8183 8183 2040 1999 8184 8184 2103 2063 8185 8185 2042 2002 8186 8186 2042 2002 8187 8187 2103 2063 8188 8188 2044 2004 8189 8189 2044 2004 8190 8190 2103 2063 8191 8191 2046 2006 8192 8192 2046 2006 8193 8193 2103 2063 8194 8194 2048 2008 8195 8195 2048 2008 8196 8196 2103 2063 8197 8197 2050 2010 8198 8198 2050 2010 8199 8199 2103 2063 8200 8200 2052 2012 8201 8201 2052 2012 8202 8202 2103 2063 8203 8203 2054 2014 8204 8204 2054 2014 8205 8205 2103 2063 8206 8206 2056 2016 8207 8207 2056 2016 8208 8208 2103 2063 8209 8209 2058 2018 8210 8210 2058 2018 8211 8211 2103 2063 8212 8212 2060 2020 8213 8213 2060 2020 8214 8214 2103 2063 8215 8215 2062 2022 8216 8216 2062 2022 8217 8217 2103 2063 8218 8218 2064 2024 8219 8219 2064 2024 8220 8220 2103 2063 8221 8221 2066 2026 8222 8222 2066 2026 8223 8223 2103 2063 8224 8224 2068 2028 8225 8225 2068 2028 8226 8226 2103 2063 8227 8227 2070 2030 8228 8228 2070 2030 8229 8229 2103 2063 8230 8230 2072 2032 8231 8231 2072 2032 8232 8232 2103 2063 8233 8233 2074 2034 8234 8234 2074 2034 8235 8235 2103 2063 8236 8236 2076 2036 8237 8237 2076 2036 8238 8238 2103 2063 8239 8239 2078 2038 8240 8240 2078 2038 8241 8241 2103 2063 8242 8242 2080 2040 8243 8243 2080 2040 8244 8244 2103 2063 8245 8245 2082 2042 8246 8246 2082 2042 8247 8247 2103 2063 8248 8248 2084 2044 8249 8249 2084 2044 8250 8250 2103 2063 8251 8251 2086 2046 8252 8252 2086 2046 8253 8253 2103 2063 8254 8254 2088 2048 8255 8255 2088 2048 8256 8256 2103 2063 8257 8257 2090 2050 8258 8258 2090 2050 8259 8259 2103 2063 8260 8260 2092 2052 8261 8261 2092 2052 8262 8262 2103 2063 8263 8263 2094 2054 8264 8264 2094 2054 8265 8265 2103 2063 8266 8266 2096 2056 8267 8267 2096 2056 8268 8268 2103 2063 8269 8269 2098 2058 8270 8270 2098 2058 8271 8271 2103 2063 8272 8272 2100 2060 8273 8273 2102 2062 8274 8274 2100 2060 8275 8275 2103 2063 8276 8276</p>
        </triangles>
      </mesh>
    </geometry>
  </library_geometries>
  <library_controllers>
    <controller id="xsky_obj_timering_xsky_obj_timering_001-skin" name="xsky_obj_timering">
      <skin source="#xsky_obj_timering_mesh-mesh">
        <bind_shape_matrix>1 0 0 0 0 1 0 0 0 0 1 0 0 0 0 1</bind_shape_matrix>
        <source id="xsky_obj_timering_xsky_obj_timering_001-skin-joints">
          <Name_array id="xsky_obj_timering_xsky_obj_timering_001-skin-joints-array" count="2">Body Clockhand</Name_array>
          <technique_common>
            <accessor source="#xsky_obj_timering_xsky_obj_timering_001-skin-joints-array" count="2" stride="1">
              <param name="JOINT" type="name"/>
            </accessor>
          </technique_common>
        </source>
        <source id="xsky_obj_timering_xsky_obj_timering_001-skin-bind_poses">
          <float_array id="xsky_obj_timering_xsky_obj_timering_001-skin-bind_poses-array" count="32">1 0 0 0 0 -1.62921e-7 1 0.24 0 -1 -1.62921e-7 0 0 0 0 1 9.58258e-5 -1.62921e-7 1 0.24 -1 0 9.58443e-5 2.30026e-5 0 -1 -1.62921e-7 -0.234498 0 0 0 1</float_array>
          <technique_common>
            <accessor source="#xsky_obj_timering_xsky_obj_timering_001-skin-bind_poses-array" count="2" stride="16">
              <param name="TRANSFORM" type="float4x4"/>
            </accessor>
          </technique_common>
        </source>
        <source id="xsky_obj_timering_xsky_obj_timering_001-skin-weights">
          <float_array id="xsky_obj_timering_xsky_obj_timering_001-skin-weights-array" count="2104">1 1 1 1 1 1 1 1 1 1 1 1 1 1 1 1 1 1 1 1 1 1 1 1 1 1 1 1 1 1 1 1 1 1 1 1 1 1 1 1 1 1 1 1 1 1 1 1 1 1 1 1 1 1 1 1 1 1 1 1 1 1 1 1 1 1 1 1 1 1 1 1 1 1 1 1 1 1 1 1 1 1 1 1 1 1 1 1 1 1 1 1 1 1 1 1 1 1 1 1 1 1 1 1 1 1 1 1 1 1 1 1 1 1 1 1 1 1 1 1 1 1 1 1 1 1 1 1 1 1 1 1 1 1 1 1 1 1 1 1 1 1 1 1 1 1 1 1 1 1 1 1 1 1 1 1 1 1 1 1 1 1 1 1 1 1 1 1 1 1 1 1 1 1 1 1 1 1 1 1 1 1 1 1 1 1 1 1 1 1 1 1 1 1 1 1 1 1 1 1 1 1 1 1 1 1 1 1 1 1 1 1 1 1 1 1 1 1 1 1 1 1 1 1 1 1 1 1 1 1 1 1 1 1 1 1 1 1 1 1 1 1 1 1 1 1 1 1 1 1 1 1 1 1 1 1 1 1 1 1 1 1 1 1 1 1 1 1 1 1 1 1 1 1 1 1 1 1 1 1 1 1 1 1 1 1 1 1 1 1 1 1 1 1 1 1 1 1 1 1 1 1 1 1 1 1 1 1 1 1 1 1 1 1 1 1 1 1 1 1 1 1 1 1 1 1 1 1 1 1 1 1 1 1 1 1 1 1 1 1 1 1 1 1 1 1 1 1 1 1 1 1 1 1 1 1 1 1 1 1 1 1 1 1 1 1 1 1 1 1 1 1 1 1 1 1 1 1 1 1 1 1 1 1 1 1 1 1 1 1 1 1 1 1 1 1 1 1 1 1 1 1 1 1 1 1 1 1 1 1 1 1 1 1 1 1 1 1 1 1 1 1 1 1 1 1 1 1 1 1 1 1 1 1 1 1 1 1 1 1 1 1 1 1 1 1 1 1 1 1 1 1 1 1 1 1 1 1 1 1 1 1 1 1 1 1 1 1 1 1 1 1 1 1 1 1 1 1 1 1 1 1 1 1 1 1 1 1 1 1 1 1 1 1 1 1 1 1 1 1 1 1 1 1 1 1 1 1 1 1 1 1 1 1 1 1 1 1 1 1 1 1 1 1 1 1 1 1 1 1 1 1 1 1 1 1 1 1 1 1 1 1 1 1 1 1 1 1 1 1 1 1 1 1 1 1 1 1 1 1 1 1 1 1 1 1 1 1 1 1 1 1 1 1 1 1 1 1 1 1 1 1 1 1 1 1 1 1 1 1 1 1 1 1 1 1 1 1 1 1 1 1 1 1 1 1 1 1 1 1 1 1 1 1 1 1 1 1 1 1 1 1 1 1 1 1 1 1 1 1 1 1 1 1 1 1 1 1 1 1 1 1 1 1 1 1 1 1 1 1 1 1 1 1 1 1 1 1 1 1 1 1 1 1 1 1 1 1 1 1 1 1 1 1 1 1 1 1 1 1 1 1 1 1 1 1 1 1 1 1 1 1 1 1 1 1 1 1 1 1 1 1 1 1 1 1 1 1 1 1 1 1 1 1 1 1 1 1 1 1 1 1 1 1 1 1 1 1 1 1 1 1 1 1 1 1 1 1 1 1 1 1 1 1 1 1 1 1 1 1 1 1 1 1 1 1 1 1 1 1 1 1 1 1 1 1 1 1 1 1 1 1 1 1 1 1 1 1 1 1 1 1 1 1 1 1 1 1 1 1 1 1 1 1 1 1 1 1 1 1 1 1 1 1 1 1 1 1 1 1 1 1 1 1 1 1 1 1 1 1 1 1 1 1 1 1 1 1 1 1 1 1 1 1 1 1 1 1 1 1 1 1 1 1 1 1 1 1 1 1 1 1 1 1 1 1 1 1 1 1 1 1 1 1 1 1 1 1 1 1 1 1 1 1 1 1 1 1 1 1 1 1 1 1 1 1 1 1 1 1 1 1 1 1 1 1 1 1 1 1 1 1 1 1 1 1 1 1 1 1 1 1 1 1 1 1 1 1 1 1 1 1 1 1 1 1 1 1 1 1 1 1 1 1 1 1 1 1 1 1 1 1 1 1 1 1 1 1 1 1 1 1 1 1 1 1 1 1 1 1 1 1 1 1 1 1 1 1 1 1 1 1 1 1 1 1 1 1 1 1 1 1 1 1 1 1 1 1 1 1 1 1 1 1 1 1 1 1 1 1 1 1 1 1 1 1 1 1 1 1 1 1 1 1 1 1 1 1 1 1 1 1 1 1 1 1 1 1 1 1 1 1 1 1 1 1 1 1 1 1 1 1 1 1 1 1 1 1 1 1 1 1 1 1 1 1 1 1 1 1 1 1 1 1 1 1 1 1 1 1 1 1 1 1 1 1 1 1 1 1 1 1 1 1 1 1 1 1 1 1 1 1 1 1 1 1 1 1 1 1 1 1 1 1 1 1 1 1 1 1 1 1 1 1 1 1 1 1 1 1 1 1 1 1 1 1 1 1 1 1 1 1 1 1 1 1 1 1 1 1 1 1 1 1 1 1 1 1 1 1 1 1 1 1 1 1 1 1 1 1 1 1 1 1 1 1 1 1 1 1 1 1 1 1 1 1 1 1 1 1 1 1 1 1 1 1 1 1 1 1 1 1 1 1 1 1 1 1 1 1 1 1 1 1 1 1 1 1 1 1 1 1 1 1 1 1 1 1 1 1 1 1 1 1 1 1 1 1 1 1 1 1 1 1 1 1 1 1 1 1 1 1 1 1 1 1 1 1 1 1 1 1 1 1 1 1 1 1 1 1 1 1 1 1 1 1 1 1 1 1 1 1 1 1 1 1 1 1 1 1 1 1 1 1 1 1 1 1 1 1 1 1 1 1 1 1 1 1 1 1 1 1 1 1 1 1 1 1 1 1 1 1 1 1 1 1 1 1 1 1 1 1 1 1 1 1 1 1 1 1 1 1 1 1 1 1 1 1 1 1 1 1 1 1 1 1 1 1 1 1 1 1 1 1 1 1 1 1 1 1 1 1 1 1 1 1 1 1 1 1 1 1 1 1 1 1 1 1 1 1 1 1 1 1 1 1 1 1 1 1 1 1 1 1 1 1 1 1 1 1 1 1 1 1 1 1 1 1 1 1 1 1 1 1 1 1 1 1 1 1 1 1 1 1 1 1 1 1 1 1 1 1 1 1 1 1 1 1 1 1 1 1 1 1 1 1 1 1 1 1 1 1 1 1 1 1 1 1 1 1 1 1 1 1 1 1 1 1 1 1 1 1 1 1 1 1 1 1 1 1 1 1 1 1 1 1 1 1 1 1 1 1 1 1 1 1 1 1 1 1 1 1 1 1 1 1 1 1 1 1 1 1 1 1 1 1 1 1 1 1 1 1 1 1 1 1 1 1 1 1 1 1 1 1 1 1 1 1 1 1 1 1 1 1 1 1 1 1 1 1 1 1 1 1 1 1 1 1 1 1 1 1 1 1 1 1 1 1 1 1 1 1 1 1 1 1 1 1 1 1 1 1 1 1 1 1 1 1 1 1 1 1 1 1 1 1 1 1 1 1 1 1 1 1 1 1 1 1 1 1 1 1 1 1 1 1 1 1 1 1 1 1 1 1 1 1 1 1 1 1 1 1 1 1 1 1 1 1 1 1 1 1 1 1 1 1 1 1 1 1 1 1 1 1 1 1 1 1 1 1 1 1 1 1 1 1 1 1 1 1 1 1 1 1 1 1 1 1 1 1 1 1 1 1 1 1 1 1 1 1 1 1 1 1 1 1 1 1 1 1 1 1 1 1 1 1 1 1 1 1 1 1 1 1 1 1 1 1 1 1 1 1 1 1 1 1 1 1 1 1 1 1 1 1 1 1 1 1 1 1 1 1 1 1 1 1 1 1 1 1 1 1 1 1 1 1 1 1 1 1 1 1 1 1 1 1 1 1 1 1 1 1 1 1 1 1 1 1 1 1 1 1 1 1 1 1 1 1 1 1 1 1 1 1 1 1 1 1 1 1 1 1 1 1 1 1 1 1 1 1 1 1 1 1 1 1 1 1 1 1 1 1 1 1 1 1 1 1 1 1 1 1 1 1 1 1 1 1 1 1 1 1 1 1 1 1 1 1 1 1 1 1 1 1 1 1 1 1 1 1 1 1 1 1 1 1 1 1 1 1 1 1 1 1 1 1 1 1 1 1 1 1 1 1 1 1 1 1 1 1 1 1 1 1 1 1 1 1 1 1 1 1 1 1 1 1 1 1 1 1 1 1 1 1 1 1 1 1 1 1 1 1 1 1 1 1 1 1 1 1 1 1 1 1 1 1 1 1 1 1 1 1 1 1 1 1 1 1 1 1 1 1 1 1 1 1 1 1 1 1 1 1 1 1 1 1 1 1 1 1 1 1 1 1 1 1 1 1 1 1 1 1 1 1 1 1 1 1 1 1 1 1 1 1 1 1 1 1 1 1 1 1 1 1 1 1 1 1 1 1 1 1 1 1 1 1 1 1 1 1 1 1 1 1 1 1 1 1 1 1 1 1 1 1 1 1 1 1 1 1 1 1 1 1 1 1 1 1 1 1 1 1 1 1 1 1 1 1 1 1 1 1 1 1 1 1 1 1 1 1 1 1 1 1 1 1 1 1 1 1 1 1 1 1 1 1 1 1 1 1 1 1 1 1 1 1 1 1 1 1 1 1 1 1</float_array>
          <technique_common>
            <accessor source="#xsky_obj_timering_xsky_obj_timering_001-skin-weights-array" count="2104" stride="1">
              <param name="WEIGHT" type="float"/>
            </accessor>
          </technique_common>
        </source>
        <joints>
          <input semantic="JOINT" source="#xsky_obj_timering_xsky_obj_timering_001-skin-joints"/>
          <input semantic="INV_BIND_MATRIX" source="#xsky_obj_timering_xsky_obj_timering_001-skin-bind_poses"/>
        </joints>
        <vertex_weights count="2104">
          <input semantic="JOINT" source="#xsky_obj_timering_xsky_obj_timering_001-skin-joints" offset="0"/>
          <input semantic="WEIGHT" source="#xsky_obj_timering_xsky_obj_timering_001-skin-weights" offset="1"/>
          <vcount>1 1 1 1 1 1 1 1 1 1 1 1 1 1 1 1 1 1 1 1 1 1 1 1 1 1 1 1 1 1 1 1 1 1 1 1 1 1 1 1 1 1 1 1 1 1 1 1 1 1 1 1 1 1 1 1 1 1 1 1 1 1 1 1 1 1 1 1 1 1 1 1 1 1 1 1 1 1 1 1 1 1 1 1 1 1 1 1 1 1 1 1 1 1 1 1 1 1 1 1 1 1 1 1 1 1 1 1 1 1 1 1 1 1 1 1 1 1 1 1 1 1 1 1 1 1 1 1 1 1 1 1 1 1 1 1 1 1 1 1 1 1 1 1 1 1 1 1 1 1 1 1 1 1 1 1 1 1 1 1 1 1 1 1 1 1 1 1 1 1 1 1 1 1 1 1 1 1 1 1 1 1 1 1 1 1 1 1 1 1 1 1 1 1 1 1 1 1 1 1 1 1 1 1 1 1 1 1 1 1 1 1 1 1 1 1 1 1 1 1 1 1 1 1 1 1 1 1 1 1 1 1 1 1 1 1 1 1 1 1 1 1 1 1 1 1 1 1 1 1 1 1 1 1 1 1 1 1 1 1 1 1 1 1 1 1 1 1 1 1 1 1 1 1 1 1 1 1 1 1 1 1 1 1 1 1 1 1 1 1 1 1 1 1 1 1 1 1 1 1 1 1 1 1 1 1 1 1 1 1 1 1 1 1 1 1 1 1 1 1 1 1 1 1 1 1 1 1 1 1 1 1 1 1 1 1 1 1 1 1 1 1 1 1 1 1 1 1 1 1 1 1 1 1 1 1 1 1 1 1 1 1 1 1 1 1 1 1 1 1 1 1 1 1 1 1 1 1 1 1 1 1 1 1 1 1 1 1 1 1 1 1 1 1 1 1 1 1 1 1 1 1 1 1 1 1 1 1 1 1 1 1 1 1 1 1 1 1 1 1 1 1 1 1 1 1 1 1 1 1 1 1 1 1 1 1 1 1 1 1 1 1 1 1 1 1 1 1 1 1 1 1 1 1 1 1 1 1 1 1 1 1 1 1 1 1 1 1 1 1 1 1 1 1 1 1 1 1 1 1 1 1 1 1 1 1 1 1 1 1 1 1 1 1 1 1 1 1 1 1 1 1 1 1 1 1 1 1 1 1 1 1 1 1 1 1 1 1 1 1 1 1 1 1 1 1 1 1 1 1 1 1 1 1 1 1 1 1 1 1 1 1 1 1 1 1 1 1 1 1 1 1 1 1 1 1 1 1 1 1 1 1 1 1 1 1 1 1 1 1 1 1 1 1 1 1 1 1 1 1 1 1 1 1 1 1 1 1 1 1 1 1 1 1 1 1 1 1 1 1 1 1 1 1 1 1 1 1 1 1 1 1 1 1 1 1 1 1 1 1 1 1 1 1 1 1 1 1 1 1 1 1 1 1 1 1 1 1 1 1 1 1 1 1 1 1 1 1 1 1 1 1 1 1 1 1 1 1 1 1 1 1 1 1 1 1 1 1 1 1 1 1 1 1 1 1 1 1 1 1 1 1 1 1 1 1 1 1 1 1 1 1 1 1 1 1 1 1 1 1 1 1 1 1 1 1 1 1 1 1 1 1 1 1 1 1 1 1 1 1 1 1 1 1 1 1 1 1 1 1 1 1 1 1 1 1 1 1 1 1 1 1 1 1 1 1 1 1 1 1 1 1 1 1 1 1 1 1 1 1 1 1 1 1 1 1 1 1 1 1 1 1 1 1 1 1 1 1 1 1 1 1 1 1 1 1 1 1 1 1 1 1 1 1 1 1 1 1 1 1 1 1 1 1 1 1 1 1 1 1 1 1 1 1 1 1 1 1 1 1 1 1 1 1 1 1 1 1 1 1 1 1 1 1 1 1 1 1 1 1 1 1 1 1 1 1 1 1 1 1 1 1 1 1 1 1 1 1 1 1 1 1 1 1 1 1 1 1 1 1 1 1 1 1 1 1 1 1 1 1 1 1 1 1 1 1 1 1 1 1 1 1 1 1 1 1 1 1 1 1 1 1 1 1 1 1 1 1 1 1 1 1 1 1 1 1 1 1 1 1 1 1 1 1 1 1 1 1 1 1 1 1 1 1 1 1 1 1 1 1 1 1 1 1 1 1 1 1 1 1 1 1 1 1 1 1 1 1 1 1 1 1 1 1 1 1 1 1 1 1 1 1 1 1 1 1 1 1 1 1 1 1 1 1 1 1 1 1 1 1 1 1 1 1 1 1 1 1 1 1 1 1 1 1 1 1 1 1 1 1 1 1 1 1 1 1 1 1 1 1 1 1 1 1 1 1 1 1 1 1 1 1 1 1 1 1 1 1 1 1 1 1 1 1 1 1 1 1 1 1 1 1 1 1 1 1 1 1 1 1 1 1 1 1 1 1 1 1 1 1 1 1 1 1 1 1 1 1 1 1 1 1 1 1 1 1 1 1 1 1 1 1 1 1 1 1 1 1 1 1 1 1 1 1 1 1 1 1 1 1 1 1 1 1 1 1 1 1 1 1 1 1 1 1 1 1 1 1 1 1 1 1 1 1 1 1 1 1 1 1 1 1 1 1 1 1 1 1 1 1 1 1 1 1 1 1 1 1 1 1 1 1 1 1 1 1 1 1 1 1 1 1 1 1 1 1 1 1 1 1 1 1 1 1 1 1 1 1 1 1 1 1 1 1 1 1 1 1 1 1 1 1 1 1 1 1 1 1 1 1 1 1 1 1 1 1 1 1 1 1 1 1 1 1 1 1 1 1 1 1 1 1 1 1 1 1 1 1 1 1 1 1 1 1 1 1 1 1 1 1 1 1 1 1 1 1 1 1 1 1 1 1 1 1 1 1 1 1 1 1 1 1 1 1 1 1 1 1 1 1 1 1 1 1 1 1 1 1 1 1 1 1 1 1 1 1 1 1 1 1 1 1 1 1 1 1 1 1 1 1 1 1 1 1 1 1 1 1 1 1 1 1 1 1 1 1 1 1 1 1 1 1 1 1 1 1 1 1 1 1 1 1 1 1 1 1 1 1 1 1 1 1 1 1 1 1 1 1 1 1 1 1 1 1 1 1 1 1 1 1 1 1 1 1 1 1 1 1 1 1 1 1 1 1 1 1 1 1 1 1 1 1 1 1 1 1 1 1 1 1 1 1 1 1 1 1 1 1 1 1 1 1 1 1 1 1 1 1 1 1 1 1 1 1 1 1 1 1 1 1 1 1 1 1 1 1 1 1 1 1 1 1 1 1 1 1 1 1 1 1 1 1 1 1 1 1 1 1 1 1 1 1 1 1 1 1 1 1 1 1 1 1 1 1 1 1 1 1 1 1 1 1 1 1 1 1 1 1 1 1 1 1 1 1 1 1 1 1 1 1 1 1 1 1 1 1 1 1 1 1 1 1 1 1 1 1 1 1 1 1 1 1 1 1 1 1 1 1 1 1 1 1 1 1 1 1 1 1 1 1 1 1 1 1 1 1 1 1 1 1 1 1 1 1 1 1 1 1 1 1 1 1 1 1 1 1 1 1 1 1 1 1 1 1 1 1 1 1 1 1 1 1 1 1 1 1 1 1 1 1 1 1 1 1 1 1 1 1 1 1 1 1 1 1 1 1 1 1 1 1 1 1 1 1 1 1 1 1 1 1 1 1 1 1 1 1 1 1 1 1 1 1 1 1 1 1 1 1 1 1 1 1 1 1 1 1 1 1 1 1 1 1 1 1 1 1 1 1 1 1 1 1 1 1 1 1 1 1 1 1 1 1 1 1 1 1 1 1 1 1 1 1 1 1 1 1 1 1 1 1 1 1 1 1 1 1 1 1 1 1 1 1 1 1 1 1 1 1 1 1 1 1 1 1 1 1 1 1 1 1 1 1 1 1 1 1 1 1 1 1 1 1 1 1 1 1 1 1 1 1 1 1 1 1 1 1 1 1 1 1 1 1 1 1 1 1 1 1 1 1 1 1 1 1 1 1 1 1 1 1 1 1 1 1 1 1 1 1 1 1 1 1 1 1 1 1 1 1 1 1 1 1 1 1 1 1 1 1 1 1 1 1 1 1 1 1 1 1 1 1 1 1 1 1 1 1 1 1 1 1 1 1 1 1 1 1 1 1 1 1 1 1 1 1 1 1 1 1 1 1 1 1 1 1 1 1 1 1 1 1 1 1 1 1 1 1 1 1 1 1 1 1 1 1 1 1 1 1 1 1 1 1 1 1 1 1 1 1 1 1 1 1 1 1 1 1 1 1 1 1 1 1 1 1 1 1 1 1 1 1 1 1 1 1 1 1 1 1 1 1 1 1 1 1 1 1 1 1 1 1 1 1 1 1 1 1 1 1 1 1 1 1 1 1 1 1 1 1 1 1 1 1 1 1 1 1 1 1 1 1 1 1 1 1 1 1 1 1 1 1 1 1 1 1 1 1 1 1 1 1 1 1 1 1 1 1 1 1 1 1 1 1 1 1 1 1 1 1 1 1 1 1 1 1 1 1 1 1 1 1 1 1 1 1 1 1 1 1 1 1 1 1 1 1 1 1 1 1 1 1 1 1 1 1 1 1 1 1 1 1 1 1 1 1 1 1 1 1 1 1 1 1 1 1 1 1 1 1 1 1 1 1 1 1 1 1 1 1 1 1 1 1 1 1 1 1 1 1 1 1 1 1 1 1 1 1 1 1 1 1 1 1 1 1 1 1 1 1 1 1 1 1 1 1 1 1 1 1 1 1 1 1 1 1 </vcount>
          <v>0 0 0 1 0 2 0 3 0 4 0 5 0 6 0 7 0 8 0 9 0 10 0 11 0 12 0 13 0 14 0 15 0 16 0 17 0 18 0 19 0 20 0 21 0 22 0 23 0 24 0 25 0 26 0 27 0 28 0 29 0 30 0 31 0 32 0 33 0 34 0 35 0 36 0 37 0 38 0 39 0 40 0 41 0 42 0 43 0 44 0 45 0 46 0 47 0 48 0 49 0 50 0 51 0 52 0 53 0 54 0 55 0 56 0 57 0 58 0 59 0 60 0 61 0 62 0 63 0 64 0 65 0 66 0 67 0 68 0 69 0 70 0 71 0 72 0 73 0 74 0 75 0 76 0 77 0 78 0 79 0 80 0 81 0 82 0 83 0 84 0 85 0 86 0 87 0 88 0 89 0 90 0 91 0 92 0 93 0 94 0 95 0 96 0 97 0 98 0 99 0 100 0 101 0 102 0 103 0 104 0 105 0 106 0 107 0 108 0 109 0 110 0 111 0 112 0 113 0 114 0 115 0 116 0 117 0 118 0 119 0 120 0 121 0 122 0 123 0 124 0 125 0 126 0 127 0 128 0 129 0 130 0 131 0 132 0 133 0 134 0 135 0 136 0 137 0 138 0 139 0 140 0 141 0 142 0 143 0 144 0 145 0 146 0 147 0 148 0 149 0 150 0 151 0 152 0 153 0 154 0 155 0 156 0 157 0 158 0 159 0 160 0 161 0 162 0 163 0 164 0 165 0 166 0 167 0 168 0 169 0 170 0 171 0 172 0 173 0 174 0 175 0 176 0 177 0 178 0 179 0 180 0 181 0 182 0 183 0 184 0 185 0 186 0 187 0 188 0 189 0 190 0 191 0 192 0 193 0 194 0 195 0 196 0 197 0 198 0 199 0 200 0 201 0 202 0 203 0 204 0 205 0 206 0 207 0 208 0 209 0 210 0 211 0 212 0 213 0 214 0 215 0 216 0 217 0 218 0 219 0 220 0 221 0 222 0 223 0 224 0 225 0 226 0 227 0 228 0 229 0 230 0 231 0 232 0 233 0 234 0 235 0 236 0 237 0 238 0 239 0 240 0 241 0 242 0 243 0 244 0 245 0 246 0 247 0 248 0 249 0 250 0 251 0 252 0 253 0 254 0 255 0 256 0 257 0 258 0 259 0 260 0 261 0 262 0 263 0 264 0 265 0 266 0 267 0 268 0 269 0 270 0 271 0 272 0 273 0 274 0 275 0 276 0 277 0 278 0 279 0 280 0 281 0 282 0 283 0 284 0 285 0 286 0 287 0 288 0 289 0 290 0 291 0 292 0 293 0 294 0 295 0 296 0 297 0 298 0 299 0 300 0 301 0 302 0 303 0 304 0 305 0 306 0 307 0 308 0 309 0 310 0 311 0 312 0 313 0 314 0 315 0 316 0 317 0 318 0 319 0 320 0 321 0 322 0 323 0 324 0 325 0 326 0 327 0 328 0 329 0 330 0 331 0 332 0 333 0 334 0 335 0 336 0 337 0 338 0 339 0 340 0 341 0 342 0 343 0 344 0 345 0 346 0 347 0 348 0 349 0 350 0 351 0 352 0 353 0 354 0 355 0 356 0 357 0 358 0 359 0 360 0 361 0 362 0 363 0 364 0 365 0 366 0 367 0 368 0 369 0 370 0 371 0 372 0 373 0 374 0 375 0 376 0 377 0 378 0 379 0 380 0 381 0 382 0 383 0 384 0 385 0 386 0 387 0 388 0 389 0 390 0 391 0 392 0 393 0 394 0 395 0 396 0 397 0 398 0 399 0 400 0 401 0 402 0 403 0 404 0 405 0 406 0 407 0 408 0 409 0 410 0 411 0 412 0 413 0 414 0 415 0 416 0 417 0 418 0 419 0 420 0 421 0 422 0 423 0 424 0 425 0 426 0 427 0 428 0 429 0 430 0 431 0 432 0 433 0 434 0 435 0 436 0 437 0 438 0 439 0 440 0 441 0 442 0 443 0 444 0 445 0 446 0 447 0 448 0 449 0 450 0 451 0 452 0 453 0 454 0 455 0 456 0 457 0 458 0 459 0 460 0 461 0 462 0 463 0 464 0 465 0 466 0 467 0 468 0 469 0 470 0 471 0 472 0 473 0 474 0 475 0 476 0 477 0 478 0 479 0 480 0 481 0 482 0 483 0 484 0 485 0 486 0 487 0 488 0 489 0 490 0 491 0 492 0 493 0 494 0 495 0 496 0 497 0 498 0 499 0 500 0 501 0 502 0 503 0 504 0 505 0 506 0 507 0 508 0 509 0 510 0 511 0 512 0 513 0 514 0 515 0 516 0 517 0 518 0 519 0 520 0 521 0 522 0 523 0 524 0 525 0 526 0 527 0 528 0 529 0 530 0 531 0 532 0 533 0 534 0 535 0 536 0 537 0 538 0 539 0 540 0 541 0 542 0 543 0 544 0 545 0 546 0 547 0 548 0 549 0 550 0 551 0 552 0 553 0 554 0 555 0 556 0 557 0 558 0 559 0 560 0 561 0 562 0 563 0 564 0 565 0 566 0 567 0 568 0 569 0 570 0 571 0 572 0 573 0 574 0 575 0 576 0 577 0 578 0 579 0 580 0 581 0 582 0 583 0 584 0 585 0 586 0 587 0 588 0 589 0 590 0 591 0 592 0 593 0 594 0 595 0 596 0 597 0 598 0 599 0 600 0 601 0 602 0 603 0 604 0 605 0 606 0 607 0 608 0 609 0 610 0 611 0 612 0 613 0 614 0 615 0 616 0 617 0 618 0 619 0 620 0 621 0 622 0 623 0 624 0 625 0 626 0 627 0 628 0 629 0 630 0 631 0 632 0 633 0 634 0 635 0 636 0 637 0 638 0 639 0 640 0 641 0 642 0 643 0 644 0 645 0 646 0 647 0 648 0 649 0 650 0 651 0 652 0 653 0 654 0 655 0 656 0 657 0 658 0 659 0 660 0 661 0 662 0 663 0 664 0 665 0 666 0 667 0 668 0 669 0 670 0 671 0 672 0 673 0 674 0 675 0 676 0 677 0 678 0 679 0 680 0 681 0 682 0 683 0 684 0 685 0 686 0 687 0 688 0 689 0 690 0 691 0 692 0 693 0 694 0 695 0 696 0 697 0 698 0 699 0 700 0 701 0 702 0 703 0 704 0 705 0 706 0 707 0 708 0 709 0 710 0 711 0 712 0 713 0 714 0 715 0 716 0 717 0 718 0 719 0 720 0 721 0 722 0 723 0 724 0 725 0 726 0 727 0 728 0 729 0 730 0 731 0 732 0 733 0 734 0 735 0 736 0 737 0 738 0 739 0 740 0 741 0 742 0 743 0 744 0 745 0 746 0 747 0 748 0 749 0 750 0 751 0 752 0 753 0 754 0 755 0 756 0 757 0 758 0 759 0 760 0 761 0 762 0 763 0 764 0 765 0 766 0 767 0 768 0 769 0 770 0 771 0 772 0 773 0 774 0 775 0 776 0 777 0 778 0 779 0 780 0 781 0 782 0 783 0 784 0 785 0 786 0 787 0 788 0 789 0 790 0 791 0 792 0 793 0 794 0 795 0 796 0 797 0 798 0 799 0 800 0 801 0 802 0 803 0 804 0 805 0 806 0 807 0 808 0 809 0 810 0 811 0 812 0 813 0 814 0 815 0 816 0 817 0 818 0 819 0 820 0 821 0 822 0 823 0 824 0 825 0 826 0 827 0 828 0 829 0 830 0 831 0 832 0 833 0 834 0 835 0 836 0 837 0 838 0 839 0 840 0 841 0 842 0 843 0 844 0 845 0 846 0 847 0 848 0 849 0 850 0 851 0 852 0 853 0 854 0 855 0 856 0 857 0 858 0 859 0 860 0 861 0 862 0 863 0 864 0 865 0 866 0 867 0 868 0 869 0 870 0 871 0 872 0 873 0 874 0 875 0 876 0 877 0 878 0 879 0 880 0 881 0 882 0 883 0 884 0 885 0 886 0 887 0 888 0 889 0 890 0 891 0 892 0 893 0 894 0 895 0 896 0 897 0 898 0 899 0 900 0 901 0 902 0 903 0 904 0 905 0 906 0 907 0 908 0 909 0 910 0 911 0 912 0 913 0 914 0 915 0 916 0 917 0 918 0 919 0 920 0 921 0 922 0 923 0 924 0 925 0 926 0 927 0 928 0 929 0 930 0 931 0 932 0 933 0 934 0 935 0 936 0 937 0 938 0 939 0 940 0 941 0 942 0 943 0 944 0 945 0 946 0 947 0 948 0 949 0 950 0 951 0 952 0 953 0 954 0 955 0 956 0 957 0 958 0 959 0 960 0 961 0 962 0 963 0 964 0 965 0 966 0 967 0 968 0 969 0 970 0 971 0 972 0 973 0 974 0 975 0 976 0 977 0 978 0 979 0 980 0 981 0 982 0 983 0 984 0 985 0 986 0 987 0 988 0 989 0 990 0 991 0 992 0 993 0 994 0 995 0 996 0 997 0 998 0 999 0 1000 0 1001 0 1002 0 1003 0 1004 0 1005 0 1006 0 1007 0 1008 0 1009 0 1010 0 1011 0 1012 0 1013 0 1014 0 1015 0 1016 0 1017 0 1018 0 1019 0 1020 0 1021 0 1022 0 1023 0 1024 0 1025 0 1026 0 1027 0 1028 0 1029 0 1030 0 1031 0 1032 0 1033 0 1034 0 1035 0 1036 0 1037 0 1038 0 1039 0 1040 0 1041 0 1042 0 1043 0 1044 0 1045 0 1046 0 1047 0 1048 0 1049 0 1050 0 1051 0 1052 0 1053 0 1054 0 1055 0 1056 0 1057 0 1058 0 1059 0 1060 0 1061 0 1062 0 1063 0 1064 0 1065 0 1066 0 1067 0 1068 0 1069 0 1070 0 1071 0 1072 0 1073 0 1074 0 1075 0 1076 0 1077 0 1078 0 1079 0 1080 0 1081 0 1082 0 1083 0 1084 0 1085 0 1086 0 1087 0 1088 0 1089 0 1090 0 1091 0 1092 0 1093 0 1094 0 1095 0 1096 0 1097 0 1098 0 1099 0 1100 0 1101 0 1102 0 1103 0 1104 0 1105 0 1106 0 1107 0 1108 0 1109 0 1110 0 1111 0 1112 0 1113 0 1114 0 1115 0 1116 0 1117 0 1118 0 1119 0 1120 0 1121 0 1122 0 1123 0 1124 0 1125 0 1126 0 1127 0 1128 0 1129 0 1130 0 1131 0 1132 0 1133 0 1134 0 1135 0 1136 0 1137 1 1138 1 1139 1 1140 1 1141 1 1142 1 1143 1 1144 1 1145 1 1146 1 1147 1 1148 1 1149 1 1150 1 1151 1 1152 1 1153 1 1154 1 1155 1 1156 1 1157 1 1158 1 1159 1 1160 1 1161 1 1162 1 1163 1 1164 1 1165 1 1166 1 1167 1 1168 1 1169 1 1170 1 1171 1 1172 1 1173 1 1174 1 1175 1 1176 1 1177 1 1178 1 1179 1 1180 1 1181 1 1182 1 1183 1 1184 1 1185 1 1186 1 1187 1 1188 1 1189 1 1190 1 1191 1 1192 1 1193 1 1194 1 1195 1 1196 1 1197 1 1198 1 1199 1 1200 1 1201 1 1202 1 1203 1 1204 1 1205 1 1206 1 1207 1 1208 1 1209 1 1210 1 1211 1 1212 1 1213 1 1214 1 1215 1 1216 1 1217 1 1218 1 1219 0 1220 0 1221 0 1222 0 1223 0 1224 0 1225 0 1226 0 1227 0 1228 0 1229 0 1230 0 1231 0 1232 0 1233 0 1234 0 1235 0 1236 0 1237 0 1238 0 1239 0 1240 0 1241 0 1242 0 1243 0 1244 0 1245 0 1246 0 1247 0 1248 0 1249 0 1250 0 1251 0 1252 0 1253 0 1254 0 1255 0 1256 0 1257 0 1258 0 1259 0 1260 0 1261 0 1262 0 1263 0 1264 0 1265 0 1266 0 1267 0 1268 0 1269 0 1270 0 1271 0 1272 0 1273 0 1274 0 1275 0 1276 0 1277 0 1278 0 1279 0 1280 0 1281 0 1282 0 1283 0 1284 0 1285 0 1286 0 1287 0 1288 0 1289 0 1290 0 1291 0 1292 0 1293 0 1294 0 1295 0 1296 0 1297 0 1298 0 1299 0 1300 0 1301 0 1302 0 1303 0 1304 0 1305 0 1306 0 1307 0 1308 0 1309 0 1310 0 1311 0 1312 0 1313 0 1314 0 1315 0 1316 0 1317 0 1318 0 1319 0 1320 0 1321 0 1322 0 1323 0 1324 0 1325 0 1326 0 1327 0 1328 0 1329 0 1330 0 1331 0 1332 0 1333 0 1334 0 1335 0 1336 0 1337 0 1338 0 1339 0 1340 0 1341 0 1342 0 1343 0 1344 0 1345 0 1346 0 1347 0 1348 0 1349 0 1350 0 1351 0 1352 0 1353 0 1354 0 1355 0 1356 0 1357 0 1358 0 1359 0 1360 0 1361 0 1362 0 1363 0 1364 0 1365 0 1366 0 1367 0 1368 0 1369 0 1370 0 1371 0 1372 0 1373 0 1374 0 1375 0 1376 0 1377 0 1378 0 1379 0 1380 0 1381 0 1382 0 1383 0 1384 0 1385 0 1386 0 1387 0 1388 0 1389 0 1390 0 1391 0 1392 0 1393 0 1394 0 1395 0 1396 0 1397 0 1398 0 1399 0 1400 0 1401 0 1402 0 1403 0 1404 0 1405 0 1406 0 1407 0 1408 0 1409 0 1410 0 1411 0 1412 0 1413 0 1414 0 1415 0 1416 0 1417 0 1418 0 1419 0 1420 0 1421 0 1422 0 1423 0 1424 0 1425 0 1426 0 1427 0 1428 0 1429 0 1430 0 1431 0 1432 0 1433 0 1434 0 1435 0 1436 0 1437 0 1438 0 1439 0 1440 0 1441 0 1442 0 1443 0 1444 0 1445 0 1446 0 1447 0 1448 0 1449 0 1450 0 1451 0 1452 0 1453 0 1454 0 1455 0 1456 0 1457 0 1458 0 1459 0 1460 0 1461 0 1462 0 1463 0 1464 0 1465 0 1466 0 1467 0 1468 0 1469 0 1470 0 1471 0 1472 0 1473 0 1474 0 1475 0 1476 0 1477 0 1478 0 1479 0 1480 0 1481 0 1482 0 1483 0 1484 0 1485 0 1486 0 1487 0 1488 0 1489 0 1490 0 1491 0 1492 0 1493 0 1494 0 1495 0 1496 0 1497 0 1498 0 1499 0 1500 0 1501 0 1502 0 1503 0 1504 0 1505 0 1506 0 1507 0 1508 0 1509 0 1510 0 1511 0 1512 0 1513 0 1514 0 1515 0 1516 0 1517 0 1518 0 1519 0 1520 0 1521 0 1522 0 1523 0 1524 0 1525 0 1526 0 1527 0 1528 0 1529 0 1530 0 1531 0 1532 0 1533 0 1534 0 1535 0 1536 0 1537 0 1538 0 1539 0 1540 0 1541 0 1542 0 1543 0 1544 0 1545 0 1546 0 1547 0 1548 0 1549 0 1550 0 1551 0 1552 0 1553 0 1554 0 1555 0 1556 0 1557 0 1558 0 1559 0 1560 0 1561 0 1562 0 1563 0 1564 0 1565 0 1566 0 1567 0 1568 0 1569 0 1570 0 1571 0 1572 0 1573 0 1574 0 1575 0 1576 0 1577 0 1578 0 1579 0 1580 0 1581 0 1582 0 1583 0 1584 0 1585 0 1586 0 1587 0 1588 0 1589 0 1590 0 1591 0 1592 0 1593 0 1594 0 1595 0 1596 0 1597 0 1598 0 1599 0 1600 0 1601 0 1602 0 1603 0 1604 0 1605 0 1606 0 1607 0 1608 0 1609 0 1610 0 1611 0 1612 0 1613 0 1614 0 1615 0 1616 0 1617 0 1618 0 1619 0 1620 0 1621 0 1622 0 1623 0 1624 0 1625 0 1626 0 1627 0 1628 0 1629 0 1630 0 1631 0 1632 0 1633 0 1634 0 1635 0 1636 0 1637 0 1638 0 1639 0 1640 0 1641 0 1642 0 1643 0 1644 0 1645 0 1646 0 1647 0 1648 0 1649 0 1650 0 1651 0 1652 0 1653 0 1654 0 1655 0 1656 0 1657 0 1658 0 1659 0 1660 0 1661 0 1662 0 1663 0 1664 0 1665 0 1666 0 1667 0 1668 0 1669 0 1670 0 1671 0 1672 0 1673 0 1674 0 1675 0 1676 0 1677 0 1678 0 1679 0 1680 0 1681 0 1682 0 1683 0 1684 0 1685 0 1686 0 1687 0 1688 0 1689 0 1690 0 1691 0 1692 0 1693 0 1694 0 1695 0 1696 0 1697 0 1698 0 1699 0 1700 0 1701 0 1702 0 1703 0 1704 0 1705 0 1706 0 1707 0 1708 0 1709 0 1710 0 1711 0 1712 0 1713 0 1714 0 1715 0 1716 0 1717 0 1718 0 1719 0 1720 0 1721 0 1722 0 1723 0 1724 0 1725 0 1726 0 1727 0 1728 0 1729 0 1730 0 1731 0 1732 0 1733 0 1734 0 1735 0 1736 0 1737 0 1738 0 1739 0 1740 0 1741 0 1742 0 1743 0 1744 0 1745 0 1746 0 1747 0 1748 0 1749 0 1750 0 1751 0 1752 0 1753 0 1754 0 1755 0 1756 0 1757 0 1758 0 1759 0 1760 0 1761 0 1762 0 1763 0 1764 0 1765 0 1766 0 1767 0 1768 0 1769 0 1770 0 1771 0 1772 0 1773 0 1774 0 1775 0 1776 0 1777 0 1778 0 1779 0 1780 0 1781 0 1782 0 1783 0 1784 0 1785 0 1786 0 1787 0 1788 0 1789 0 1790 0 1791 0 1792 0 1793 0 1794 0 1795 0 1796 0 1797 0 1798 0 1799 0 1800 0 1801 0 1802 0 1803 0 1804 0 1805 0 1806 0 1807 0 1808 0 1809 0 1810 0 1811 0 1812 0 1813 0 1814 0 1815 0 1816 0 1817 0 1818 0 1819 0 1820 0 1821 0 1822 0 1823 0 1824 0 1825 0 1826 0 1827 0 1828 0 1829 0 1830 0 1831 0 1832 0 1833 0 1834 0 1835 0 1836 0 1837 0 1838 0 1839 0 1840 0 1841 0 1842 0 1843 0 1844 0 1845 0 1846 0 1847 0 1848 0 1849 0 1850 0 1851 0 1852 0 1853 0 1854 0 1855 0 1856 0 1857 0 1858 0 1859 0 1860 0 1861 0 1862 0 1863 0 1864 0 1865 0 1866 0 1867 0 1868 0 1869 0 1870 0 1871 0 1872 0 1873 0 1874 0 1875 0 1876 0 1877 0 1878 0 1879 0 1880 0 1881 0 1882 0 1883 0 1884 0 1885 0 1886 0 1887 0 1888 0 1889 0 1890 0 1891 0 1892 0 1893 0 1894 0 1895 0 1896 0 1897 0 1898 0 1899 0 1900 0 1901 0 1902 0 1903 0 1904 0 1905 0 1906 0 1907 0 1908 0 1909 0 1910 0 1911 0 1912 0 1913 0 1914 0 1915 0 1916 0 1917 0 1918 0 1919 0 1920 0 1921 0 1922 0 1923 0 1924 0 1925 0 1926 0 1927 0 1928 0 1929 0 1930 0 1931 0 1932 0 1933 0 1934 0 1935 0 1936 0 1937 0 1938 0 1939 0 1940 0 1941 0 1942 0 1943 0 1944 0 1945 0 1946 0 1947 0 1948 0 1949 0 1950 0 1951 0 1952 0 1953 0 1954 0 1955 0 1956 0 1957 0 1958 0 1959 0 1960 0 1961 0 1962 0 1963 0 1964 0 1965 0 1966 0 1967 0 1968 0 1969 0 1970 0 1971 0 1972 0 1973 0 1974 0 1975 0 1976 0 1977 0 1978 0 1979 0 1980 0 1981 0 1982 0 1983 0 1984 0 1985 0 1986 0 1987 0 1988 0 1989 0 1990 0 1991 0 1992 0 1993 0 1994 0 1995 0 1996 0 1997 0 1998 0 1999 0 2000 0 2001 0 2002 0 2003 0 2004 0 2005 0 2006 0 2007 0 2008 0 2009 0 2010 0 2011 0 2012 0 2013 0 2014 0 2015 0 2016 0 2017 0 2018 0 2019 0 2020 0 2021 0 2022 0 2023 0 2024 0 2025 0 2026 0 2027 0 2028 0 2029 0 2030 0 2031 0 2032 0 2033 0 2034 0 2035 0 2036 0 2037 0 2038 0 2039 0 2040 0 2041 0 2042 0 2043 0 2044 0 2045 0 2046 0 2047 0 2048 0 2049 0 2050 0 2051 0 2052 0 2053 0 2054 0 2055 0 2056 0 2057 0 2058 0 2059 0 2060 0 2061 0 2062 0 2063 0 2064 0 2065 0 2066 0 2067 0 2068 0 2069 0 2070 0 2071 0 2072 0 2073 0 2074 0 2075 0 2076 0 2077 0 2078 0 2079 0 2080 0 2081 0 2082 0 2083 0 2084 0 2085 0 2086 0 2087 0 2088 0 2089 0 2090 0 2091 0 2092 0 2093 0 2094 0 2095 0 2096 0 2097 0 2098 0 2099 0 2100 0 2101 0 2102 0 2103</v>
        </vertex_weights>
      </skin>
    </controller>
  </library_controllers>
  <library_visual_scenes>
    <visual_scene id="Scene" name="Scene">
      <node id="xsky_obj_timering" name="xsky_obj_timering" type="NODE">
        <matrix sid="transform">1 0 0 0 0 -1.62921e-7 -1 0 0 1 -1.62921e-7 0 0 0 0 1</matrix>
        <node id="xsky_obj_timering_Reference" name="Reference" sid="Reference" type="JOINT">
          <matrix sid="transform">1 0 0 0 0 1 0 0 0 0 1 0 0 0 0 1</matrix>
          <node id="xsky_obj_timering_Body" name="Body" sid="Body" type="JOINT">
            <matrix sid="transform">1 0 0 0 0 1 0 -0.24 0 0 1 -1.05013e-8 0 0 0 1</matrix>
            <node id="xsky_obj_timering_Clockhand" name="Clockhand" sid="Clockhand" type="JOINT">
              <matrix sid="transform">9.58443e-5 -1 0 -6.95347e-13 1 9.58258e-5 0 0 0 0 1 0.234498 0 0 0 1</matrix>
              <extra>
                <technique profile="blender">
                  <layer sid="layer" type="string">0</layer>
                  <tip_x sid="tip_x" type="float">-0.234498</tip_x>
                  <tip_y sid="tip_y" type="float">2.2471e-5</tip_y>
                  <tip_z sid="tip_z" type="float">0</tip_z>
                </technique>
              </extra>
            </node>
            <extra>
              <technique profile="blender">
                <layer sid="layer" type="string">0</layer>
                <tip_x sid="tip_x" type="float">0</tip_x>
                <tip_y sid="tip_y" type="float">0.234498</tip_y>
                <tip_z sid="tip_z" type="float">0</tip_z>
              </technique>
            </extra>
          </node>
          <extra>
            <technique profile="blender">
              <layer sid="layer" type="string">0</layer>
              <tip_x sid="tip_x" type="float">0</tip_x>
              <tip_y sid="tip_y" type="float">0.24</tip_y>
              <tip_z sid="tip_z" type="float">0</tip_z>
            </technique>
          </extra>
        </node>
        <node id="xsky_obj_timering_ring" name="ring" sid="ring" type="JOINT">
          <matrix sid="transform">1 0 0 0 0 9.58006e-5 -1 0 0 1 9.58443e-5 0 0 0 0 1</matrix>
          <extra>
            <technique profile="blender">
              <layer sid="layer" type="string">0</layer>
              <tip_x sid="tip_x" type="float">0</tip_x>
              <tip_y sid="tip_y" type="float">9.58006e-5</tip_y>
              <tip_z sid="tip_z" type="float">1</tip_z>
            </technique>
          </extra>
        </node>
        <node id="xsky_obj_timering_edge" name="edge" sid="edge" type="JOINT">
          <matrix sid="transform">1 0 0 0 0 1 0 0 0 0 1 0 0 0 0 1</matrix>
          <extra>
            <technique profile="blender">
              <layer sid="layer" type="string">0</layer>
              <tip_x sid="tip_x" type="float">0</tip_x>
              <tip_y sid="tip_y" type="float">1</tip_y>
              <tip_z sid="tip_z" type="float">0</tip_z>
            </technique>
          </extra>
        </node>
        <node id="xsky_obj_timering_001" name="xsky_obj_timering.001" type="NODE">
          <matrix sid="transform">1 0 0 0 0 1 0 0 0 0 1 0 0 0 0 1</matrix>
          <instance_controller url="#xsky_obj_timering_xsky_obj_timering_001-skin">
            <skeleton>#xsky_obj_timering_Reference</skeleton>
            <skeleton>#xsky_obj_timering_ring</skeleton>
            <skeleton>#xsky_obj_timering_edge</skeleton>
            <bind_material>
              <technique_common>
                <instance_material symbol="xsky_obj_timering_ring-material" target="#xsky_obj_timering_ring-material">
                  <bind_vertex_input semantic="UVChannel_1" input_semantic="TEXCOORD" input_set="0"/>
                  <bind_vertex_input semantic="UVChannel_2" input_semantic="TEXCOORD" input_set="1"/>
                </instance_material>
                <instance_material symbol="xsky_obj_timering_clock-material" target="#xsky_obj_timering_clock-material">
                  <bind_vertex_input semantic="UVChannel_1" input_semantic="TEXCOORD" input_set="0"/>
                  <bind_vertex_input semantic="UVChannel_2" input_semantic="TEXCOORD" input_set="1"/>
                </instance_material>
                <instance_material symbol="xsky_obj_timering_hand-material" target="#xsky_obj_timering_hand-material">
                  <bind_vertex_input semantic="UVChannel_1" input_semantic="TEXCOORD" input_set="0"/>
                  <bind_vertex_input semantic="UVChannel_2" input_semantic="TEXCOORD" input_set="1"/>
                </instance_material>
                <instance_material symbol="xsky_obj_timering_edge-material" target="#xsky_obj_timering_edge-material">
                  <bind_vertex_input semantic="UVChannel_1" input_semantic="TEXCOORD" input_set="0"/>
                  <bind_vertex_input semantic="UVChannel_2" input_semantic="TEXCOORD" input_set="1"/>
                </instance_material>
                <instance_material symbol="xsky_obj_timering_board-material" target="#xsky_obj_timering_board-material">
                  <bind_vertex_input semantic="UVChannel_1" input_semantic="TEXCOORD" input_set="0"/>
                  <bind_vertex_input semantic="UVChannel_2" input_semantic="TEXCOORD" input_set="1"/>
                </instance_material>
              </technique_common>
            </bind_material>
          </instance_controller>
        </node>
      </node>
    </visual_scene>
  </library_visual_scenes>
  <scene>
    <instance_visual_scene url="#Scene"/>
  </scene>
</COLLADA>